ISO-10303-21;
HEADER;
/* Generated by software containing ST-Developer
 * from STEP Tools, Inc. (www.steptools.com) 
 */

FILE_DESCRIPTION(
/* description */ ('',
'CAx-IF Rec.Pracs.---Representation and Presentation of Product Manufa
cturing Information (PMI)---4.0---2014-10-13'),
/* implementation_level */ '2;1');

FILE_NAME(
/* name */ '',
/* time_stamp */ '2026-02-23T21:23:08+09:00',
/* author */ ('highp'),
/* organization */ (''),
/* preprocessor_version */ 'ST-DEVELOPER v20',
/* originating_system */ 'Autodesk Inventor 2025',
/* authorisation */ '');

FILE_SCHEMA (('AP242_MANAGED_MODEL_BASED_3D_ENGINEERING_MIM_LF { 1 0 10303 442 1 1 4 }'));
ENDSEC;

DATA;
#10=MECHANICAL_DESIGN_AND_DRAUGHTING_RELATIONSHIP('\X2\B4F1AC01D22CC601\X0\',
'',#26,#27);
#11=MECHANICAL_DESIGN_AND_DRAUGHTING_RELATIONSHIP('\X2\C815BA74\X0\','',
#28,#27);
#12=MECHANICAL_DESIGN_AND_DRAUGHTING_RELATIONSHIP('\X2\D3C9BA74\X0\','',
#29,#27);
#13=MECHANICAL_DESIGN_AND_DRAUGHTING_RELATIONSHIP('\X2\C6B0CE21BA74\X0\',
'',#30,#27);
#14=MECHANICAL_DESIGN_AND_DRAUGHTING_RELATIONSHIP('\X2\B4F1AC01D22CC601\X0\',
'',#31,#32);
#15=MECHANICAL_DESIGN_AND_DRAUGHTING_RELATIONSHIP('\X2\C815BA74\X0\','',
#33,#32);
#16=MECHANICAL_DESIGN_AND_DRAUGHTING_RELATIONSHIP('\X2\D3C9BA74\X0\','',
#34,#32);
#17=MECHANICAL_DESIGN_AND_DRAUGHTING_RELATIONSHIP('\X2\C6B0CE21BA74\X0\',
'',#35,#32);
#18=MECHANICAL_DESIGN_AND_DRAUGHTING_RELATIONSHIP('\X2\B4F1AC01D22CC601\X0\',
'',#36,#37);
#19=MECHANICAL_DESIGN_AND_DRAUGHTING_RELATIONSHIP('\X2\C815BA74\X0\','',
#38,#37);
#20=MECHANICAL_DESIGN_AND_DRAUGHTING_RELATIONSHIP('\X2\D3C9BA74\X0\','',
#39,#37);
#21=MECHANICAL_DESIGN_AND_DRAUGHTING_RELATIONSHIP('\X2\C6B0CE21BA74\X0\',
'',#40,#37);
#22=MECHANICAL_DESIGN_AND_DRAUGHTING_RELATIONSHIP('[1\X2\CC28\X0\]1','',
#41,#42);
#23=ADVANCED_BREP_SHAPE_REPRESENTATION('\X2\B4F1AC01D22CC601\X0\',(#308),
#10200);
#24=ADVANCED_BREP_SHAPE_REPRESENTATION('\X2\B4F1AC01D22CC601\X0\',(#309),
#10202);
#25=ADVANCED_BREP_SHAPE_REPRESENTATION('[1\X2\CC28\X0\]1',(#310),#10204);
#26=DRAUGHTING_MODEL('\X2\B4F1AC01D22CC601\X0\',(#50,#242),#10200);
#27=DRAUGHTING_MODEL('',(#51,#3814),#10200);
#28=DRAUGHTING_MODEL('\X2\C815BA74\X0\',(#52,#243),#10200);
#29=DRAUGHTING_MODEL('\X2\D3C9BA74\X0\',(#53,#244),#10200);
#30=DRAUGHTING_MODEL('\X2\C6B0CE21BA74\X0\',(#54,#245),#10200);
#31=DRAUGHTING_MODEL('\X2\B4F1AC01D22CC601\X0\',(#55,#246),#10202);
#32=DRAUGHTING_MODEL('',(#56,#3819),#10202);
#33=DRAUGHTING_MODEL('\X2\C815BA74\X0\',(#57,#247),#10202);
#34=DRAUGHTING_MODEL('\X2\D3C9BA74\X0\',(#58,#248),#10202);
#35=DRAUGHTING_MODEL('\X2\C6B0CE21BA74\X0\',(#59,#249),#10202);
#36=DRAUGHTING_MODEL('\X2\B4F1AC01D22CC601\X0\',(#60,#250),#10203);
#37=DRAUGHTING_MODEL('',(#61,#3824),#10203);
#38=DRAUGHTING_MODEL('\X2\C815BA74\X0\',(#62,#251),#10203);
#39=DRAUGHTING_MODEL('\X2\D3C9BA74\X0\',(#63,#252),#10203);
#40=DRAUGHTING_MODEL('\X2\C6B0CE21BA74\X0\',(#64,#253),#10203);
#41=DRAUGHTING_MODEL('[1\X2\CC28\X0\]1',(#65,#254),#10204);
#42=DRAUGHTING_MODEL('',(#66,#3829),#10204);
#43=MECHANICAL_DESIGN_GEOMETRIC_PRESENTATION_REPRESENTATION('',(#281,#282,
#283,#284,#285,#286,#287,#288,#289,#290,#291,#292,#293,#294,#295,#296,#297,
#298,#299,#300,#301,#302,#303),#10205);
#44=APPLIED_GROUP_ASSIGNMENT(#45,(#134,#135,#136,#137,#138));
#45=GROUP('\X2\BCF5D569\X0\1',$);
#46=INVISIBILITY((#47,#48));
#47=CONTEXT_DEPENDENT_OVER_RIDING_STYLED_ITEM('',(#3388),#10235,#303,(#106,
#103));
#48=CONTEXT_DEPENDENT_OVER_RIDING_STYLED_ITEM('',(#3389),#10235,#303,(#106,
#104));
#49=MAPPED_ITEM('',#67,#3812);
#50=MAPPED_ITEM('',#68,#3813);
#51=MAPPED_ITEM('',#69,#3814);
#52=MAPPED_ITEM('',#70,#3815);
#53=MAPPED_ITEM('',#71,#3816);
#54=MAPPED_ITEM('',#72,#3817);
#55=MAPPED_ITEM('',#73,#3818);
#56=MAPPED_ITEM('',#74,#3819);
#57=MAPPED_ITEM('',#75,#3820);
#58=MAPPED_ITEM('',#76,#3821);
#59=MAPPED_ITEM('',#77,#3822);
#60=MAPPED_ITEM('',#78,#3823);
#61=MAPPED_ITEM('',#79,#3824);
#62=MAPPED_ITEM('',#80,#3825);
#63=MAPPED_ITEM('',#81,#3826);
#64=MAPPED_ITEM('',#82,#3827);
#65=MAPPED_ITEM('',#83,#3828);
#66=MAPPED_ITEM('',#84,#3829);
#67=REPRESENTATION_MAP(#3812,#10231);
#68=REPRESENTATION_MAP(#3813,#23);
#69=REPRESENTATION_MAP(#3814,#10232);
#70=REPRESENTATION_MAP(#3815,#23);
#71=REPRESENTATION_MAP(#3816,#23);
#72=REPRESENTATION_MAP(#3817,#23);
#73=REPRESENTATION_MAP(#3818,#24);
#74=REPRESENTATION_MAP(#3819,#10234);
#75=REPRESENTATION_MAP(#3820,#24);
#76=REPRESENTATION_MAP(#3821,#24);
#77=REPRESENTATION_MAP(#3822,#24);
#78=REPRESENTATION_MAP(#3823,#10237);
#79=REPRESENTATION_MAP(#3824,#10235);
#80=REPRESENTATION_MAP(#3825,#10237);
#81=REPRESENTATION_MAP(#3826,#10237);
#82=REPRESENTATION_MAP(#3827,#10237);
#83=REPRESENTATION_MAP(#3828,#25);
#84=REPRESENTATION_MAP(#3829,#10236);
#85=(
BOUNDED_CURVE()
B_SPLINE_CURVE(2,(#10125,#10126,#10127),.UNSPECIFIED.,.F.,.F.)
B_SPLINE_CURVE_WITH_KNOTS((3,3),(0.,0.116843613807792),.UNSPECIFIED.)
CURVE()
GEOMETRIC_REPRESENTATION_ITEM()
RATIONAL_B_SPLINE_CURVE((1.,1.15470053837925,1.))
REPRESENTATION_ITEM('')
);
#86=(
BOUNDED_CURVE()
B_SPLINE_CURVE(2,(#10132,#10133,#10134),.UNSPECIFIED.,.F.,.F.)
B_SPLINE_CURVE_WITH_KNOTS((3,3),(0.,0.116843613807792),.UNSPECIFIED.)
CURVE()
GEOMETRIC_REPRESENTATION_ITEM()
RATIONAL_B_SPLINE_CURVE((1.,1.15470053837925,1.))
REPRESENTATION_ITEM('')
);
#87=(
BOUNDED_CURVE()
B_SPLINE_CURVE(2,(#10138,#10139,#10140),.UNSPECIFIED.,.F.,.F.)
B_SPLINE_CURVE_WITH_KNOTS((3,3),(0.,0.116843613807792),.UNSPECIFIED.)
CURVE()
GEOMETRIC_REPRESENTATION_ITEM()
RATIONAL_B_SPLINE_CURVE((1.,1.15470053837925,1.))
REPRESENTATION_ITEM('')
);
#88=(
BOUNDED_CURVE()
B_SPLINE_CURVE(2,(#10144,#10145,#10146),.UNSPECIFIED.,.F.,.F.)
B_SPLINE_CURVE_WITH_KNOTS((3,3),(0.,0.116843613807792),.UNSPECIFIED.)
CURVE()
GEOMETRIC_REPRESENTATION_ITEM()
RATIONAL_B_SPLINE_CURVE((1.,1.15470053837925,1.))
REPRESENTATION_ITEM('')
);
#89=(
BOUNDED_CURVE()
B_SPLINE_CURVE(2,(#10150,#10151,#10152),.UNSPECIFIED.,.F.,.F.)
B_SPLINE_CURVE_WITH_KNOTS((3,3),(0.337018236305715,0.50509525491632),
 .UNSPECIFIED.)
CURVE()
GEOMETRIC_REPRESENTATION_ITEM()
RATIONAL_B_SPLINE_CURVE((2.63984905767848,2.84404209290989,2.84404209290989))
REPRESENTATION_ITEM('')
);
#90=(
BOUNDED_CURVE()
B_SPLINE_CURVE(2,(#10155,#10156,#10157),.UNSPECIFIED.,.F.,.F.)
B_SPLINE_CURVE_WITH_KNOTS((3,3),(0.50509525491632,0.673172273526925),
 .UNSPECIFIED.)
CURVE()
GEOMETRIC_REPRESENTATION_ITEM()
RATIONAL_B_SPLINE_CURVE((2.84404209290989,2.84404209290989,2.63984905767848))
REPRESENTATION_ITEM('')
);
#91=(
BOUNDED_CURVE()
B_SPLINE_CURVE(2,(#10159,#10160,#10161),.UNSPECIFIED.,.F.,.F.)
B_SPLINE_CURVE_WITH_KNOTS((3,3),(0.,0.116843613807792),.UNSPECIFIED.)
CURVE()
GEOMETRIC_REPRESENTATION_ITEM()
RATIONAL_B_SPLINE_CURVE((1.,1.15470053837925,1.))
REPRESENTATION_ITEM('')
);
#92=TOROIDAL_SURFACE('',#3778,1.6,0.1);
#93=ITEM_DEFINED_TRANSFORMATION($,$,#3557,#3774);
#94=ITEM_DEFINED_TRANSFORMATION($,$,#3760,#3775);
#95=ITEM_DEFINED_TRANSFORMATION($,$,#3760,#3776);
#96=ITEM_DEFINED_TRANSFORMATION($,$,#3503,#3806);
#97=ITEM_DEFINED_TRANSFORMATION($,$,#3556,#3807);
#98=ITEM_DEFINED_TRANSFORMATION($,$,#3777,#3808);
#99=ITEM_DEFINED_TRANSFORMATION($,$,#3777,#3809);
#100=ITEM_DEFINED_TRANSFORMATION($,$,#3777,#3810);
#101=ITEM_DEFINED_TRANSFORMATION($,$,#3777,#3811);
#102=(
REPRESENTATION_RELATIONSHIP($,$,#10234,#10233)
REPRESENTATION_RELATIONSHIP_WITH_TRANSFORMATION(#93)
SHAPE_REPRESENTATION_RELATIONSHIP()
);
#103=(
REPRESENTATION_RELATIONSHIP($,$,#10235,#10233)
REPRESENTATION_RELATIONSHIP_WITH_TRANSFORMATION(#94)
SHAPE_REPRESENTATION_RELATIONSHIP()
);
#104=(
REPRESENTATION_RELATIONSHIP($,$,#10235,#10233)
REPRESENTATION_RELATIONSHIP_WITH_TRANSFORMATION(#95)
SHAPE_REPRESENTATION_RELATIONSHIP()
);
#105=(
REPRESENTATION_RELATIONSHIP($,$,#10232,#10231)
REPRESENTATION_RELATIONSHIP_WITH_TRANSFORMATION(#96)
SHAPE_REPRESENTATION_RELATIONSHIP()
);
#106=(
REPRESENTATION_RELATIONSHIP($,$,#10233,#10231)
REPRESENTATION_RELATIONSHIP_WITH_TRANSFORMATION(#97)
SHAPE_REPRESENTATION_RELATIONSHIP()
);
#107=(
REPRESENTATION_RELATIONSHIP($,$,#10236,#10231)
REPRESENTATION_RELATIONSHIP_WITH_TRANSFORMATION(#98)
SHAPE_REPRESENTATION_RELATIONSHIP()
);
#108=(
REPRESENTATION_RELATIONSHIP($,$,#10236,#10231)
REPRESENTATION_RELATIONSHIP_WITH_TRANSFORMATION(#99)
SHAPE_REPRESENTATION_RELATIONSHIP()
);
#109=(
REPRESENTATION_RELATIONSHIP($,$,#10236,#10231)
REPRESENTATION_RELATIONSHIP_WITH_TRANSFORMATION(#100)
SHAPE_REPRESENTATION_RELATIONSHIP()
);
#110=(
REPRESENTATION_RELATIONSHIP($,$,#10236,#10231)
REPRESENTATION_RELATIONSHIP_WITH_TRANSFORMATION(#101)
SHAPE_REPRESENTATION_RELATIONSHIP()
);
#111=CONTEXT_DEPENDENT_SHAPE_REPRESENTATION(#102,#10221);
#112=CONTEXT_DEPENDENT_SHAPE_REPRESENTATION(#103,#10222);
#113=CONTEXT_DEPENDENT_SHAPE_REPRESENTATION(#104,#10223);
#114=CONTEXT_DEPENDENT_SHAPE_REPRESENTATION(#105,#10225);
#115=CONTEXT_DEPENDENT_SHAPE_REPRESENTATION(#106,#10226);
#116=CONTEXT_DEPENDENT_SHAPE_REPRESENTATION(#107,#10227);
#117=CONTEXT_DEPENDENT_SHAPE_REPRESENTATION(#108,#10228);
#118=CONTEXT_DEPENDENT_SHAPE_REPRESENTATION(#109,#10229);
#119=CONTEXT_DEPENDENT_SHAPE_REPRESENTATION(#110,#10230);
#120=NEXT_ASSEMBLY_USAGE_OCCURRENCE('D405_Solid:1','D405_Solid:1',
'D405_Solid:1',#10241,#10242,'D405_Solid:1');
#121=NEXT_ASSEMBLY_USAGE_OCCURRENCE('D405_FOV:1','D405_FOV:1',
'D405_FOV:1',#10241,#10243,'D405_FOV:1');
#122=NEXT_ASSEMBLY_USAGE_OCCURRENCE('D405_FOV:2','D405_FOV:2',
'D405_FOV:2',#10241,#10243,'D405_FOV:2');
#123=NEXT_ASSEMBLY_USAGE_OCCURRENCE('\X2\CE74BA54B77CBE0CB77CCF13\X0\_
\X2\ACE0C18DD615\X0\:1','\X2\CE74BA54B77CBE0CB77CCF13\X0\_\X2\ACE0C18DD615\X0\:
1','\X2\CE74BA54B77CBE0CB77CCF13\X0\_\X2\ACE0C18DD615\X0\:1',#10239,#10240,
'\X2\CE74BA54B77CBE0CB77CCF13\X0\_\X2\ACE0C18DD615\X0\:1');
#124=NEXT_ASSEMBLY_USAGE_OCCURRENCE('D405:1','D405:1','D405:1',#10239,#10241,
'D405:1');
#125=NEXT_ASSEMBLY_USAGE_OCCURRENCE(
'\X2\B465ADFCBA38B9AC\X0\ \X2\B80CCE58BCFCD2B8\X0\ M3-L6, \X2\D751CC29C0C9\X0\:
1','\X2\B465ADFCBA38B9AC\X0\ \X2\B80CCE58BCFCD2B8\X0\ M3-L6, \X2\D751CC29C0C9\X0\:
1','\X2\B465ADFCBA38B9AC\X0\ \X2\B80CCE58BCFCD2B8\X0\ M3-L6, \X2\D751CC29C0C9\X0\:
1',#10239,#10244,'\X2\B465ADFCBA38B9AC\X0\ \X2\B80CCE58BCFCD2B8\X0\ M3
-L6, \X2\D751CC29C0C9\X0\:1');
#126=NEXT_ASSEMBLY_USAGE_OCCURRENCE(
'\X2\B465ADFCBA38B9AC\X0\ \X2\B80CCE58BCFCD2B8\X0\ M3-L6, \X2\D751CC29C0C9\X0\:
2','\X2\B465ADFCBA38B9AC\X0\ \X2\B80CCE58BCFCD2B8\X0\ M3-L6, \X2\D751CC29C0C9\X0\:
2','\X2\B465ADFCBA38B9AC\X0\ \X2\B80CCE58BCFCD2B8\X0\ M3-L6, \X2\D751CC29C0C9\X0\:
2',#10239,#10244,'\X2\B465ADFCBA38B9AC\X0\ \X2\B80CCE58BCFCD2B8\X0\ M3
-L6, \X2\D751CC29C0C9\X0\:2');
#127=NEXT_ASSEMBLY_USAGE_OCCURRENCE(
'\X2\B465ADFCBA38B9AC\X0\ \X2\B80CCE58BCFCD2B8\X0\ M3-L6, \X2\D751CC29C0C9\X0\:
3','\X2\B465ADFCBA38B9AC\X0\ \X2\B80CCE58BCFCD2B8\X0\ M3-L6, \X2\D751CC29C0C9\X0\:
3','\X2\B465ADFCBA38B9AC\X0\ \X2\B80CCE58BCFCD2B8\X0\ M3-L6, \X2\D751CC29C0C9\X0\:
3',#10239,#10244,'\X2\B465ADFCBA38B9AC\X0\ \X2\B80CCE58BCFCD2B8\X0\ M3
-L6, \X2\D751CC29C0C9\X0\:3');
#128=NEXT_ASSEMBLY_USAGE_OCCURRENCE(
'\X2\B465ADFCBA38B9AC\X0\ \X2\B80CCE58BCFCD2B8\X0\ M3-L6, \X2\D751CC29C0C9\X0\:
5','\X2\B465ADFCBA38B9AC\X0\ \X2\B80CCE58BCFCD2B8\X0\ M3-L6, \X2\D751CC29C0C9\X0\:
5','\X2\B465ADFCBA38B9AC\X0\ \X2\B80CCE58BCFCD2B8\X0\ M3-L6, \X2\D751CC29C0C9\X0\:
5',#10239,#10244,'\X2\B465ADFCBA38B9AC\X0\ \X2\B80CCE58BCFCD2B8\X0\ M3
-L6, \X2\D751CC29C0C9\X0\:5');
#129=OPEN_SHELL('',(#3307));
#130=OPEN_SHELL('',(#3308));
#131=OPEN_SHELL('',(#3309));
#132=OPEN_SHELL('',(#3310));
#133=OPEN_SHELL('',(#3311));
#134=SHELL_BASED_SURFACE_MODEL('Srf1',(#129));
#135=SHELL_BASED_SURFACE_MODEL('Srf1',(#130));
#136=SHELL_BASED_SURFACE_MODEL('Srf1',(#131));
#137=SHELL_BASED_SURFACE_MODEL('Srf1',(#132));
#138=SHELL_BASED_SURFACE_MODEL('Srf1',(#133));
#139=CONICAL_SURFACE('',#3659,3.67500000000437,0.785398163397448);
#140=CONICAL_SURFACE('',#3661,1.59999999991439,0.785398163397448);
#141=CONICAL_SURFACE('',#3664,1.59999999986521,0.785398163397448);
#142=CONICAL_SURFACE('',#3667,1.59999999992206,0.785398163397448);
#143=CONICAL_SURFACE('',#3670,1.09999999990784,0.785398163539556);
#144=CONICAL_SURFACE('',#3673,1.09999999993797,0.785398163397448);
#145=CONICAL_SURFACE('',#3676,1.01999999998992,0.785398163397448);
#146=CONICAL_SURFACE('',#3678,1.01999999998992,0.785398163397448);
#147=CONICAL_SURFACE('',#3788,1.3466375,0.785398163397449);
#148=CONICAL_SURFACE('',#3803,0.577350269189626,1.0471975511966);
#149=(
BOUNDED_SURFACE()
B_SPLINE_SURFACE(3,2,((#5729,#5730,#5731),(#5732,#5733,#5734),(#5735,#5736,
#5737),(#5738,#5739,#5740),(#5741,#5742,#5743),(#5744,#5745,#5746),(#5747,
#5748,#5749),(#5750,#5751,#5752),(#5753,#5754,#5755),(#5756,#5757,#5758),
(#5759,#5760,#5761),(#5762,#5763,#5764),(#5765,#5766,#5767),(#5768,#5769,
#5770),(#5771,#5772,#5773),(#5774,#5775,#5776),(#5777,#5778,#5779),(#5780,
#5781,#5782),(#5783,#5784,#5785),(#5786,#5787,#5788),(#5789,#5790,#5791),
(#5792,#5793,#5794),(#5795,#5796,#5797),(#5798,#5799,#5800)),
 .UNSPECIFIED.,.F.,.F.,.F.)
B_SPLINE_SURFACE_WITH_KNOTS((4,2,2,2,2,2,2,2,2,2,2,4),(3,3),(0.,0.00158300350425179,
0.00316600700850359,0.00395750876062948,0.00474901051275537,0.00554051226488127,
0.00633201401700717,0.00791501752125896,0.00949802102551075,0.0102895227776366,
0.0110810245297625,0.0126640280340143),(0.,1.),.UNSPECIFIED.)
GEOMETRIC_REPRESENTATION_ITEM()
RATIONAL_B_SPLINE_SURFACE(((1.,0.707106781186553,1.),(1.,0.707106781186553,
1.),(1.,0.707106781186553,1.),(1.,0.707106781186553,1.),(1.,0.707106781186553,
1.),(1.,0.707106781186553,1.),(1.,0.707106781186553,1.),(1.,0.707106781186553,
1.),(1.,0.707106781186553,1.),(1.,0.707106781186553,1.),(1.,0.707106781186553,
1.),(1.,0.707106781186553,1.),(1.,0.707106781186553,1.),(1.,0.707106781186553,
1.),(1.,0.707106781186553,1.),(1.,0.707106781186553,1.),(1.,0.707106781186553,
1.),(1.,0.707106781186553,1.),(1.,0.707106781186553,1.),(1.,0.707106781186553,
1.),(1.,0.707106781186552,1.),(1.,0.707106781186552,1.),(1.,0.707106781186546,
1.),(1.,0.707106781186546,1.)))
REPRESENTATION_ITEM('')
SURFACE()
);
#150=(
BOUNDED_SURFACE()
B_SPLINE_SURFACE(3,2,((#5843,#5844,#5845),(#5846,#5847,#5848),(#5849,#5850,
#5851),(#5852,#5853,#5854),(#5855,#5856,#5857),(#5858,#5859,#5860),(#5861,
#5862,#5863),(#5864,#5865,#5866),(#5867,#5868,#5869),(#5870,#5871,#5872),
(#5873,#5874,#5875),(#5876,#5877,#5878),(#5879,#5880,#5881),(#5882,#5883,
#5884),(#5885,#5886,#5887),(#5888,#5889,#5890),(#5891,#5892,#5893),(#5894,
#5895,#5896),(#5897,#5898,#5899),(#5900,#5901,#5902),(#5903,#5904,#5905),
(#5906,#5907,#5908),(#5909,#5910,#5911),(#5912,#5913,#5914)),
 .UNSPECIFIED.,.F.,.F.,.F.)
B_SPLINE_SURFACE_WITH_KNOTS((4,2,2,2,2,2,2,2,2,2,2,4),(3,3),(0.,0.00158300350425179,
0.00316600700850359,0.00395750876062948,0.00474901051275537,0.00554051226488127,
0.00633201401700717,0.00791501752125896,0.00949802102551075,0.0102895227776366,
0.0110810245297625,0.0126640280340143),(0.,1.),.UNSPECIFIED.)
GEOMETRIC_REPRESENTATION_ITEM()
RATIONAL_B_SPLINE_SURFACE(((1.,0.70710678118654,1.),(1.,0.70710678118654,
1.),(1.,0.707106781186553,1.),(1.,0.707106781186553,1.),(1.,0.707106781186553,
1.),(1.,0.707106781186553,1.),(1.,0.707106781186553,1.),(1.,0.707106781186553,
1.),(1.,0.707106781186553,1.),(1.,0.707106781186553,1.),(1.,0.707106781186553,
1.),(1.,0.707106781186553,1.),(1.,0.707106781186553,1.),(1.,0.707106781186553,
1.),(1.,0.707106781186553,1.),(1.,0.707106781186553,1.),(1.,0.707106781186553,
1.),(1.,0.707106781186553,1.),(1.,0.707106781186553,1.),(1.,0.707106781186553,
1.),(1.,0.707106781186552,1.),(1.,0.707106781186552,1.),(1.,0.707106781186558,
1.),(1.,0.707106781186558,1.)))
REPRESENTATION_ITEM('')
SURFACE()
);
#151=(
BOUNDED_SURFACE()
B_SPLINE_SURFACE(3,2,((#5954,#5955,#5956),(#5957,#5958,#5959),(#5960,#5961,
#5962),(#5963,#5964,#5965),(#5966,#5967,#5968),(#5969,#5970,#5971),(#5972,
#5973,#5974),(#5975,#5976,#5977),(#5978,#5979,#5980),(#5981,#5982,#5983),
(#5984,#5985,#5986),(#5987,#5988,#5989),(#5990,#5991,#5992),(#5993,#5994,
#5995),(#5996,#5997,#5998),(#5999,#6000,#6001),(#6002,#6003,#6004),(#6005,
#6006,#6007),(#6008,#6009,#6010),(#6011,#6012,#6013),(#6014,#6015,#6016),
(#6017,#6018,#6019),(#6020,#6021,#6022),(#6023,#6024,#6025)),
 .UNSPECIFIED.,.F.,.F.,.F.)
B_SPLINE_SURFACE_WITH_KNOTS((4,2,2,2,2,2,2,2,2,2,2,4),(3,3),(0.,0.00158300350425179,
0.00316600700850358,0.00395750876062947,0.00474901051275537,0.00554051226488127,
0.00633201401700716,0.00791501752125895,0.00949802102551074,0.0102895227776366,
0.0110810245297625,0.0126640280340143),(0.,1.),.UNSPECIFIED.)
GEOMETRIC_REPRESENTATION_ITEM()
RATIONAL_B_SPLINE_SURFACE(((1.,0.707106781186553,1.),(1.,0.707106781186553,
1.),(1.,0.707106781186553,1.),(1.,0.707106781186553,1.),(1.,0.707106781186553,
1.),(1.,0.707106781186553,1.),(1.,0.707106781186553,1.),(1.,0.707106781186553,
1.),(1.,0.707106781186553,1.),(1.,0.707106781186553,1.),(1.,0.707106781186553,
1.),(1.,0.707106781186553,1.),(1.,0.707106781186553,1.),(1.,0.707106781186553,
1.),(1.,0.707106781186553,1.),(1.,0.707106781186553,1.),(1.,0.707106781186553,
1.),(1.,0.707106781186553,1.),(1.,0.707106781186552,1.),(1.,0.707106781186552,
1.),(1.,0.707106781186553,1.),(1.,0.707106781186553,1.),(1.,0.707106781186546,
1.),(1.,0.707106781186546,1.)))
REPRESENTATION_ITEM('')
SURFACE()
);
#152=(
BOUNDED_SURFACE()
B_SPLINE_SURFACE(3,2,((#6065,#6066,#6067),(#6068,#6069,#6070),(#6071,#6072,
#6073),(#6074,#6075,#6076),(#6077,#6078,#6079),(#6080,#6081,#6082),(#6083,
#6084,#6085),(#6086,#6087,#6088),(#6089,#6090,#6091),(#6092,#6093,#6094),
(#6095,#6096,#6097),(#6098,#6099,#6100),(#6101,#6102,#6103),(#6104,#6105,
#6106),(#6107,#6108,#6109),(#6110,#6111,#6112),(#6113,#6114,#6115),(#6116,
#6117,#6118),(#6119,#6120,#6121),(#6122,#6123,#6124),(#6125,#6126,#6127),
(#6128,#6129,#6130),(#6131,#6132,#6133),(#6134,#6135,#6136)),
 .UNSPECIFIED.,.F.,.F.,.F.)
B_SPLINE_SURFACE_WITH_KNOTS((4,2,2,2,2,2,2,2,2,2,2,4),(3,3),(0.,0.00158300350425178,
0.00316600700850356,0.00395750876062945,0.00474901051275534,0.00554051226488123,
0.00633201401700712,0.0079150175212589,0.00949802102551069,0.0102895227776366,
0.0110810245297625,0.0126640280340142),(0.,1.),.UNSPECIFIED.)
GEOMETRIC_REPRESENTATION_ITEM()
RATIONAL_B_SPLINE_SURFACE(((1.,0.70710678118654,1.),(1.,0.70710678118654,
1.),(1.,0.707106781186553,1.),(1.,0.707106781186553,1.),(1.,0.707106781186553,
1.),(1.,0.707106781186553,1.),(1.,0.707106781186553,1.),(1.,0.707106781186553,
1.),(1.,0.707106781186553,1.),(1.,0.707106781186553,1.),(1.,0.707106781186553,
1.),(1.,0.707106781186553,1.),(1.,0.707106781186553,1.),(1.,0.707106781186553,
1.),(1.,0.707106781186553,1.),(1.,0.707106781186553,1.),(1.,0.707106781186553,
1.),(1.,0.707106781186553,1.),(1.,0.707106781186553,1.),(1.,0.707106781186553,
1.),(1.,0.707106781186564,1.),(1.,0.707106781186564,1.),(1.,0.707106781186558,
1.),(1.,0.707106781186558,1.)))
REPRESENTATION_ITEM('')
SURFACE()
);
#153=(
BOUNDED_SURFACE()
B_SPLINE_SURFACE(3,2,((#6854,#6855,#6856),(#6857,#6858,#6859),(#6860,#6861,
#6862),(#6863,#6864,#6865),(#6866,#6867,#6868),(#6869,#6870,#6871),(#6872,
#6873,#6874),(#6875,#6876,#6877),(#6878,#6879,#6880),(#6881,#6882,#6883),
(#6884,#6885,#6886),(#6887,#6888,#6889),(#6890,#6891,#6892),(#6893,#6894,
#6895),(#6896,#6897,#6898),(#6899,#6900,#6901),(#6902,#6903,#6904),(#6905,
#6906,#6907),(#6908,#6909,#6910),(#6911,#6912,#6913),(#6914,#6915,#6916),
(#6917,#6918,#6919),(#6920,#6921,#6922),(#6923,#6924,#6925)),
 .UNSPECIFIED.,.F.,.F.,.F.)
B_SPLINE_SURFACE_WITH_KNOTS((4,2,2,2,2,2,2,2,2,2,2,4),(3,3),(0.,0.00158300350425179,
0.00316600700850359,0.00395750876062948,0.00474901051275538,0.00554051226488127,
0.00633201401700717,0.00791501752125896,0.00949802102551075,0.0102895227776366,
0.0110810245297625,0.0126640280340143),(0.,1.),.UNSPECIFIED.)
GEOMETRIC_REPRESENTATION_ITEM()
RATIONAL_B_SPLINE_SURFACE(((1.,0.707106781186548,1.),(1.,0.707106781186548,
1.),(1.,0.707106781186548,1.),(1.,0.707106781186548,1.),(1.,0.707106781186548,
1.),(1.,0.707106781186548,1.),(1.,0.707106781186548,1.),(1.,0.707106781186548,
1.),(1.,0.707106781186548,1.),(1.,0.707106781186548,1.),(1.,0.707106781186548,
1.),(1.,0.707106781186548,1.),(1.,0.707106781186548,1.),(1.,0.707106781186548,
1.),(1.,0.707106781186548,1.),(1.,0.707106781186548,1.),(1.,0.707106781186548,
1.),(1.,0.707106781186548,1.),(1.,0.707106781186548,1.),(1.,0.707106781186548,
1.),(1.,0.707106781186548,1.),(1.,0.707106781186548,1.),(1.,0.707106781186542,
1.),(1.,0.707106781186542,1.)))
REPRESENTATION_ITEM('')
SURFACE()
);
#154=(
BOUNDED_SURFACE()
B_SPLINE_SURFACE(3,2,((#6958,#6959,#6960),(#6961,#6962,#6963),(#6964,#6965,
#6966),(#6967,#6968,#6969),(#6970,#6971,#6972),(#6973,#6974,#6975),(#6976,
#6977,#6978),(#6979,#6980,#6981),(#6982,#6983,#6984),(#6985,#6986,#6987),
(#6988,#6989,#6990),(#6991,#6992,#6993),(#6994,#6995,#6996),(#6997,#6998,
#6999),(#7000,#7001,#7002),(#7003,#7004,#7005),(#7006,#7007,#7008),(#7009,
#7010,#7011),(#7012,#7013,#7014),(#7015,#7016,#7017),(#7018,#7019,#7020),
(#7021,#7022,#7023),(#7024,#7025,#7026),(#7027,#7028,#7029)),
 .UNSPECIFIED.,.F.,.F.,.F.)
B_SPLINE_SURFACE_WITH_KNOTS((4,2,2,2,2,2,2,2,2,2,2,4),(3,3),(0.,0.00158300350425179,
0.00316600700850359,0.00395750876062948,0.00474901051275537,0.00554051226488127,
0.00633201401700717,0.00791501752125896,0.00949802102551075,0.0102895227776366,
0.0110810245297625,0.0126640280340143),(0.,1.),.UNSPECIFIED.)
GEOMETRIC_REPRESENTATION_ITEM()
RATIONAL_B_SPLINE_SURFACE(((1.,0.707106781186535,1.),(1.,0.707106781186535,
1.),(1.,0.707106781186548,1.),(1.,0.707106781186548,1.),(1.,0.707106781186548,
1.),(1.,0.707106781186548,1.),(1.,0.707106781186548,1.),(1.,0.707106781186548,
1.),(1.,0.707106781186548,1.),(1.,0.707106781186548,1.),(1.,0.707106781186548,
1.),(1.,0.707106781186548,1.),(1.,0.707106781186548,1.),(1.,0.707106781186548,
1.),(1.,0.707106781186548,1.),(1.,0.707106781186548,1.),(1.,0.707106781186548,
1.),(1.,0.707106781186548,1.),(1.,0.707106781186548,1.),(1.,0.707106781186548,
1.),(1.,0.707106781186547,1.),(1.,0.707106781186547,1.),(1.,0.707106781186554,
1.),(1.,0.707106781186554,1.)))
REPRESENTATION_ITEM('')
SURFACE()
);
#155=(
BOUNDED_SURFACE()
B_SPLINE_SURFACE(3,2,((#7060,#7061,#7062),(#7063,#7064,#7065),(#7066,#7067,
#7068),(#7069,#7070,#7071),(#7072,#7073,#7074),(#7075,#7076,#7077),(#7078,
#7079,#7080),(#7081,#7082,#7083),(#7084,#7085,#7086),(#7087,#7088,#7089),
(#7090,#7091,#7092),(#7093,#7094,#7095),(#7096,#7097,#7098),(#7099,#7100,
#7101),(#7102,#7103,#7104),(#7105,#7106,#7107),(#7108,#7109,#7110),(#7111,
#7112,#7113),(#7114,#7115,#7116),(#7117,#7118,#7119),(#7120,#7121,#7122),
(#7123,#7124,#7125),(#7126,#7127,#7128),(#7129,#7130,#7131)),
 .UNSPECIFIED.,.F.,.F.,.F.)
B_SPLINE_SURFACE_WITH_KNOTS((4,2,2,2,2,2,2,2,2,2,2,4),(3,3),(0.,0.00158300350425179,
0.00316600700850358,0.00395750876062947,0.00474901051275537,0.00554051226488127,
0.00633201401700716,0.00791501752125895,0.00949802102551075,0.0102895227776366,
0.0110810245297625,0.0126640280340143),(0.,1.),.UNSPECIFIED.)
GEOMETRIC_REPRESENTATION_ITEM()
RATIONAL_B_SPLINE_SURFACE(((1.,0.707106781186548,1.),(1.,0.707106781186548,
1.),(1.,0.707106781186548,1.),(1.,0.707106781186548,1.),(1.,0.707106781186548,
1.),(1.,0.707106781186548,1.),(1.,0.707106781186548,1.),(1.,0.707106781186548,
1.),(1.,0.707106781186548,1.),(1.,0.707106781186548,1.),(1.,0.707106781186548,
1.),(1.,0.707106781186548,1.),(1.,0.707106781186548,1.),(1.,0.707106781186548,
1.),(1.,0.707106781186548,1.),(1.,0.707106781186548,1.),(1.,0.707106781186548,
1.),(1.,0.707106781186548,1.),(1.,0.707106781186548,1.),(1.,0.707106781186548,
1.),(1.,0.707106781186548,1.),(1.,0.707106781186548,1.),(1.,0.707106781186542,
1.),(1.,0.707106781186542,1.)))
REPRESENTATION_ITEM('')
SURFACE()
);
#156=(
BOUNDED_SURFACE()
B_SPLINE_SURFACE(3,2,((#7162,#7163,#7164),(#7165,#7166,#7167),(#7168,#7169,
#7170),(#7171,#7172,#7173),(#7174,#7175,#7176),(#7177,#7178,#7179),(#7180,
#7181,#7182),(#7183,#7184,#7185),(#7186,#7187,#7188),(#7189,#7190,#7191),
(#7192,#7193,#7194),(#7195,#7196,#7197),(#7198,#7199,#7200),(#7201,#7202,
#7203),(#7204,#7205,#7206),(#7207,#7208,#7209),(#7210,#7211,#7212),(#7213,
#7214,#7215),(#7216,#7217,#7218),(#7219,#7220,#7221),(#7222,#7223,#7224),
(#7225,#7226,#7227),(#7228,#7229,#7230),(#7231,#7232,#7233)),
 .UNSPECIFIED.,.F.,.F.,.F.)
B_SPLINE_SURFACE_WITH_KNOTS((4,2,2,2,2,2,2,2,2,2,2,4),(3,3),(0.,0.00158300350425178,
0.00316600700850356,0.00395750876062945,0.00474901051275534,0.00554051226488123,
0.00633201401700712,0.0079150175212589,0.00949802102551069,0.0102895227776366,
0.0110810245297625,0.0126640280340142),(0.,1.),.UNSPECIFIED.)
GEOMETRIC_REPRESENTATION_ITEM()
RATIONAL_B_SPLINE_SURFACE(((1.,0.707106781186535,1.),(1.,0.707106781186535,
1.),(1.,0.707106781186548,1.),(1.,0.707106781186548,1.),(1.,0.707106781186548,
1.),(1.,0.707106781186548,1.),(1.,0.707106781186548,1.),(1.,0.707106781186548,
1.),(1.,0.707106781186548,1.),(1.,0.707106781186548,1.),(1.,0.707106781186548,
1.),(1.,0.707106781186548,1.),(1.,0.707106781186548,1.),(1.,0.707106781186548,
1.),(1.,0.707106781186548,1.),(1.,0.707106781186548,1.),(1.,0.707106781186548,
1.),(1.,0.707106781186548,1.),(1.,0.707106781186548,1.),(1.,0.707106781186548,
1.),(1.,0.707106781186559,1.),(1.,0.707106781186559,1.),(1.,0.707106781186554,
1.),(1.,0.707106781186554,1.)))
REPRESENTATION_ITEM('')
SURFACE()
);
#157=(
BOUNDED_SURFACE()
B_SPLINE_SURFACE(3,2,((#7616,#7617,#7618),(#7619,#7620,#7621),(#7622,#7623,
#7624),(#7625,#7626,#7627),(#7628,#7629,#7630),(#7631,#7632,#7633),(#7634,
#7635,#7636),(#7637,#7638,#7639),(#7640,#7641,#7642),(#7643,#7644,#7645),
(#7646,#7647,#7648),(#7649,#7650,#7651),(#7652,#7653,#7654),(#7655,#7656,
#7657),(#7658,#7659,#7660),(#7661,#7662,#7663),(#7664,#7665,#7666),(#7667,
#7668,#7669),(#7670,#7671,#7672),(#7673,#7674,#7675),(#7676,#7677,#7678)),
 .UNSPECIFIED.,.F.,.F.,.F.)
B_SPLINE_SURFACE_WITH_KNOTS((4,1,1,1,1,1,1,1,1,1,1,1,1,1,1,1,1,1,4),(3,
3),(-3.46944695195361E-18,0.000513770266487464,0.00102754053297493,0.0015413107994624,
0.00205508106594987,0.0023119661991936,0.00256885133243734,0.0030826215989248,
0.00359639186541227,0.00411016213189974,0.00462393239838721,0.00488081753163094,
0.00513770266487468,0.00565147293136214,0.00616524319784961,0.00667901346433708,
0.00719278373082455,0.00770655399731201,0.00822032426379948),(0.,1.),
 .UNSPECIFIED.)
GEOMETRIC_REPRESENTATION_ITEM()
RATIONAL_B_SPLINE_SURFACE(((1.,0.707106781186548,1.),(1.,0.707106781186548,
1.),(1.,0.707106781186547,1.),(1.,0.707106781186548,1.),(1.,0.707106781186548,
1.),(1.,0.707106781186548,1.),(1.,0.707106781186547,1.),(1.,0.707106781186548,
1.),(1.,0.707106781186548,1.),(1.,0.707106781186547,1.),(1.,0.707106781186548,
1.),(1.,0.707106781186547,1.),(1.,0.707106781186548,1.),(1.,0.707106781186548,
1.),(1.,0.707106781186547,1.),(1.,0.707106781186548,1.),(1.,0.707106781186547,
1.),(1.,0.707106781186549,1.),(1.,0.707106781186547,1.),(1.,0.707106781186548,
1.),(1.,0.707106781186548,1.)))
REPRESENTATION_ITEM('')
SURFACE()
);
#158=(
BOUNDED_SURFACE()
B_SPLINE_SURFACE(3,2,((#7685,#7686,#7687),(#7688,#7689,#7690),(#7691,#7692,
#7693),(#7694,#7695,#7696),(#7697,#7698,#7699),(#7700,#7701,#7702),(#7703,
#7704,#7705),(#7706,#7707,#7708),(#7709,#7710,#7711),(#7712,#7713,#7714),
(#7715,#7716,#7717),(#7718,#7719,#7720),(#7721,#7722,#7723),(#7724,#7725,
#7726),(#7727,#7728,#7729),(#7730,#7731,#7732),(#7733,#7734,#7735),(#7736,
#7737,#7738),(#7739,#7740,#7741),(#7742,#7743,#7744),(#7745,#7746,#7747)),
 .UNSPECIFIED.,.F.,.F.,.F.)
B_SPLINE_SURFACE_WITH_KNOTS((4,1,1,1,1,1,1,1,1,1,1,1,1,1,1,1,1,1,4),(3,
3),(-3.46944695195361E-18,0.000513770266487464,0.00102754053297493,0.0015413107994624,
0.00205508106594987,0.0023119661991936,0.00256885133243734,0.0030826215989248,
0.00359639186541227,0.00411016213189974,0.00462393239838721,0.00488081753163094,
0.00513770266487468,0.00565147293136214,0.00616524319784961,0.00667901346433708,
0.00719278373082455,0.00770655399731201,0.00822032426379948),(0.,1.),
 .UNSPECIFIED.)
GEOMETRIC_REPRESENTATION_ITEM()
RATIONAL_B_SPLINE_SURFACE(((1.,0.707106781186548,1.),(1.,0.707106781186548,
1.),(1.,0.707106781186547,1.),(1.,0.707106781186548,1.),(1.,0.707106781186548,
1.),(1.,0.707106781186548,1.),(1.,0.707106781186547,1.),(1.,0.707106781186548,
1.),(1.,0.707106781186548,1.),(1.,0.707106781186547,1.),(1.,0.707106781186548,
1.),(1.,0.707106781186547,1.),(1.,0.707106781186548,1.),(1.,0.707106781186548,
1.),(1.,0.707106781186547,1.),(1.,0.707106781186548,1.),(1.,0.707106781186547,
1.),(1.,0.707106781186549,1.),(1.,0.707106781186547,1.),(1.,0.707106781186548,
1.),(1.,0.707106781186548,1.)))
REPRESENTATION_ITEM('')
SURFACE()
);
#159=(
BOUNDED_SURFACE()
B_SPLINE_SURFACE(3,2,((#7749,#7750,#7751),(#7752,#7753,#7754),(#7755,#7756,
#7757),(#7758,#7759,#7760),(#7761,#7762,#7763),(#7764,#7765,#7766),(#7767,
#7768,#7769),(#7770,#7771,#7772),(#7773,#7774,#7775),(#7776,#7777,#7778),
(#7779,#7780,#7781),(#7782,#7783,#7784),(#7785,#7786,#7787),(#7788,#7789,
#7790),(#7791,#7792,#7793),(#7794,#7795,#7796),(#7797,#7798,#7799),(#7800,
#7801,#7802),(#7803,#7804,#7805),(#7806,#7807,#7808),(#7809,#7810,#7811)),
 .UNSPECIFIED.,.F.,.F.,.F.)
B_SPLINE_SURFACE_WITH_KNOTS((4,1,1,1,1,1,1,1,1,1,1,1,1,1,1,1,1,1,4),(3,
3),(-3.46944695195361E-18,0.000513770266487464,0.00102754053297493,0.0015413107994624,
0.00205508106594987,0.0023119661991936,0.00256885133243734,0.0030826215989248,
0.00359639186541227,0.00411016213189974,0.00462393239838721,0.00488081753163094,
0.00513770266487468,0.00565147293136214,0.00616524319784961,0.00667901346433708,
0.00719278373082455,0.00770655399731201,0.00822032426379948),(0.,1.),
 .UNSPECIFIED.)
GEOMETRIC_REPRESENTATION_ITEM()
RATIONAL_B_SPLINE_SURFACE(((1.,0.707106781186548,1.),(1.,0.707106781186548,
1.),(1.,0.707106781186547,1.),(1.,0.707106781186548,1.),(1.,0.707106781186548,
1.),(1.,0.707106781186548,1.),(1.,0.707106781186547,1.),(1.,0.707106781186548,
1.),(1.,0.707106781186548,1.),(1.,0.707106781186547,1.),(1.,0.707106781186548,
1.),(1.,0.707106781186547,1.),(1.,0.707106781186548,1.),(1.,0.707106781186548,
1.),(1.,0.707106781186547,1.),(1.,0.707106781186548,1.),(1.,0.707106781186547,
1.),(1.,0.707106781186549,1.),(1.,0.707106781186547,1.),(1.,0.707106781186548,
1.),(1.,0.707106781186548,1.)))
REPRESENTATION_ITEM('')
SURFACE()
);
#160=(
BOUNDED_SURFACE()
B_SPLINE_SURFACE(3,2,((#7817,#7818,#7819),(#7820,#7821,#7822),(#7823,#7824,
#7825),(#7826,#7827,#7828),(#7829,#7830,#7831),(#7832,#7833,#7834),(#7835,
#7836,#7837),(#7838,#7839,#7840),(#7841,#7842,#7843),(#7844,#7845,#7846),
(#7847,#7848,#7849),(#7850,#7851,#7852),(#7853,#7854,#7855),(#7856,#7857,
#7858),(#7859,#7860,#7861),(#7862,#7863,#7864),(#7865,#7866,#7867),(#7868,
#7869,#7870),(#7871,#7872,#7873),(#7874,#7875,#7876),(#7877,#7878,#7879)),
 .UNSPECIFIED.,.F.,.F.,.F.)
B_SPLINE_SURFACE_WITH_KNOTS((4,1,1,1,1,1,1,1,1,1,1,1,1,1,1,1,1,1,4),(3,
3),(-3.46944695195361E-18,0.000513770266487464,0.00102754053297493,0.0015413107994624,
0.00205508106594987,0.0023119661991936,0.00256885133243734,0.0030826215989248,
0.00359639186541227,0.00411016213189974,0.00462393239838721,0.00488081753163094,
0.00513770266487468,0.00565147293136214,0.00616524319784961,0.00667901346433708,
0.00719278373082455,0.00770655399731201,0.00822032426379948),(0.,1.),
 .UNSPECIFIED.)
GEOMETRIC_REPRESENTATION_ITEM()
RATIONAL_B_SPLINE_SURFACE(((1.,0.707106781186548,1.),(1.,0.707106781186548,
1.),(1.,0.707106781186547,1.),(1.,0.707106781186548,1.),(1.,0.707106781186548,
1.),(1.,0.707106781186548,1.),(1.,0.707106781186547,1.),(1.,0.707106781186548,
1.),(1.,0.707106781186548,1.),(1.,0.707106781186547,1.),(1.,0.707106781186548,
1.),(1.,0.707106781186547,1.),(1.,0.707106781186548,1.),(1.,0.707106781186548,
1.),(1.,0.707106781186547,1.),(1.,0.707106781186548,1.),(1.,0.707106781186547,
1.),(1.,0.707106781186549,1.),(1.,0.707106781186547,1.),(1.,0.707106781186548,
1.),(1.,0.707106781186548,1.)))
REPRESENTATION_ITEM('')
SURFACE()
);
#161=(
BOUNDED_SURFACE()
B_SPLINE_SURFACE(2,2,((#10073,#10074,#10075,#10076,#10077,#10078,#10079,
#10080,#10081),(#10082,#10083,#10084,#10085,#10086,#10087,#10088,#10089,
#10090),(#10091,#10092,#10093,#10094,#10095,#10096,#10097,#10098,#10099)),
 .UNSPECIFIED.,.F.,.T.,.F.)
B_SPLINE_SURFACE_WITH_KNOTS((3,3),(3,2,2,2,3),(-1.5707963267949,-1.32868464329378E-15),
(-3.14159265358979,-1.5707963267949,0.,1.5707963267949,3.14159265358979),
 .UNSPECIFIED.)
GEOMETRIC_REPRESENTATION_ITEM()
RATIONAL_B_SPLINE_SURFACE(((1.,0.707106781186548,1.,0.707106781186548,1.,
0.707106781186548,1.,0.707106781186548,1.),(0.707106781186548,0.500000000000001,
0.707106781186548,0.500000000000001,0.707106781186548,0.500000000000001,
0.707106781186548,0.500000000000001,0.707106781186548),(1.,0.707106781186548,
1.,0.707106781186548,1.,0.707106781186548,1.,0.707106781186548,1.)))
REPRESENTATION_ITEM('')
SURFACE()
);
#162=B_SPLINE_SURFACE_WITH_KNOTS('',3,1,((#5462,#5463),(#5464,#5465),(#5466,
#5467),(#5468,#5469),(#5470,#5471),(#5472,#5473),(#5474,#5475),(#5476,#5477),
(#5478,#5479),(#5480,#5481),(#5482,#5483),(#5484,#5485),(#5486,#5487),(#5488,
#5489),(#5490,#5491)),.UNSPECIFIED.,.F.,.F.,.F.,(4,1,1,1,1,1,1,1,1,1,1,
1,4),(2,2),(0.,0.125,0.1875,0.25,0.3125,0.375,0.5,0.5625,0.625,0.75,0.8125,
0.875,1.),(0.,0.0622080000000003),.UNSPECIFIED.);
#163=B_SPLINE_SURFACE_WITH_KNOTS('',3,1,((#5531,#5532),(#5533,#5534),(#5535,
#5536),(#5537,#5538),(#5539,#5540),(#5541,#5542),(#5543,#5544),(#5545,#5546),
(#5547,#5548),(#5549,#5550),(#5551,#5552),(#5553,#5554),(#5555,#5556),(#5557,
#5558),(#5559,#5560)),.UNSPECIFIED.,.F.,.F.,.F.,(4,1,1,1,1,1,1,1,1,1,1,
1,4),(2,2),(0.,0.125,0.1875,0.25,0.3125,0.375,0.5,0.5625,0.625,0.75,0.8125,
0.875,1.),(0.,0.0622080000000003),.UNSPECIFIED.);
#164=B_SPLINE_SURFACE_WITH_KNOTS('',3,1,((#5600,#5601),(#5602,#5603),(#5604,
#5605),(#5606,#5607),(#5608,#5609),(#5610,#5611),(#5612,#5613),(#5614,#5615),
(#5616,#5617),(#5618,#5619),(#5620,#5621),(#5622,#5623),(#5624,#5625),(#5626,
#5627),(#5628,#5629)),.UNSPECIFIED.,.F.,.F.,.F.,(4,1,1,1,1,1,1,1,1,1,1,
1,4),(2,2),(0.,0.125,0.1875,0.25,0.3125,0.375,0.5,0.5625,0.625,0.75,0.8125,
0.875,1.),(0.,0.0622080000000003),.UNSPECIFIED.);
#165=B_SPLINE_SURFACE_WITH_KNOTS('',3,1,((#5663,#5664),(#5665,#5666),(#5667,
#5668),(#5669,#5670),(#5671,#5672),(#5673,#5674),(#5675,#5676),(#5677,#5678),
(#5679,#5680),(#5681,#5682),(#5683,#5684),(#5685,#5686),(#5687,#5688),(#5689,
#5690),(#5691,#5692)),.UNSPECIFIED.,.F.,.F.,.F.,(4,1,1,1,1,1,1,1,1,1,1,
1,4),(2,2),(0.,0.125,0.1875,0.25,0.3125,0.375,0.5,0.5625,0.625,0.75,0.8125,
0.875,1.),(0.,0.0622080000000003),.UNSPECIFIED.);
#166=B_SPLINE_SURFACE_WITH_KNOTS('',5,1,((#6282,#6283),(#6284,#6285),(#6286,
#6287),(#6288,#6289),(#6290,#6291),(#6292,#6293)),.UNSPECIFIED.,.F.,.F.,
 .F.,(6,6),(2,2),(0.,1.),(0.,1.824768),.UNSPECIFIED.);
#167=B_SPLINE_SURFACE_WITH_KNOTS('',5,1,((#6376,#6377),(#6378,#6379),(#6380,
#6381),(#6382,#6383),(#6384,#6385),(#6386,#6387)),.UNSPECIFIED.,.F.,.F.,
 .F.,(6,6),(2,2),(0.,1.),(0.,1.824768),.UNSPECIFIED.);
#168=B_SPLINE_SURFACE_WITH_KNOTS('',5,1,((#6468,#6469),(#6470,#6471),(#6472,
#6473),(#6474,#6475),(#6476,#6477),(#6478,#6479)),.UNSPECIFIED.,.F.,.F.,
 .F.,(6,6),(2,2),(0.,1.),(0.,1.824768),.UNSPECIFIED.);
#169=B_SPLINE_SURFACE_WITH_KNOTS('',5,1,((#6560,#6561),(#6562,#6563),(#6564,
#6565),(#6566,#6567),(#6568,#6569),(#6570,#6571)),.UNSPECIFIED.,.F.,.F.,
 .F.,(6,6),(2,2),(0.,1.),(0.,1.824768),.UNSPECIFIED.);
#170=B_SPLINE_SURFACE_WITH_KNOTS('',3,1,((#6653,#6654),(#6655,#6656),(#6657,
#6658),(#6659,#6660),(#6661,#6662),(#6663,#6664),(#6665,#6666),(#6667,#6668),
(#6669,#6670),(#6671,#6672),(#6673,#6674),(#6675,#6676),(#6677,#6678),(#6679,
#6680),(#6681,#6682),(#6683,#6684),(#6685,#6686),(#6687,#6688),(#6689,#6690),
(#6691,#6692),(#6693,#6694),(#6695,#6696),(#6697,#6698),(#6699,#6700)),
 .UNSPECIFIED.,.F.,.F.,.F.,(4,2,2,2,2,2,2,2,2,2,2,4),(2,2),(0.,0.125,0.25,
0.3125,0.375,0.5,0.5625,0.625,0.75,0.8125,0.875,1.),(0.,0.1804032),
 .UNSPECIFIED.);
#171=B_SPLINE_SURFACE_WITH_KNOTS('',3,1,((#6704,#6705),(#6706,#6707),(#6708,
#6709),(#6710,#6711),(#6712,#6713),(#6714,#6715),(#6716,#6717),(#6718,#6719),
(#6720,#6721),(#6722,#6723),(#6724,#6725),(#6726,#6727),(#6728,#6729),(#6730,
#6731),(#6732,#6733),(#6734,#6735),(#6736,#6737),(#6738,#6739),(#6740,#6741),
(#6742,#6743),(#6744,#6745),(#6746,#6747),(#6748,#6749),(#6750,#6751)),
 .UNSPECIFIED.,.F.,.F.,.F.,(4,2,2,2,2,2,2,2,2,2,2,4),(2,2),(0.,0.125,0.25,
0.3125,0.375,0.5,0.5625,0.625,0.75,0.8125,0.875,1.),(0.,0.1804032),
 .UNSPECIFIED.);
#172=B_SPLINE_SURFACE_WITH_KNOTS('',3,1,((#6755,#6756),(#6757,#6758),(#6759,
#6760),(#6761,#6762),(#6763,#6764),(#6765,#6766),(#6767,#6768),(#6769,#6770),
(#6771,#6772),(#6773,#6774),(#6775,#6776),(#6777,#6778),(#6779,#6780),(#6781,
#6782),(#6783,#6784),(#6785,#6786),(#6787,#6788),(#6789,#6790),(#6791,#6792),
(#6793,#6794),(#6795,#6796),(#6797,#6798),(#6799,#6800),(#6801,#6802)),
 .UNSPECIFIED.,.F.,.F.,.F.,(4,2,2,2,2,2,2,2,2,2,2,4),(2,2),(0.,0.125,0.25,
0.3125,0.375,0.5,0.5625,0.625,0.75,0.8125,0.875,1.),(0.,0.1804032),
 .UNSPECIFIED.);
#173=B_SPLINE_SURFACE_WITH_KNOTS('',3,1,((#6806,#6807),(#6808,#6809),(#6810,
#6811),(#6812,#6813),(#6814,#6815),(#6816,#6817),(#6818,#6819),(#6820,#6821),
(#6822,#6823),(#6824,#6825),(#6826,#6827),(#6828,#6829),(#6830,#6831),(#6832,
#6833),(#6834,#6835),(#6836,#6837),(#6838,#6839),(#6840,#6841),(#6842,#6843),
(#6844,#6845),(#6846,#6847),(#6848,#6849),(#6850,#6851),(#6852,#6853)),
 .UNSPECIFIED.,.F.,.F.,.F.,(4,2,2,2,2,2,2,2,2,2,2,4),(2,2),(0.,0.125,0.25,
0.3125,0.375,0.5,0.5625,0.625,0.75,0.8125,0.875,1.),(0.,0.1804032),
 .UNSPECIFIED.);
#174=B_SPLINE_SURFACE_WITH_KNOTS('',5,1,((#7438,#7439),(#7440,#7441),(#7442,
#7443),(#7444,#7445),(#7446,#7447),(#7448,#7449),(#7450,#7451),(#7452,#7453),
(#7454,#7455),(#7456,#7457),(#7458,#7459),(#7460,#7461),(#7462,#7463),(#7464,
#7465),(#7466,#7467),(#7468,#7469)),.UNSPECIFIED.,.F.,.F.,.F.,(6,5,5,6),
(2,2),(-1.,0.,1.,2.),(0.,6.656256),.UNSPECIFIED.);
#175=B_SPLINE_SURFACE_WITH_KNOTS('',5,1,((#7484,#7485),(#7486,#7487),(#7488,
#7489),(#7490,#7491),(#7492,#7493),(#7494,#7495),(#7496,#7497),(#7498,#7499),
(#7500,#7501),(#7502,#7503),(#7504,#7505),(#7506,#7507),(#7508,#7509),(#7510,
#7511),(#7512,#7513),(#7514,#7515)),.UNSPECIFIED.,.F.,.F.,.F.,(6,5,5,6),
(2,2),(-1.,0.,1.,2.),(0.,6.656256),.UNSPECIFIED.);
#176=B_SPLINE_SURFACE_WITH_KNOTS('',5,1,((#7528,#7529),(#7530,#7531),(#7532,
#7533),(#7534,#7535),(#7536,#7537),(#7538,#7539),(#7540,#7541),(#7542,#7543),
(#7544,#7545),(#7546,#7547),(#7548,#7549),(#7550,#7551),(#7552,#7553),(#7554,
#7555),(#7556,#7557),(#7558,#7559)),.UNSPECIFIED.,.F.,.F.,.F.,(6,5,5,6),
(2,2),(-1.,0.,1.,2.),(0.,6.656256),.UNSPECIFIED.);
#177=B_SPLINE_SURFACE_WITH_KNOTS('',5,1,((#7572,#7573),(#7574,#7575),(#7576,
#7577),(#7578,#7579),(#7580,#7581),(#7582,#7583),(#7584,#7585),(#7586,#7587),
(#7588,#7589),(#7590,#7591),(#7592,#7593),(#7594,#7595),(#7596,#7597),(#7598,
#7599),(#7600,#7601),(#7602,#7603)),.UNSPECIFIED.,.F.,.F.,.F.,(6,5,5,6),
(2,2),(-1.,0.,1.,2.),(0.,6.656256),.UNSPECIFIED.);
#178=B_SPLINE_SURFACE_WITH_KNOTS('',3,1,((#7990,#7991),(#7992,#7993),(#7994,
#7995),(#7996,#7997),(#7998,#7999),(#8000,#8001),(#8002,#8003),(#8004,#8005),
(#8006,#8007),(#8008,#8009),(#8010,#8011),(#8012,#8013),(#8014,#8015),(#8016,
#8017),(#8018,#8019)),.UNSPECIFIED.,.F.,.F.,.F.,(4,1,1,1,1,1,1,1,1,1,1,
1,4),(2,2),(0.,0.125,0.1875,0.25,0.3125,0.375,0.5,0.5625,0.625,0.75,0.8125,
0.875,1.),(0.,0.145152000000138),.UNSPECIFIED.);
#179=B_SPLINE_SURFACE_WITH_KNOTS('',3,1,((#8142,#8143),(#8144,#8145),(#8146,
#8147),(#8148,#8149),(#8150,#8151),(#8152,#8153),(#8154,#8155),(#8156,#8157),
(#8158,#8159),(#8160,#8161),(#8162,#8163),(#8164,#8165),(#8166,#8167),(#8168,
#8169),(#8170,#8171)),.UNSPECIFIED.,.F.,.F.,.F.,(4,1,1,1,1,1,1,1,1,1,1,
1,4),(2,2),(0.,0.125,0.1875,0.25,0.3125,0.375,0.5,0.5625,0.625,0.75,0.8125,
0.875,1.),(0.,0.145152000007304),.UNSPECIFIED.);
#180=B_SPLINE_SURFACE_WITH_KNOTS('',3,1,((#8292,#8293),(#8294,#8295),(#8296,
#8297),(#8298,#8299),(#8300,#8301),(#8302,#8303),(#8304,#8305),(#8306,#8307),
(#8308,#8309),(#8310,#8311),(#8312,#8313),(#8314,#8315),(#8316,#8317),(#8318,
#8319),(#8320,#8321)),.UNSPECIFIED.,.F.,.F.,.F.,(4,1,1,1,1,1,1,1,1,1,1,
1,4),(2,2),(0.,0.125,0.1875,0.25,0.3125,0.375,0.5,0.5625,0.625,0.75,0.8125,
0.875,1.),(0.,0.145152),.UNSPECIFIED.);
#181=B_SPLINE_SURFACE_WITH_KNOTS('',3,1,((#8442,#8443),(#8444,#8445),(#8446,
#8447),(#8448,#8449),(#8450,#8451),(#8452,#8453),(#8454,#8455),(#8456,#8457),
(#8458,#8459),(#8460,#8461),(#8462,#8463),(#8464,#8465),(#8466,#8467),(#8468,
#8469),(#8470,#8471)),.UNSPECIFIED.,.F.,.F.,.F.,(4,1,1,1,1,1,1,1,1,1,1,
1,4),(2,2),(0.,0.125,0.1875,0.25,0.3125,0.375,0.5,0.5625,0.625,0.75,0.8125,
0.875,1.),(0.,0.145152),.UNSPECIFIED.);
#182=B_SPLINE_SURFACE_WITH_KNOTS('',1,3,((#9051,#9052,#9053,#9054,#9055,
#9056,#9057,#9058,#9059,#9060,#9061,#9062,#9063,#9064,#9065,#9066,#9067,
#9068,#9069,#9070,#9071,#9072,#9073,#9074,#9075,#9076,#9077,#9078,#9079,
#9080,#9081,#9082,#9083,#9084,#9085,#9086,#9087,#9088,#9089,#9090,#9091,
#9092,#9093,#9094,#9095,#9096,#9097,#9098,#9099,#9100,#9101,#9102,#9103,
#9104,#9105,#9106,#9107,#9108,#9109,#9110,#9111,#9112,#9113,#9114,#9115,
#9116,#9117,#9118,#9119,#9120,#9121,#9122,#9123,#9124,#9125,#9126,#9127,
#9128,#9129,#9130,#9131,#9132,#9133,#9134,#9135,#9136,#9137,#9138,#9139,
#9140,#9141,#9142,#9143,#9144,#9145,#9146,#9147,#9148,#9149,#9150,#9151,
#9152,#9153,#9154,#9155,#9156,#9157,#9158,#9159,#9160,#9161,#9162,#9163,
#9164),(#9165,#9166,#9167,#9168,#9169,#9170,#9171,#9172,#9173,#9174,#9175,
#9176,#9177,#9178,#9179,#9180,#9181,#9182,#9183,#9184,#9185,#9186,#9187,
#9188,#9189,#9190,#9191,#9192,#9193,#9194,#9195,#9196,#9197,#9198,#9199,
#9200,#9201,#9202,#9203,#9204,#9205,#9206,#9207,#9208,#9209,#9210,#9211,
#9212,#9213,#9214,#9215,#9216,#9217,#9218,#9219,#9220,#9221,#9222,#9223,
#9224,#9225,#9226,#9227,#9228,#9229,#9230,#9231,#9232,#9233,#9234,#9235,
#9236,#9237,#9238,#9239,#9240,#9241,#9242,#9243,#9244,#9245,#9246,#9247,
#9248,#9249,#9250,#9251,#9252,#9253,#9254,#9255,#9256,#9257,#9258,#9259,
#9260,#9261,#9262,#9263,#9264,#9265,#9266,#9267,#9268,#9269,#9270,#9271,
#9272,#9273,#9274,#9275,#9276,#9277,#9278)),.UNSPECIFIED.,.F.,.F.,.F.,(2,
2),(4,2,2,2,2,2,2,2,2,2,2,2,2,2,2,2,2,2,2,2,2,2,2,2,2,2,2,2,2,2,2,2,2,2,
2,2,2,2,2,2,2,2,2,2,2,2,2,2,2,2,2,2,2,2,2,2,4),(0.,1.),(0.,0.000690250654656098,
0.0013805013093122,0.00172562663664024,0.00207075196396829,0.00224331462763232,
0.00232959595946433,0.00241587729129634,0.00250215862312836,0.00258843995496037,
0.0027610026186244,0.00293356528228842,0.00310612794595245,0.00345125327328049,
0.00379637860060854,0.00396894126427256,0.00414150392793659,0.0042277852597686,
0.00431406659160061,0.00440034792343263,0.00448662925526464,0.00465919191892866,
0.00483175458259269,0.00517687990992074,0.00534944257358476,0.00543572390541677,
0.00552200523724879,0.00569456790091281,0.00586713056457684,0.00603969322824086,
0.00612597456007287,0.00621225589190489,0.0062985372237369,0.00638481855556891,
0.00655738121923293,0.00672994388289696,0.00690250654656098,0.00707506921022501,
0.00724763187388903,0.00759275720121708,0.00776531986488111,0.00793788252854513,
0.00802416386037714,0.00811044519220916,0.00819672652404117,0.00828300785587318,
0.0084555705195372,0.00862813318320123,0.00880069584686525,0.00897325851052928,
0.0091458211741933,0.00931838383785733,0.00949094650152135,0.00966350916518538,
0.0100086344925134,0.0103537598198415,0.0110440104744976),.UNSPECIFIED.);
#183=B_SPLINE_SURFACE_WITH_KNOTS('',1,3,((#9285,#9286,#9287,#9288,#9289,
#9290,#9291,#9292,#9293,#9294,#9295,#9296,#9297,#9298,#9299,#9300,#9301,
#9302,#9303,#9304,#9305,#9306,#9307,#9308,#9309,#9310,#9311,#9312,#9313,
#9314,#9315,#9316,#9317,#9318,#9319,#9320,#9321,#9322,#9323,#9324,#9325,
#9326,#9327,#9328,#9329,#9330,#9331,#9332,#9333,#9334,#9335,#9336,#9337,
#9338,#9339,#9340,#9341,#9342,#9343,#9344,#9345,#9346,#9347,#9348,#9349,
#9350,#9351,#9352,#9353,#9354,#9355,#9356,#9357,#9358,#9359,#9360,#9361,
#9362,#9363,#9364,#9365,#9366,#9367,#9368,#9369,#9370,#9371,#9372,#9373,
#9374,#9375,#9376,#9377,#9378,#9379,#9380,#9381,#9382,#9383,#9384,#9385,
#9386,#9387,#9388,#9389,#9390,#9391,#9392,#9393,#9394,#9395,#9396,#9397,
#9398),(#9399,#9400,#9401,#9402,#9403,#9404,#9405,#9406,#9407,#9408,#9409,
#9410,#9411,#9412,#9413,#9414,#9415,#9416,#9417,#9418,#9419,#9420,#9421,
#9422,#9423,#9424,#9425,#9426,#9427,#9428,#9429,#9430,#9431,#9432,#9433,
#9434,#9435,#9436,#9437,#9438,#9439,#9440,#9441,#9442,#9443,#9444,#9445,
#9446,#9447,#9448,#9449,#9450,#9451,#9452,#9453,#9454,#9455,#9456,#9457,
#9458,#9459,#9460,#9461,#9462,#9463,#9464,#9465,#9466,#9467,#9468,#9469,
#9470,#9471,#9472,#9473,#9474,#9475,#9476,#9477,#9478,#9479,#9480,#9481,
#9482,#9483,#9484,#9485,#9486,#9487,#9488,#9489,#9490,#9491,#9492,#9493,
#9494,#9495,#9496,#9497,#9498,#9499,#9500,#9501,#9502,#9503,#9504,#9505,
#9506,#9507,#9508,#9509,#9510,#9511,#9512)),.UNSPECIFIED.,.F.,.F.,.F.,(2,
2),(4,2,2,2,2,2,2,2,2,2,2,2,2,2,2,2,2,2,2,2,2,2,2,2,2,2,2,2,2,2,2,2,2,2,
2,2,2,2,2,2,2,2,2,2,2,2,2,2,2,2,2,2,2,2,2,2,4),(0.,1.),(0.,0.000690250654656119,
0.00138050130931224,0.00172562663664029,0.00207075196396836,0.00224331462763239,
0.0023295959594644,0.00241587729129641,0.00250215862312843,0.00258843995496045,
0.00276100261862447,0.00293356528228851,0.00310612794595253,0.00345125327328059,
0.00379637860060866,0.00396894126427268,0.00414150392793671,0.00422778525976873,
0.00431406659160075,0.00440034792343276,0.00448662925526477,0.0046591919189288,
0.00483175458259283,0.00517687990992089,0.00534944257358492,0.00543572390541694,
0.00552200523724895,0.00569456790091298,0.00586713056457701,0.00603969322824104,
0.00612597456007305,0.00621225589190507,0.00629853722373708,0.0063848185555691,
0.00655738121923313,0.00672994388289716,0.00690250654656119,0.00707506921022522,
0.00724763187388925,0.00759275720121731,0.00776531986488134,0.00793788252854536,
0.00802416386037738,0.0081104451922094,0.00819672652404141,0.00828300785587342,
0.00845557051953745,0.00862813318320149,0.00880069584686551,0.00897325851052954,
0.00914582117419357,0.0093183838378576,0.00949094650152163,0.00966350916518566,
0.0100086344925137,0.0103537598198418,0.0110440104744979),.UNSPECIFIED.);
#184=B_SPLINE_SURFACE_WITH_KNOTS('',1,3,((#9514,#9515,#9516,#9517,#9518,
#9519,#9520,#9521,#9522,#9523,#9524,#9525,#9526,#9527,#9528,#9529,#9530,
#9531,#9532,#9533,#9534,#9535,#9536,#9537,#9538,#9539,#9540,#9541,#9542,
#9543,#9544,#9545,#9546,#9547,#9548,#9549,#9550,#9551,#9552,#9553,#9554,
#9555,#9556,#9557,#9558,#9559,#9560,#9561,#9562,#9563,#9564,#9565,#9566,
#9567,#9568,#9569,#9570,#9571,#9572,#9573,#9574,#9575,#9576,#9577,#9578,
#9579,#9580,#9581,#9582,#9583,#9584,#9585,#9586,#9587,#9588,#9589,#9590,
#9591,#9592,#9593,#9594,#9595,#9596,#9597,#9598,#9599,#9600,#9601,#9602,
#9603,#9604,#9605,#9606,#9607,#9608,#9609,#9610,#9611,#9612,#9613,#9614,
#9615,#9616,#9617,#9618,#9619,#9620,#9621,#9622,#9623,#9624,#9625,#9626,
#9627),(#9628,#9629,#9630,#9631,#9632,#9633,#9634,#9635,#9636,#9637,#9638,
#9639,#9640,#9641,#9642,#9643,#9644,#9645,#9646,#9647,#9648,#9649,#9650,
#9651,#9652,#9653,#9654,#9655,#9656,#9657,#9658,#9659,#9660,#9661,#9662,
#9663,#9664,#9665,#9666,#9667,#9668,#9669,#9670,#9671,#9672,#9673,#9674,
#9675,#9676,#9677,#9678,#9679,#9680,#9681,#9682,#9683,#9684,#9685,#9686,
#9687,#9688,#9689,#9690,#9691,#9692,#9693,#9694,#9695,#9696,#9697,#9698,
#9699,#9700,#9701,#9702,#9703,#9704,#9705,#9706,#9707,#9708,#9709,#9710,
#9711,#9712,#9713,#9714,#9715,#9716,#9717,#9718,#9719,#9720,#9721,#9722,
#9723,#9724,#9725,#9726,#9727,#9728,#9729,#9730,#9731,#9732,#9733,#9734,
#9735,#9736,#9737,#9738,#9739,#9740,#9741)),.UNSPECIFIED.,.F.,.F.,.F.,(2,
2),(4,2,2,2,2,2,2,2,2,2,2,2,2,2,2,2,2,2,2,2,2,2,2,2,2,2,2,2,2,2,2,2,2,2,
2,2,2,2,2,2,2,2,2,2,2,2,2,2,2,2,2,2,2,2,2,2,4),(0.,1.),(0.,0.000690250654656075,
0.00138050130931215,0.00172562663664018,0.00207075196396823,0.00224331462763224,
0.00232959595946425,0.00241587729129626,0.00250215862312827,0.00258843995496028,
0.0027610026186243,0.00293356528228832,0.00310612794595233,0.00345125327328037,
0.00379637860060841,0.00396894126427243,0.00414150392793645,0.00422778525976846,
0.00431406659160047,0.00440034792343248,0.00448662925526448,0.0046591919189285,
0.00483175458259252,0.00517687990992056,0.00534944257358458,0.00543572390541659,
0.0055220052372486,0.00569456790091262,0.00586713056457663,0.00603969322824065,
0.00612597456007266,0.00621225589190467,0.00629853722373668,0.00638481855556869,
0.00655738121923271,0.00672994388289673,0.00690250654656075,0.00707506921022476,
0.00724763187388878,0.00759275720121682,0.00776531986488084,0.00793788252854486,
0.00802416386037687,0.00811044519220888,0.00819672652404089,0.0082830078558729,
0.00845557051953691,0.00862813318320093,0.00880069584686495,0.00897325851052897,
0.00914582117419299,0.00931838383785701,0.00949094650152103,0.00966350916518505,
0.0100086344925131,0.0103537598198411,0.0110440104744972),.UNSPECIFIED.);
#185=B_SPLINE_SURFACE_WITH_KNOTS('',1,3,((#9747,#9748,#9749,#9750,#9751,
#9752,#9753,#9754,#9755,#9756,#9757,#9758,#9759,#9760,#9761,#9762,#9763,
#9764,#9765,#9766,#9767,#9768,#9769,#9770,#9771,#9772,#9773,#9774,#9775,
#9776,#9777,#9778,#9779,#9780,#9781,#9782,#9783,#9784,#9785,#9786,#9787,
#9788,#9789,#9790,#9791,#9792,#9793,#9794,#9795,#9796,#9797,#9798,#9799,
#9800,#9801,#9802,#9803,#9804,#9805,#9806,#9807,#9808,#9809,#9810,#9811,
#9812,#9813,#9814,#9815,#9816,#9817,#9818,#9819,#9820,#9821,#9822,#9823,
#9824,#9825,#9826,#9827,#9828,#9829,#9830,#9831,#9832,#9833,#9834,#9835,
#9836,#9837,#9838,#9839,#9840,#9841,#9842,#9843,#9844,#9845,#9846,#9847,
#9848,#9849,#9850,#9851,#9852,#9853,#9854,#9855,#9856,#9857,#9858,#9859,
#9860),(#9861,#9862,#9863,#9864,#9865,#9866,#9867,#9868,#9869,#9870,#9871,
#9872,#9873,#9874,#9875,#9876,#9877,#9878,#9879,#9880,#9881,#9882,#9883,
#9884,#9885,#9886,#9887,#9888,#9889,#9890,#9891,#9892,#9893,#9894,#9895,
#9896,#9897,#9898,#9899,#9900,#9901,#9902,#9903,#9904,#9905,#9906,#9907,
#9908,#9909,#9910,#9911,#9912,#9913,#9914,#9915,#9916,#9917,#9918,#9919,
#9920,#9921,#9922,#9923,#9924,#9925,#9926,#9927,#9928,#9929,#9930,#9931,
#9932,#9933,#9934,#9935,#9936,#9937,#9938,#9939,#9940,#9941,#9942,#9943,
#9944,#9945,#9946,#9947,#9948,#9949,#9950,#9951,#9952,#9953,#9954,#9955,
#9956,#9957,#9958,#9959,#9960,#9961,#9962,#9963,#9964,#9965,#9966,#9967,
#9968,#9969,#9970,#9971,#9972,#9973,#9974)),.UNSPECIFIED.,.F.,.F.,.F.,(2,
2),(4,2,2,2,2,2,2,2,2,2,2,2,2,2,2,2,2,2,2,2,2,2,2,2,2,2,2,2,2,2,2,2,2,2,
2,2,2,2,2,2,2,2,2,2,2,2,2,2,2,2,2,2,2,2,2,2,4),(0.,1.),(0.,0.000690250654656114,
0.00138050130931223,0.00172562663664028,0.00207075196396835,0.00224331462763237,
0.00232959595946438,0.0024158772912964,0.00250215862312842,0.00258843995496043,
0.00276100261862446,0.00293356528228849,0.00310612794595251,0.00345125327328057,
0.00379637860060863,0.00396894126427266,0.00414150392793669,0.0042277852597687,
0.00431406659160072,0.00440034792343273,0.00448662925526474,0.00465919191892877,
0.0048317545825928,0.00517687990992086,0.00534944257358489,0.0054357239054169,
0.00552200523724892,0.00569456790091294,0.00586713056457697,0.006039693228241,
0.00612597456007302,0.00621225589190503,0.00629853722373704,0.00638481855556906,
0.00655738121923309,0.00672994388289712,0.00690250654656114,0.00707506921022517,
0.0072476318738892,0.00759275720121726,0.00776531986488129,0.00793788252854532,
0.00802416386037733,0.00811044519220934,0.00819672652404136,0.00828300785587337,
0.0084555705195374,0.00862813318320143,0.00880069584686546,0.00897325851052949,
0.00914582117419352,0.00931838383785755,0.00949094650152157,0.0096635091651856,
0.0100086344925137,0.0103537598198417,0.0110440104744978),.UNSPECIFIED.);
#186=B_SPLINE_CURVE_WITH_KNOTS('',3,(#4895,#4896,#4897,#4898,#4899,#4900,
#4901,#4902,#4903,#4904,#4905,#4906,#4907,#4908,#4909,#4910,#4911,#4912,
#4913,#4914,#4915,#4916,#4917,#4918,#4919,#4920,#4921,#4922,#4923,#4924,
#4925,#4926,#4927,#4928,#4929,#4930,#4931,#4932,#4933,#4934,#4935,#4936,
#4937,#4938,#4939,#4940,#4941,#4942,#4943,#4944,#4945,#4946,#4947,#4948,
#4949,#4950,#4951,#4952,#4953,#4954,#4955,#4956,#4957,#4958,#4959,#4960,
#4961,#4962,#4963,#4964,#4965,#4966,#4967,#4968,#4969,#4970,#4971,#4972,
#4973),.UNSPECIFIED.,.F.,.F.,(4,3,3,3,3,3,3,3,3,3,3,3,3,3,3,3,3,3,3,3,3,
3,3,3,3,3,4),(0.,0.000513735755534582,0.00102754053297493,0.00150472490123742,
0.0015413107994624,0.00185128525484074,0.00205508106594987,0.00231223383988967,
0.00256885133243734,0.00287004437993762,0.0030826215989248,0.00347978236839619,
0.00359639186541227,0.00398649287427733,0.00411016213189974,0.0044017319037357,
0.0046239323983872,0.00488112769486967,0.00513770266487467,0.00543014126673838,
0.00565147293136214,0.00606172360191884,0.0061652431978496,0.00667894646038976,
0.00719278373082454,0.00770659184292142,0.00822032426379947),
 .UNSPECIFIED.);
#187=B_SPLINE_CURVE_WITH_KNOTS('',3,(#4977,#4978,#4979,#4980,#4981,#4982,
#4983,#4984,#4985,#4986,#4987,#4988,#4989,#4990,#4991,#4992,#4993,#4994,
#4995,#4996,#4997,#4998,#4999,#5000,#5001,#5002,#5003,#5004,#5005,#5006,
#5007,#5008,#5009,#5010,#5011,#5012,#5013,#5014,#5015,#5016,#5017,#5018,
#5019,#5020,#5021,#5022,#5023,#5024,#5025,#5026,#5027,#5028,#5029,#5030,
#5031,#5032,#5033,#5034,#5035,#5036,#5037,#5038,#5039,#5040,#5041,#5042,
#5043,#5044,#5045,#5046,#5047,#5048,#5049,#5050,#5051,#5052,#5053,#5054,
#5055),.UNSPECIFIED.,.F.,.F.,(4,3,3,3,3,3,3,3,3,3,3,3,3,3,3,3,3,3,3,3,3,
3,3,3,3,3,4),(0.,0.000513735755534582,0.00102754053297493,0.00150472490123742,
0.0015413107994624,0.00185128525484074,0.00205508106594987,0.00231223383988967,
0.00256885133243734,0.00287004437993762,0.0030826215989248,0.00347978236839619,
0.00359639186541227,0.00398649287427733,0.00411016213189974,0.0044017319037357,
0.0046239323983872,0.00488112769486967,0.00513770266487467,0.00543014126673838,
0.00565147293136214,0.00606172360191884,0.0061652431978496,0.00667894646038976,
0.00719278373082454,0.00770659184292142,0.00822032426379947),
 .UNSPECIFIED.);
#188=B_SPLINE_CURVE_WITH_KNOTS('',3,(#5059,#5060,#5061,#5062,#5063,#5064,
#5065,#5066,#5067,#5068,#5069,#5070,#5071,#5072,#5073,#5074,#5075,#5076,
#5077,#5078,#5079,#5080,#5081,#5082,#5083,#5084,#5085,#5086,#5087,#5088,
#5089,#5090,#5091,#5092,#5093,#5094,#5095,#5096,#5097,#5098,#5099,#5100,
#5101,#5102,#5103,#5104,#5105,#5106,#5107,#5108,#5109,#5110,#5111,#5112,
#5113,#5114,#5115,#5116,#5117,#5118,#5119,#5120,#5121,#5122,#5123,#5124,
#5125,#5126,#5127,#5128,#5129,#5130,#5131,#5132,#5133,#5134,#5135,#5136,
#5137),.UNSPECIFIED.,.F.,.F.,(4,3,3,3,3,3,3,3,3,3,3,3,3,3,3,3,3,3,3,3,3,
3,3,3,3,3,4),(0.,0.000513735755534582,0.00102754053297493,0.00150472490123742,
0.0015413107994624,0.00185128525484074,0.00205508106594987,0.00231223383988967,
0.00256885133243734,0.00287004437993762,0.0030826215989248,0.00347978236839619,
0.00359639186541227,0.00398649287427733,0.00411016213189974,0.0044017319037357,
0.0046239323983872,0.00488112769486967,0.00513770266487467,0.00543014126673838,
0.00565147293136214,0.00606172360191884,0.0061652431978496,0.00667894646038976,
0.00719278373082454,0.00770659184292142,0.00822032426379947),
 .UNSPECIFIED.);
#189=B_SPLINE_CURVE_WITH_KNOTS('',3,(#5140,#5141,#5142,#5143,#5144,#5145,
#5146,#5147,#5148,#5149,#5150,#5151,#5152,#5153,#5154,#5155,#5156,#5157,
#5158,#5159,#5160,#5161,#5162,#5163,#5164,#5165,#5166,#5167,#5168,#5169,
#5170,#5171,#5172,#5173,#5174,#5175,#5176,#5177,#5178,#5179,#5180,#5181,
#5182,#5183,#5184,#5185,#5186,#5187,#5188,#5189,#5190,#5191,#5192,#5193,
#5194,#5195,#5196,#5197,#5198,#5199,#5200,#5201,#5202,#5203,#5204,#5205,
#5206,#5207,#5208,#5209,#5210,#5211,#5212,#5213,#5214,#5215,#5216,#5217,
#5218),.UNSPECIFIED.,.F.,.F.,(4,3,3,3,3,3,3,3,3,3,3,3,3,3,3,3,3,3,3,3,3,
3,3,3,3,3,4),(0.,0.000513735755534582,0.00102754053297493,0.00150472490123742,
0.0015413107994624,0.00185128525484074,0.00205508106594987,0.00231223383988967,
0.00256885133243734,0.00287004437993762,0.0030826215989248,0.00347978236839619,
0.00359639186541227,0.00398649287427733,0.00411016213189974,0.0044017319037357,
0.0046239323983872,0.00488112769486967,0.00513770266487467,0.00543014126673838,
0.00565147293136214,0.00606172360191884,0.0061652431978496,0.00667894646038976,
0.00719278373082454,0.00770659184292142,0.00822032426379947),
 .UNSPECIFIED.);
#190=B_SPLINE_CURVE_WITH_KNOTS('',3,(#5277,#5278,#5279,#5280,#5281,#5282,
#5283,#5284,#5285,#5286,#5287,#5288,#5289,#5290,#5291,#5292,#5293,#5294,
#5295,#5296,#5297,#5298,#5299,#5300),.UNSPECIFIED.,.F.,.F.,(4,2,2,2,2,2,
2,2,2,2,2,4),(0.,0.125,0.1875,0.25,0.375,0.4375,0.5,0.625,0.6875,0.75,0.875,
1.),.UNSPECIFIED.);
#191=B_SPLINE_CURVE_WITH_KNOTS('',3,(#5304,#5305,#5306,#5307,#5308,#5309,
#5310,#5311,#5312,#5313,#5314,#5315,#5316,#5317,#5318,#5319,#5320,#5321,
#5322,#5323,#5324,#5325,#5326,#5327),.UNSPECIFIED.,.F.,.F.,(4,2,2,2,2,2,
2,2,2,2,2,4),(0.,0.125,0.1875,0.25,0.375,0.4375,0.5,0.625,0.6875,0.75,0.875,
1.),.UNSPECIFIED.);
#192=B_SPLINE_CURVE_WITH_KNOTS('',3,(#5331,#5332,#5333,#5334,#5335,#5336,
#5337,#5338,#5339,#5340,#5341,#5342,#5343,#5344,#5345,#5346,#5347,#5348,
#5349,#5350,#5351,#5352,#5353,#5354),.UNSPECIFIED.,.F.,.F.,(4,2,2,2,2,2,
2,2,2,2,2,4),(0.,0.125,0.1875,0.25,0.375,0.4375,0.5,0.625,0.6875,0.75,0.875,
1.),.UNSPECIFIED.);
#193=B_SPLINE_CURVE_WITH_KNOTS('',3,(#5357,#5358,#5359,#5360,#5361,#5362,
#5363,#5364,#5365,#5366,#5367,#5368,#5369,#5370,#5371,#5372,#5373,#5374,
#5375,#5376,#5377,#5378,#5379,#5380),.UNSPECIFIED.,.F.,.F.,(4,2,2,2,2,2,
2,2,2,2,2,4),(0.,0.125,0.1875,0.25,0.375,0.4375,0.5,0.625,0.6875,0.75,0.875,
1.),.UNSPECIFIED.);
#194=B_SPLINE_CURVE_WITH_KNOTS('',3,(#5385,#5386,#5387,#5388,#5389,#5390,
#5391,#5392,#5393,#5394,#5395,#5396,#5397,#5398,#5399),.UNSPECIFIED.,.F.,
 .F.,(4,1,1,1,1,1,1,1,1,1,1,1,4),(0.,0.125,0.1875,0.25,0.3125,0.375,0.5,
0.5625,0.625,0.75,0.8125,0.875,1.),.UNSPECIFIED.);
#195=B_SPLINE_CURVE_WITH_KNOTS('',3,(#5403,#5404,#5405,#5406,#5407,#5408,
#5409,#5410,#5411,#5412,#5413,#5414,#5415,#5416,#5417),.UNSPECIFIED.,.F.,
 .F.,(4,1,1,1,1,1,1,1,1,1,1,1,4),(0.,0.125,0.1875,0.25,0.3125,0.375,0.5,
0.5625,0.625,0.75,0.8125,0.875,1.),.UNSPECIFIED.);
#196=B_SPLINE_CURVE_WITH_KNOTS('',3,(#5421,#5422,#5423,#5424,#5425,#5426,
#5427,#5428,#5429,#5430,#5431,#5432,#5433,#5434,#5435),.UNSPECIFIED.,.F.,
 .F.,(4,1,1,1,1,1,1,1,1,1,1,1,4),(0.,0.125,0.1875,0.25,0.3125,0.375,0.5,
0.5625,0.625,0.75,0.8125,0.875,1.),.UNSPECIFIED.);
#197=B_SPLINE_CURVE_WITH_KNOTS('',3,(#5438,#5439,#5440,#5441,#5442,#5443,
#5444,#5445,#5446,#5447,#5448,#5449,#5450,#5451,#5452),.UNSPECIFIED.,.F.,
 .F.,(4,1,1,1,1,1,1,1,1,1,1,1,4),(0.,0.125,0.1875,0.25,0.3125,0.375,0.5,
0.5625,0.625,0.75,0.8125,0.875,1.),.UNSPECIFIED.);
#198=B_SPLINE_CURVE_WITH_KNOTS('',3,(#5493,#5494,#5495,#5496,#5497,#5498,
#5499,#5500,#5501,#5502,#5503,#5504,#5505,#5506,#5507),.UNSPECIFIED.,.F.,
 .F.,(4,1,1,1,1,1,1,1,1,1,1,1,4),(-1.,-0.875,-0.8125,-0.75,-0.625,-0.5625,
-0.5,-0.375,-0.3125,-0.25,-0.1875,-0.125,0.),.UNSPECIFIED.);
#199=B_SPLINE_CURVE_WITH_KNOTS('',3,(#5510,#5511,#5512,#5513,#5514,#5515,
#5516,#5517,#5518,#5519,#5520,#5521,#5522,#5523,#5524),.UNSPECIFIED.,.F.,
 .F.,(4,1,1,1,1,1,1,1,1,1,1,1,4),(0.,0.125,0.1875,0.25,0.3125,0.375,0.5,
0.5625,0.625,0.75,0.8125,0.875,1.),.UNSPECIFIED.);
#200=B_SPLINE_CURVE_WITH_KNOTS('',3,(#5562,#5563,#5564,#5565,#5566,#5567,
#5568,#5569,#5570,#5571,#5572,#5573,#5574,#5575,#5576),.UNSPECIFIED.,.F.,
 .F.,(4,1,1,1,1,1,1,1,1,1,1,1,4),(-1.,-0.875,-0.8125,-0.75,-0.625,-0.5625,
-0.5,-0.375,-0.3125,-0.25,-0.1875,-0.125,0.),.UNSPECIFIED.);
#201=B_SPLINE_CURVE_WITH_KNOTS('',3,(#5579,#5580,#5581,#5582,#5583,#5584,
#5585,#5586,#5587,#5588,#5589,#5590,#5591,#5592,#5593),.UNSPECIFIED.,.F.,
 .F.,(4,1,1,1,1,1,1,1,1,1,1,1,4),(0.,0.125,0.1875,0.25,0.3125,0.375,0.5,
0.5625,0.625,0.75,0.8125,0.875,1.),.UNSPECIFIED.);
#202=B_SPLINE_CURVE_WITH_KNOTS('',3,(#5631,#5632,#5633,#5634,#5635,#5636,
#5637,#5638,#5639,#5640,#5641,#5642,#5643,#5644,#5645),.UNSPECIFIED.,.F.,
 .F.,(4,1,1,1,1,1,1,1,1,1,1,1,4),(-1.,-0.875,-0.8125,-0.75,-0.625,-0.5625,
-0.5,-0.375,-0.3125,-0.25,-0.1875,-0.125,0.),.UNSPECIFIED.);
#203=B_SPLINE_CURVE_WITH_KNOTS('',3,(#5648,#5649,#5650,#5651,#5652,#5653,
#5654,#5655,#5656,#5657,#5658,#5659,#5660,#5661,#5662),.UNSPECIFIED.,.F.,
 .F.,(4,1,1,1,1,1,1,1,1,1,1,1,4),(0.,0.125,0.1875,0.25,0.3125,0.375,0.5,
0.5625,0.625,0.75,0.8125,0.875,1.),.UNSPECIFIED.);
#204=B_SPLINE_CURVE_WITH_KNOTS('',3,(#5694,#5695,#5696,#5697,#5698,#5699,
#5700,#5701,#5702,#5703,#5704,#5705,#5706,#5707,#5708),.UNSPECIFIED.,.F.,
 .F.,(4,1,1,1,1,1,1,1,1,1,1,1,4),(-1.,-0.875,-0.8125,-0.75,-0.625,-0.5625,
-0.5,-0.375,-0.3125,-0.25,-0.1875,-0.125,0.),.UNSPECIFIED.);
#205=B_SPLINE_CURVE_WITH_KNOTS('',3,(#5710,#5711,#5712,#5713,#5714,#5715,
#5716,#5717,#5718,#5719,#5720,#5721,#5722,#5723,#5724),.UNSPECIFIED.,.F.,
 .F.,(4,1,1,1,1,1,1,1,1,1,1,1,4),(0.,0.125,0.1875,0.25,0.3125,0.375,0.5,
0.5625,0.625,0.75,0.8125,0.875,1.),.UNSPECIFIED.);
#206=B_SPLINE_CURVE_WITH_KNOTS('',3,(#5805,#5806,#5807,#5808,#5809,#5810,
#5811,#5812,#5813,#5814,#5815,#5816,#5817,#5818,#5819,#5820,#5821,#5822,
#5823,#5824,#5825,#5826,#5827,#5828),.UNSPECIFIED.,.F.,.F.,(4,2,2,2,2,2,
2,2,2,2,2,4),(-1.,-0.875,-0.75,-0.6875,-0.625,-0.5625,-0.499999999999999,
-0.374999999999999,-0.249999999999999,-0.1875,-0.124999999999999,0.),
 .UNSPECIFIED.);
#207=B_SPLINE_CURVE_WITH_KNOTS('',5,(#5831,#5832,#5833,#5834,#5835,#5836),
 .UNSPECIFIED.,.F.,.F.,(6,6),(-1.,0.),.UNSPECIFIED.);
#208=B_SPLINE_CURVE_WITH_KNOTS('',3,(#5918,#5919,#5920,#5921,#5922,#5923,
#5924,#5925,#5926,#5927,#5928,#5929,#5930,#5931,#5932,#5933,#5934,#5935,
#5936,#5937,#5938,#5939,#5940,#5941),.UNSPECIFIED.,.F.,.F.,(4,2,2,2,2,2,
2,2,2,2,2,4),(-1.,-0.875,-0.75,-0.6875,-0.625,-0.5625,-0.499999999999999,
-0.374999999999999,-0.249999999999999,-0.1875,-0.124999999999999,0.),
 .UNSPECIFIED.);
#209=B_SPLINE_CURVE_WITH_KNOTS('',5,(#5942,#5943,#5944,#5945,#5946,#5947),
 .UNSPECIFIED.,.F.,.F.,(6,6),(-1.,0.),.UNSPECIFIED.);
#210=B_SPLINE_CURVE_WITH_KNOTS('',3,(#6029,#6030,#6031,#6032,#6033,#6034,
#6035,#6036,#6037,#6038,#6039,#6040,#6041,#6042,#6043,#6044,#6045,#6046,
#6047,#6048,#6049,#6050,#6051,#6052),.UNSPECIFIED.,.F.,.F.,(4,2,2,2,2,2,
2,2,2,2,2,4),(-1.,-0.875,-0.75,-0.6875,-0.625,-0.5625,-0.5,-0.375,-0.25,
-0.1875,-0.125000000000001,0.),.UNSPECIFIED.);
#211=B_SPLINE_CURVE_WITH_KNOTS('',5,(#6053,#6054,#6055,#6056,#6057,#6058),
 .UNSPECIFIED.,.F.,.F.,(6,6),(-1.,0.),.UNSPECIFIED.);
#212=B_SPLINE_CURVE_WITH_KNOTS('',5,(#6138,#6139,#6140,#6141,#6142,#6143),
 .UNSPECIFIED.,.F.,.F.,(6,6),(-1.,0.),.UNSPECIFIED.);
#213=B_SPLINE_CURVE_WITH_KNOTS('',3,(#6146,#6147,#6148,#6149,#6150,#6151,
#6152,#6153,#6154,#6155,#6156,#6157,#6158,#6159,#6160,#6161,#6162,#6163,
#6164,#6165,#6166,#6167,#6168,#6169),.UNSPECIFIED.,.F.,.F.,(4,2,2,2,2,2,
2,2,2,2,2,4),(-1.,-0.875,-0.75,-0.6875,-0.625,-0.5625,-0.5,-0.375,-0.249999999999999,
-0.187499999999999,-0.125,0.),.UNSPECIFIED.);
#214=B_SPLINE_CURVE_WITH_KNOTS('',3,(#6176,#6177,#6178,#6179,#6180,#6181,
#6182,#6183,#6184,#6185,#6186,#6187,#6188,#6189,#6190,#6191,#6192,#6193,
#6194,#6195,#6196,#6197,#6198,#6199),.UNSPECIFIED.,.F.,.F.,(4,2,2,2,2,2,
2,2,2,2,2,4),(0.,0.125,0.1875,0.25,0.375,0.4375,0.5,0.625,0.6875,0.75,0.875,
1.),.UNSPECIFIED.);
#215=B_SPLINE_CURVE_WITH_KNOTS('',3,(#6203,#6204,#6205,#6206,#6207,#6208,
#6209,#6210,#6211,#6212,#6213,#6214,#6215,#6216,#6217,#6218,#6219,#6220,
#6221,#6222,#6223,#6224,#6225,#6226),.UNSPECIFIED.,.F.,.F.,(4,2,2,2,2,2,
2,2,2,2,2,4),(0.,0.125,0.1875,0.25,0.375,0.4375,0.5,0.625,0.6875,0.75,0.875,
1.),.UNSPECIFIED.);
#216=B_SPLINE_CURVE_WITH_KNOTS('',3,(#6230,#6231,#6232,#6233,#6234,#6235,
#6236,#6237,#6238,#6239,#6240,#6241,#6242,#6243,#6244,#6245,#6246,#6247,
#6248,#6249,#6250,#6251,#6252,#6253),.UNSPECIFIED.,.F.,.F.,(4,2,2,2,2,2,
2,2,2,2,2,4),(0.,0.125,0.1875,0.25,0.375,0.4375,0.5,0.625,0.6875,0.75,0.875,
1.),.UNSPECIFIED.);
#217=B_SPLINE_CURVE_WITH_KNOTS('',3,(#6257,#6258,#6259,#6260,#6261,#6262,
#6263,#6264,#6265,#6266,#6267,#6268,#6269,#6270,#6271,#6272,#6273,#6274,
#6275,#6276,#6277,#6278,#6279,#6280),.UNSPECIFIED.,.F.,.F.,(4,2,2,2,2,2,
2,2,2,2,2,4),(0.,0.125,0.1875,0.25,0.375,0.4375,0.5,0.625,0.6875,0.75,0.875,
1.),.UNSPECIFIED.);
#218=B_SPLINE_CURVE_WITH_KNOTS('',3,(#6298,#6299,#6300,#6301,#6302,#6303,
#6304,#6305,#6306,#6307,#6308,#6309,#6310,#6311,#6312,#6313,#6314,#6315,
#6316,#6317,#6318,#6319,#6320,#6321,#6322,#6323,#6324,#6325,#6326,#6327,
#6328,#6329,#6330,#6331,#6332,#6333,#6334,#6335,#6336,#6337,#6338,#6339,
#6340,#6341,#6342,#6343,#6344,#6345,#6346,#6347,#6348,#6349,#6350,#6351,
#6352,#6353,#6354,#6355,#6356,#6357,#6358,#6359,#6360,#6361,#6362,#6363,
#6364,#6365,#6366,#6367,#6368,#6369,#6370,#6371),.UNSPECIFIED.,.F.,.F.,
(4,2,2,2,2,2,2,2,2,2,2,2,2,2,2,2,2,2,2,2,2,2,2,2,2,2,2,2,2,2,2,2,2,2,2,
2,4),(-1.,-0.975727729749748,-0.951164471535192,-0.926289094846106,-0.901077630628996,
-0.875502718630077,-0.8495329187022,-0.822894632591366,-0.795766413940463,
-0.768095971075353,-0.739821648495643,-0.710870718112988,-0.681158101168193,
-0.650587037143642,-0.619055746317063,-0.586480008939444,-0.552851785706776,
-0.518074640194199,-0.483256787805626,-0.449020979415155,-0.415744101753468,
-0.383531161762727,-0.352337909603792,-0.322068210606446,-0.292619127833895,
-0.263896741348983,-0.235819929244654,-0.208319914731278,-0.181584846095029,
-0.155268187155796,-0.129335919994399,-0.103758475332946,-0.0778188564997092,
-0.053013941480658,-0.0284476447300109,-0.00419193629376844,0.),
 .UNSPECIFIED.);
#219=B_SPLINE_CURVE_WITH_KNOTS('',3,(#6390,#6391,#6392,#6393,#6394,#6395,
#6396,#6397,#6398,#6399,#6400,#6401,#6402,#6403,#6404,#6405,#6406,#6407,
#6408,#6409,#6410,#6411,#6412,#6413,#6414,#6415,#6416,#6417,#6418,#6419,
#6420,#6421,#6422,#6423,#6424,#6425,#6426,#6427,#6428,#6429,#6430,#6431,
#6432,#6433,#6434,#6435,#6436,#6437,#6438,#6439,#6440,#6441,#6442,#6443,
#6444,#6445,#6446,#6447,#6448,#6449,#6450,#6451,#6452,#6453,#6454,#6455,
#6456,#6457,#6458,#6459,#6460,#6461,#6462,#6463),.UNSPECIFIED.,.F.,.F.,
(4,2,2,2,2,2,2,2,2,2,2,2,2,2,2,2,2,2,2,2,2,2,2,2,2,2,2,2,2,2,2,2,2,2,2,
2,4),(-1.,-0.975727729749759,-0.951164471535195,-0.92628909484607,-0.901077630628963,
-0.875502718630063,-0.849532918702203,-0.822894632591363,-0.795766413940452,
-0.76809597107533,-0.739821648495618,-0.710870718112957,-0.68115810116816,
-0.650587037143599,-0.619055746317027,-0.586480008939399,-0.552851785706729,
-0.518074640194155,-0.483256787805586,-0.449020979415113,-0.415744101753434,
-0.383531161762698,-0.352337909603763,-0.322068210606425,-0.292619127833871,
-0.263896741348956,-0.235819929244628,-0.208319914731246,-0.181584846094997,
-0.155268187155763,-0.129335919994368,-0.103758475332911,-0.0778188564996829,
-0.0530139414806318,-0.0284476447299813,-0.00419193629373497,0.),
 .UNSPECIFIED.);
#220=B_SPLINE_CURVE_WITH_KNOTS('',3,(#6482,#6483,#6484,#6485,#6486,#6487,
#6488,#6489,#6490,#6491,#6492,#6493,#6494,#6495,#6496,#6497,#6498,#6499,
#6500,#6501,#6502,#6503,#6504,#6505,#6506,#6507,#6508,#6509,#6510,#6511,
#6512,#6513,#6514,#6515,#6516,#6517,#6518,#6519,#6520,#6521,#6522,#6523,
#6524,#6525,#6526,#6527,#6528,#6529,#6530,#6531,#6532,#6533,#6534,#6535,
#6536,#6537,#6538,#6539,#6540,#6541,#6542,#6543,#6544,#6545,#6546,#6547,
#6548,#6549,#6550,#6551,#6552,#6553,#6554,#6555),.UNSPECIFIED.,.F.,.F.,
(4,2,2,2,2,2,2,2,2,2,2,2,2,2,2,2,2,2,2,2,2,2,2,2,2,2,2,2,2,2,2,2,2,2,2,
2,4),(-1.,-0.975727729749762,-0.95116447153516,-0.92628909484606,-0.901077630629006,
-0.875502718630138,-0.849532918702275,-0.822894632591437,-0.795766413940531,
-0.768095971075416,-0.739821648495717,-0.710870718113059,-0.681158101168253,
-0.650587037143695,-0.619055746317129,-0.586480008939512,-0.552851785706844,
-0.518074640194267,-0.483256787805693,-0.449020979415221,-0.415744101753536,
-0.383531161762801,-0.35233790960387,-0.322068210606523,-0.292619127833972,
-0.26389674134906,-0.235819929244723,-0.208319914731343,-0.181584846095093,
-0.155268187155857,-0.129335919994458,-0.103758475333004,-0.077818856499753,
-0.0530139414807002,-0.0284476447300541,-0.00419193629380998,0.),
 .UNSPECIFIED.);
#221=B_SPLINE_CURVE_WITH_KNOTS('',3,(#6574,#6575,#6576,#6577,#6578,#6579,
#6580,#6581,#6582,#6583,#6584,#6585,#6586,#6587,#6588,#6589,#6590,#6591,
#6592,#6593,#6594,#6595,#6596,#6597,#6598,#6599,#6600,#6601,#6602,#6603,
#6604,#6605,#6606,#6607,#6608,#6609,#6610,#6611,#6612,#6613,#6614,#6615,
#6616,#6617,#6618,#6619,#6620,#6621,#6622,#6623,#6624,#6625,#6626,#6627,
#6628,#6629,#6630,#6631,#6632,#6633,#6634,#6635,#6636,#6637,#6638,#6639,
#6640,#6641,#6642,#6643,#6644,#6645,#6646,#6647),.UNSPECIFIED.,.F.,.F.,
(4,2,2,2,2,2,2,2,2,2,2,2,2,2,2,2,2,2,2,2,2,2,2,2,2,2,2,2,2,2,2,2,2,2,2,
2,4),(-1.,-0.975727729749771,-0.951164471535191,-0.9262890948461,-0.901077630629027,
-0.875502718630143,-0.849532918702272,-0.822894632591434,-0.795766413940534,
-0.768095971075428,-0.739821648495722,-0.710870718113064,-0.681158101168272,
-0.650587037143705,-0.619055746317128,-0.586480008939509,-0.552851785706863,
-0.518074640194287,-0.483256787805709,-0.449020979415231,-0.415744101753548,
-0.383531161762807,-0.352337909603869,-0.322068210606524,-0.292619127833971,
-0.263896741349058,-0.235819929244721,-0.208319914731343,-0.181584846095093,
-0.15526818715586,-0.129335919994463,-0.103758475333006,-0.0778188564997544,
-0.0530139414807002,-0.0284476447300506,-0.00419193629380511,0.),
 .UNSPECIFIED.);
#222=B_SPLINE_CURVE_WITH_KNOTS('',3,(#6929,#6930,#6931,#6932,#6933,#6934,
#6935,#6936,#6937,#6938,#6939,#6940,#6941,#6942,#6943,#6944,#6945,#6946,
#6947,#6948,#6949,#6950,#6951,#6952),.UNSPECIFIED.,.F.,.F.,(4,2,2,2,2,2,
2,2,2,2,2,4),(0.,0.125,0.25,0.3125,0.375,0.4375,0.5,0.625,0.75,0.812499999999999,
0.874999999999999,1.),.UNSPECIFIED.);
#223=B_SPLINE_CURVE_WITH_KNOTS('',3,(#7031,#7032,#7033,#7034,#7035,#7036,
#7037,#7038,#7039,#7040,#7041,#7042,#7043,#7044,#7045,#7046,#7047,#7048,
#7049,#7050,#7051,#7052,#7053,#7054),.UNSPECIFIED.,.F.,.F.,(4,2,2,2,2,2,
2,2,2,2,2,4),(0.,0.125,0.25,0.3125,0.375,0.4375,0.500000000000001,0.625000000000001,
0.750000000000001,0.8125,0.875000000000001,1.),.UNSPECIFIED.);
#224=B_SPLINE_CURVE_WITH_KNOTS('',3,(#7134,#7135,#7136,#7137,#7138,#7139,
#7140,#7141,#7142,#7143,#7144,#7145,#7146,#7147,#7148,#7149,#7150,#7151,
#7152,#7153,#7154,#7155,#7156,#7157),.UNSPECIFIED.,.F.,.F.,(4,2,2,2,2,2,
2,2,2,2,2,4),(0.,0.125,0.25,0.3125,0.375,0.4375,0.5,0.625,0.750000000000001,
0.8125,0.875000000000001,1.),.UNSPECIFIED.);
#225=B_SPLINE_CURVE_WITH_KNOTS('',3,(#7235,#7236,#7237,#7238,#7239,#7240,
#7241,#7242,#7243,#7244,#7245,#7246,#7247,#7248,#7249,#7250,#7251,#7252,
#7253,#7254,#7255,#7256,#7257,#7258),.UNSPECIFIED.,.F.,.F.,(4,2,2,2,2,2,
2,2,2,2,2,4),(0.,0.125,0.25,0.3125,0.375,0.4375,0.5,0.625,0.750000000000001,
0.812500000000001,0.875,1.),.UNSPECIFIED.);
#226=B_SPLINE_CURVE_WITH_KNOTS('',5,(#7406,#7407,#7408,#7409,#7410,#7411),
 .UNSPECIFIED.,.F.,.F.,(6,6),(0.,1.),.UNSPECIFIED.);
#227=B_SPLINE_CURVE_WITH_KNOTS('',5,(#7415,#7416,#7417,#7418,#7419,#7420),
 .UNSPECIFIED.,.F.,.F.,(6,6),(0.,1.),.UNSPECIFIED.);
#228=B_SPLINE_CURVE_WITH_KNOTS('',5,(#7424,#7425,#7426,#7427,#7428,#7429),
 .UNSPECIFIED.,.F.,.F.,(6,6),(0.,1.),.UNSPECIFIED.);
#229=B_SPLINE_CURVE_WITH_KNOTS('',5,(#7432,#7433,#7434,#7435,#7436,#7437),
 .UNSPECIFIED.,.F.,.F.,(6,6),(0.,1.),.UNSPECIFIED.);
#230=B_SPLINE_CURVE_WITH_KNOTS('',5,(#7473,#7474,#7475,#7476,#7477,#7478),
 .UNSPECIFIED.,.F.,.F.,(6,6),(0.,1.),.UNSPECIFIED.);
#231=B_SPLINE_CURVE_WITH_KNOTS('',5,(#7517,#7518,#7519,#7520,#7521,#7522),
 .UNSPECIFIED.,.F.,.F.,(6,6),(0.,1.),.UNSPECIFIED.);
#232=B_SPLINE_CURVE_WITH_KNOTS('',5,(#7561,#7562,#7563,#7564,#7565,#7566),
 .UNSPECIFIED.,.F.,.F.,(6,6),(0.,1.),.UNSPECIFIED.);
#233=B_SPLINE_CURVE_WITH_KNOTS('',5,(#7605,#7606,#7607,#7608,#7609,#7610),
 .UNSPECIFIED.,.F.,.F.,(6,6),(0.,1.),.UNSPECIFIED.);
#234=B_SPLINE_CURVE_WITH_KNOTS('',3,(#8023,#8024,#8025,#8026,#8027,#8028,
#8029,#8030,#8031,#8032,#8033,#8034,#8035,#8036,#8037,#8038,#8039,#8040,
#8041,#8042,#8043,#8044,#8045,#8046,#8047,#8048,#8049,#8050,#8051,#8052,
#8053,#8054,#8055,#8056,#8057,#8058,#8059,#8060,#8061,#8062,#8063,#8064,
#8065,#8066,#8067,#8068,#8069,#8070,#8071,#8072,#8073,#8074,#8075,#8076,
#8077,#8078,#8079,#8080,#8081,#8082,#8083,#8084,#8085,#8086,#8087,#8088,
#8089,#8090,#8091,#8092,#8093,#8094,#8095,#8096,#8097,#8098,#8099,#8100,
#8101,#8102,#8103,#8104,#8105,#8106,#8107,#8108,#8109,#8110,#8111,#8112,
#8113,#8114,#8115,#8116,#8117,#8118,#8119,#8120,#8121,#8122,#8123,#8124,
#8125,#8126,#8127,#8128,#8129,#8130,#8131,#8132,#8133,#8134,#8135,#8136),
 .UNSPECIFIED.,.F.,.F.,(4,2,2,2,2,2,2,2,2,2,2,2,2,2,2,2,2,2,2,2,2,2,2,2,
2,2,2,2,2,2,2,2,2,2,2,2,2,2,2,2,2,2,2,2,2,2,2,2,2,2,2,2,2,2,2,2,4),(-1.,
-0.9375,-0.90625,-0.875,-0.859375,-0.84375,-0.828125,-0.8125,-0.796875,
-0.78125,-0.765625,-0.749999999999999,-0.7421875,-0.734375,-0.7265625,-0.718749999999999,
-0.703125,-0.6875,-0.65625,-0.640625,-0.625,-0.609375,-0.59375,-0.578125,
-0.5703125,-0.5625,-0.5546875,-0.546875,-0.53125,-0.515625,-0.5,-0.4921875,
-0.484375,-0.46875,-0.4375,-0.421875,-0.40625,-0.3984375,-0.390625,-0.3828125,
-0.375,-0.359375,-0.34375,-0.3125,-0.28125,-0.265625,-0.25,-0.234375,-0.2265625,
-0.21875,-0.2109375,-0.203125,-0.1875,-0.15625,-0.125,-0.0625,0.),
 .UNSPECIFIED.);
#235=B_SPLINE_CURVE_WITH_KNOTS('',3,(#8173,#8174,#8175,#8176,#8177,#8178,
#8179,#8180,#8181,#8182,#8183,#8184,#8185,#8186,#8187,#8188,#8189,#8190,
#8191,#8192,#8193,#8194,#8195,#8196,#8197,#8198,#8199,#8200,#8201,#8202,
#8203,#8204,#8205,#8206,#8207,#8208,#8209,#8210,#8211,#8212,#8213,#8214,
#8215,#8216,#8217,#8218,#8219,#8220,#8221,#8222,#8223,#8224,#8225,#8226,
#8227,#8228,#8229,#8230,#8231,#8232,#8233,#8234,#8235,#8236,#8237,#8238,
#8239,#8240,#8241,#8242,#8243,#8244,#8245,#8246,#8247,#8248,#8249,#8250,
#8251,#8252,#8253,#8254,#8255,#8256,#8257,#8258,#8259,#8260,#8261,#8262,
#8263,#8264,#8265,#8266,#8267,#8268,#8269,#8270,#8271,#8272,#8273,#8274,
#8275,#8276,#8277,#8278,#8279,#8280,#8281,#8282,#8283,#8284,#8285,#8286),
 .UNSPECIFIED.,.F.,.F.,(4,2,2,2,2,2,2,2,2,2,2,2,2,2,2,2,2,2,2,2,2,2,2,2,
2,2,2,2,2,2,2,2,2,2,2,2,2,2,2,2,2,2,2,2,2,2,2,2,2,2,2,2,2,2,2,2,4),(-1.,
-0.937500000000002,-0.90625,-0.875000000000001,-0.859375000000001,-0.843750000000001,
-0.828125000000001,-0.812500000000001,-0.796875000000001,-0.781250000000001,
-0.765625,-0.750000000000001,-0.742187500000001,-0.734375000000001,-0.726562500000001,
-0.718750000000001,-0.703125000000001,-0.687500000000001,-0.656250000000001,
-0.640625000000001,-0.625,-0.609375000000001,-0.59375,-0.578125000000001,
-0.570312500000001,-0.562500000000001,-0.5546875,-0.546875000000001,-0.531250000000001,
-0.515625,-0.500000000000001,-0.4921875,-0.484375,-0.468750000000001,-0.437500000000001,
-0.421875,-0.40625,-0.3984375,-0.390625,-0.3828125,-0.375,-0.359375,-0.34375,
-0.3125,-0.281250000000001,-0.265625,-0.25,-0.234375,-0.2265625,-0.21875,
-0.2109375,-0.203125,-0.1875,-0.15625,-0.125,-0.0625,0.),.UNSPECIFIED.);
#236=B_SPLINE_CURVE_WITH_KNOTS('',3,(#8323,#8324,#8325,#8326,#8327,#8328,
#8329,#8330,#8331,#8332,#8333,#8334,#8335,#8336,#8337,#8338,#8339,#8340,
#8341,#8342,#8343,#8344,#8345,#8346,#8347,#8348,#8349,#8350,#8351,#8352,
#8353,#8354,#8355,#8356,#8357,#8358,#8359,#8360,#8361,#8362,#8363,#8364,
#8365,#8366,#8367,#8368,#8369,#8370,#8371,#8372,#8373,#8374,#8375,#8376,
#8377,#8378,#8379,#8380,#8381,#8382,#8383,#8384,#8385,#8386,#8387,#8388,
#8389,#8390,#8391,#8392,#8393,#8394,#8395,#8396,#8397,#8398,#8399,#8400,
#8401,#8402,#8403,#8404,#8405,#8406,#8407,#8408,#8409,#8410,#8411,#8412,
#8413,#8414,#8415,#8416,#8417,#8418,#8419,#8420,#8421,#8422,#8423,#8424,
#8425,#8426,#8427,#8428,#8429,#8430,#8431,#8432,#8433,#8434,#8435,#8436),
 .UNSPECIFIED.,.F.,.F.,(4,2,2,2,2,2,2,2,2,2,2,2,2,2,2,2,2,2,2,2,2,2,2,2,
2,2,2,2,2,2,2,2,2,2,2,2,2,2,2,2,2,2,2,2,2,2,2,2,2,2,2,2,2,2,2,2,4),(-1.,
-0.937499999999999,-0.906249999999999,-0.875,-0.859375,-0.84375,-0.828125,
-0.812499999999999,-0.796874999999999,-0.781249999999999,-0.765624999999999,
-0.75,-0.7421875,-0.734375,-0.7265625,-0.71875,-0.703125,-0.6875,-0.656249999999999,
-0.640624999999999,-0.625,-0.609375,-0.59375,-0.578125,-0.5703125,-0.5625,
-0.554687499999999,-0.546874999999999,-0.531249999999999,-0.515625,-0.5,
-0.4921875,-0.484375,-0.46875,-0.4375,-0.421874999999999,-0.40625,-0.3984375,
-0.390625,-0.3828125,-0.375,-0.359375,-0.34375,-0.3125,-0.28125,-0.265625,
-0.25,-0.234375,-0.2265625,-0.21875,-0.2109375,-0.203125,-0.1875,-0.15625,
-0.125,-0.0625,0.),.UNSPECIFIED.);
#237=B_SPLINE_CURVE_WITH_KNOTS('',3,(#8473,#8474,#8475,#8476,#8477,#8478,
#8479,#8480,#8481,#8482,#8483,#8484,#8485,#8486,#8487,#8488,#8489,#8490,
#8491,#8492,#8493,#8494,#8495,#8496,#8497,#8498,#8499,#8500,#8501,#8502,
#8503,#8504,#8505,#8506,#8507,#8508,#8509,#8510,#8511,#8512,#8513,#8514,
#8515,#8516,#8517,#8518,#8519,#8520,#8521,#8522,#8523,#8524,#8525,#8526,
#8527,#8528,#8529,#8530,#8531,#8532,#8533,#8534,#8535,#8536,#8537,#8538,
#8539,#8540,#8541,#8542,#8543,#8544,#8545,#8546,#8547,#8548,#8549,#8550,
#8551,#8552,#8553,#8554,#8555,#8556,#8557,#8558,#8559,#8560,#8561,#8562,
#8563,#8564,#8565,#8566,#8567,#8568,#8569,#8570,#8571,#8572,#8573,#8574,
#8575,#8576,#8577,#8578,#8579,#8580,#8581,#8582,#8583,#8584,#8585,#8586),
 .UNSPECIFIED.,.F.,.F.,(4,2,2,2,2,2,2,2,2,2,2,2,2,2,2,2,2,2,2,2,2,2,2,2,
2,2,2,2,2,2,2,2,2,2,2,2,2,2,2,2,2,2,2,2,2,2,2,2,2,2,2,2,2,2,2,2,4),(-1.,
-0.937500000000001,-0.906250000000001,-0.875000000000001,-0.859375,-0.843750000000001,
-0.828125000000001,-0.812500000000001,-0.796875000000001,-0.781250000000001,
-0.765625,-0.75,-0.742187500000001,-0.734375,-0.726562500000001,-0.718750000000001,
-0.703125000000001,-0.687500000000001,-0.65625,-0.640625,-0.625,-0.609375000000001,
-0.593750000000001,-0.578125000000001,-0.5703125,-0.5625,-0.554687500000001,
-0.546875,-0.53125,-0.515625,-0.500000000000001,-0.4921875,-0.484375000000001,
-0.468750000000001,-0.4375,-0.421875,-0.40625,-0.3984375,-0.390625,-0.3828125,
-0.375,-0.359375000000001,-0.34375,-0.3125,-0.28125,-0.265625,-0.25,-0.234375,
-0.2265625,-0.21875,-0.2109375,-0.203125,-0.1875,-0.15625,-0.125,-0.0625,
0.),.UNSPECIFIED.);
#238=B_SPLINE_CURVE_WITH_KNOTS('',3,(#8595,#8596,#8597,#8598,#8599,#8600,
#8601,#8602,#8603,#8604,#8605,#8606,#8607,#8608,#8609,#8610,#8611,#8612,
#8613,#8614,#8615,#8616,#8617,#8618,#8619,#8620,#8621,#8622,#8623,#8624,
#8625,#8626,#8627,#8628,#8629,#8630,#8631,#8632,#8633,#8634,#8635,#8636,
#8637,#8638,#8639,#8640,#8641,#8642,#8643,#8644,#8645,#8646,#8647,#8648,
#8649,#8650,#8651,#8652,#8653,#8654,#8655,#8656,#8657,#8658,#8659,#8660,
#8661,#8662,#8663,#8664,#8665,#8666,#8667,#8668,#8669,#8670,#8671,#8672,
#8673,#8674,#8675,#8676,#8677,#8678,#8679,#8680,#8681,#8682,#8683,#8684,
#8685,#8686,#8687,#8688,#8689,#8690,#8691,#8692,#8693,#8694,#8695,#8696,
#8697,#8698,#8699,#8700,#8701,#8702,#8703,#8704,#8705,#8706),
 .UNSPECIFIED.,.F.,.F.,(4,2,2,2,2,2,1,2,2,2,2,2,2,2,2,2,2,2,2,2,2,2,2,2,
2,2,2,2,2,2,2,2,2,2,2,2,2,2,2,2,2,2,1,2,2,2,2,2,2,2,2,2,2,2,2,2,4),(-1.,
-0.9375,-0.875,-0.84375,-0.8125,-0.796875,-0.7890625,-0.78125,-0.7734375,
-0.765625,-0.75,-0.734375,-0.71875,-0.6875,-0.65625,-0.640624999999999,
-0.625,-0.6171875,-0.609375,-0.6015625,-0.59375,-0.578125,-0.5625,-0.531249999999999,
-0.515624999999999,-0.5078125,-0.499999999999999,-0.484375,-0.46875,-0.453125,
-0.445312499999999,-0.4375,-0.4296875,-0.421874999999999,-0.406249999999999,
-0.390624999999999,-0.375,-0.359375,-0.34375,-0.312499999999999,-0.296874999999999,
-0.281249999999999,-0.273437499999999,-0.265625,-0.257812499999999,-0.25,
-0.234375,-0.218749999999999,-0.203124999999999,-0.187499999999999,-0.171874999999999,
-0.156249999999999,-0.140625,-0.124999999999999,-0.0937499999999992,-0.0624999999999989,
0.),.UNSPECIFIED.);
#239=B_SPLINE_CURVE_WITH_KNOTS('',3,(#8710,#8711,#8712,#8713,#8714,#8715,
#8716,#8717,#8718,#8719,#8720,#8721,#8722,#8723,#8724,#8725,#8726,#8727,
#8728,#8729,#8730,#8731,#8732,#8733,#8734,#8735,#8736,#8737,#8738,#8739,
#8740,#8741,#8742,#8743,#8744,#8745,#8746,#8747,#8748,#8749,#8750,#8751,
#8752,#8753,#8754,#8755,#8756,#8757,#8758,#8759,#8760,#8761,#8762,#8763,
#8764,#8765,#8766,#8767,#8768,#8769,#8770,#8771,#8772,#8773,#8774,#8775,
#8776,#8777,#8778,#8779,#8780,#8781,#8782,#8783,#8784,#8785,#8786,#8787,
#8788,#8789,#8790,#8791,#8792,#8793,#8794,#8795,#8796,#8797,#8798,#8799,
#8800,#8801,#8802,#8803,#8804,#8805,#8806,#8807,#8808,#8809,#8810,#8811,
#8812,#8813,#8814,#8815,#8816,#8817,#8818,#8819,#8820,#8821),
 .UNSPECIFIED.,.F.,.F.,(4,2,2,2,2,2,1,2,2,2,2,2,2,2,2,2,2,2,2,2,2,2,2,2,
2,2,2,2,2,2,2,2,2,2,2,2,2,2,2,2,2,2,1,2,2,2,2,2,2,2,2,2,2,2,2,2,4),(-1.,
-0.9375,-0.875,-0.84375,-0.8125,-0.796875,-0.7890625,-0.78125,-0.7734375,
-0.765625,-0.75,-0.734375,-0.71875,-0.6875,-0.65625,-0.640625,-0.625,-0.6171875,
-0.609375,-0.6015625,-0.59375,-0.578125000000001,-0.5625,-0.53125,-0.515625,
-0.5078125,-0.5,-0.484375,-0.468750000000001,-0.453125000000001,-0.445312500000001,
-0.4375,-0.4296875,-0.421875,-0.40625,-0.390625,-0.375,-0.359375000000001,
-0.343750000000001,-0.3125,-0.296875,-0.28125,-0.2734375,-0.265625,-0.2578125,
-0.25,-0.234375000000001,-0.218750000000001,-0.203125000000001,-0.187500000000001,
-0.171875,-0.15625,-0.140625,-0.125,-0.0937500000000007,-0.0625000000000005,
0.),.UNSPECIFIED.);
#240=B_SPLINE_CURVE_WITH_KNOTS('',3,(#8825,#8826,#8827,#8828,#8829,#8830,
#8831,#8832,#8833,#8834,#8835,#8836,#8837,#8838,#8839,#8840,#8841,#8842,
#8843,#8844,#8845,#8846,#8847,#8848,#8849,#8850,#8851,#8852,#8853,#8854,
#8855,#8856,#8857,#8858,#8859,#8860,#8861,#8862,#8863,#8864,#8865,#8866,
#8867,#8868,#8869,#8870,#8871,#8872,#8873,#8874,#8875,#8876,#8877,#8878,
#8879,#8880,#8881,#8882,#8883,#8884,#8885,#8886,#8887,#8888,#8889,#8890,
#8891,#8892,#8893,#8894,#8895,#8896,#8897,#8898,#8899,#8900,#8901,#8902,
#8903,#8904,#8905,#8906,#8907,#8908,#8909,#8910,#8911,#8912,#8913,#8914,
#8915,#8916,#8917,#8918,#8919,#8920,#8921,#8922,#8923,#8924,#8925,#8926,
#8927,#8928,#8929,#8930,#8931,#8932,#8933,#8934,#8935,#8936),
 .UNSPECIFIED.,.F.,.F.,(4,2,2,2,2,2,1,2,2,2,2,2,2,2,2,2,2,2,2,2,2,2,2,2,
2,2,2,2,2,2,2,2,2,2,2,2,2,2,2,2,2,2,1,2,2,2,2,2,2,2,2,2,2,2,2,2,4),(-1.,
-0.9375,-0.875,-0.84375,-0.8125,-0.796875,-0.7890625,-0.78125,-0.7734375,
-0.765625,-0.75,-0.734375,-0.718749999999999,-0.6875,-0.65625,-0.640625,
-0.625,-0.6171875,-0.609375,-0.6015625,-0.593749999999999,-0.578125,-0.562499999999999,
-0.531249999999999,-0.515625,-0.5078125,-0.499999999999999,-0.484375,-0.468749999999999,
-0.453124999999999,-0.4453125,-0.437499999999999,-0.429687499999999,-0.421874999999999,
-0.40625,-0.390624999999999,-0.375,-0.359374999999999,-0.343749999999999,
-0.312499999999999,-0.296874999999999,-0.281249999999999,-0.273437499999999,
-0.265624999999999,-0.257812499999999,-0.249999999999999,-0.234375,-0.218749999999999,
-0.203124999999999,-0.187499999999999,-0.171874999999999,-0.156249999999999,
-0.140624999999999,-0.124999999999999,-0.0937499999999996,-0.0624999999999985,
0.),.UNSPECIFIED.);
#241=B_SPLINE_CURVE_WITH_KNOTS('',3,(#8939,#8940,#8941,#8942,#8943,#8944,
#8945,#8946,#8947,#8948,#8949,#8950,#8951,#8952,#8953,#8954,#8955,#8956,
#8957,#8958,#8959,#8960,#8961,#8962,#8963,#8964,#8965,#8966,#8967,#8968,
#8969,#8970,#8971,#8972,#8973,#8974,#8975,#8976,#8977,#8978,#8979,#8980,
#8981,#8982,#8983,#8984,#8985,#8986,#8987,#8988,#8989,#8990,#8991,#8992,
#8993,#8994,#8995,#8996,#8997,#8998,#8999,#9000,#9001,#9002,#9003,#9004,
#9005,#9006,#9007,#9008,#9009,#9010,#9011,#9012,#9013,#9014,#9015,#9016,
#9017,#9018,#9019,#9020,#9021,#9022,#9023,#9024,#9025,#9026,#9027,#9028,
#9029,#9030,#9031,#9032,#9033,#9034,#9035,#9036,#9037,#9038,#9039,#9040,
#9041,#9042,#9043,#9044,#9045,#9046,#9047,#9048,#9049,#9050),
 .UNSPECIFIED.,.F.,.F.,(4,2,2,2,2,2,1,2,2,2,2,2,2,2,2,2,2,2,2,2,2,2,2,2,
2,2,2,2,2,2,2,2,2,2,2,2,2,2,2,2,2,2,1,2,2,2,2,2,2,2,2,2,2,2,2,2,4),(-1.,
-0.9375,-0.875,-0.84375,-0.8125,-0.796875,-0.7890625,-0.78125,-0.7734375,
-0.765625,-0.75,-0.734375,-0.71875,-0.6875,-0.65625,-0.640625,-0.625,-0.6171875,
-0.609375,-0.6015625,-0.59375,-0.578125,-0.5625,-0.53125,-0.515625,-0.5078125,
-0.5,-0.484375,-0.46875,-0.453125,-0.4453125,-0.4375,-0.4296875,-0.421875,
-0.40625,-0.390625,-0.375,-0.359375,-0.34375,-0.3125,-0.296875,-0.281250000000001,
-0.2734375,-0.265625,-0.2578125,-0.250000000000001,-0.234375,-0.21875,-0.203125,
-0.1875,-0.171875,-0.15625,-0.140625,-0.125,-0.0937500000000003,-0.0625000000000002,
0.),.UNSPECIFIED.);
#242=CAMERA_MODEL_D3('\X2\B4F1AC01D22CC601\X0\',#3548,#255);
#243=CAMERA_MODEL_D3('\X2\C815BA74\X0\',#3550,#256);
#244=CAMERA_MODEL_D3('\X2\D3C9BA74\X0\',#3552,#257);
#245=CAMERA_MODEL_D3('\X2\C6B0CE21BA74\X0\',#3554,#258);
#246=CAMERA_MODEL_D3('\X2\B4F1AC01D22CC601\X0\',#3752,#259);
#247=CAMERA_MODEL_D3('\X2\C815BA74\X0\',#3754,#260);
#248=CAMERA_MODEL_D3('\X2\D3C9BA74\X0\',#3756,#261);
#249=CAMERA_MODEL_D3('\X2\C6B0CE21BA74\X0\',#3758,#262);
#250=CAMERA_MODEL_D3('\X2\B4F1AC01D22CC601\X0\',#3766,#263);
#251=CAMERA_MODEL_D3('\X2\C815BA74\X0\',#3768,#264);
#252=CAMERA_MODEL_D3('\X2\D3C9BA74\X0\',#3770,#265);
#253=CAMERA_MODEL_D3('\X2\C6B0CE21BA74\X0\',#3772,#266);
#254=CAMERA_MODEL_D3('[1\X2\CC28\X0\]1',#3804,#267);
#255=VIEW_VOLUME(.PARALLEL.,#4864,16.9875424688562,0.,.F.,0.,.F.,.F.,#268);
#256=VIEW_VOLUME(.PARALLEL.,#4867,117.693146607172,0.,.F.,0.,.F.,.F.,#269);
#257=VIEW_VOLUME(.PARALLEL.,#4870,117.693146607172,0.,.F.,0.,.F.,.F.,#270);
#258=VIEW_VOLUME(.PARALLEL.,#4873,117.693146607172,0.,.F.,0.,.F.,.F.,#271);
#259=VIEW_VOLUME(.PARALLEL.,#9987,10.791345323741,0.,.F.,0.,.F.,.F.,#272);
#260=VIEW_VOLUME(.PARALLEL.,#9990,70.408569413369,0.,.F.,0.,.F.,.F.,#273);
#261=VIEW_VOLUME(.PARALLEL.,#9993,70.408569413369,0.,.F.,0.,.F.,.F.,#274);
#262=VIEW_VOLUME(.PARALLEL.,#9996,70.408569413369,0.,.F.,0.,.F.,.F.,#275);
#263=VIEW_VOLUME(.PARALLEL.,#10037,16.9875424688562,0.,.F.,0.,.F.,.F.,#276);
#264=VIEW_VOLUME(.PARALLEL.,#10040,117.693146607172,0.,.F.,0.,.F.,.F.,#277);
#265=VIEW_VOLUME(.PARALLEL.,#10043,117.693146607172,0.,.F.,0.,.F.,.F.,#278);
#266=VIEW_VOLUME(.PARALLEL.,#10046,117.693146607172,0.,.F.,0.,.F.,.F.,#279);
#267=VIEW_VOLUME(.PARALLEL.,#10167,521.386088004657,0.,.F.,0.,.F.,.F.,#280);
#268=PLANAR_BOX('view window',27.8110236220472,20.,#3549);
#269=PLANAR_BOX('view window',27.8110236220472,20.,#3551);
#270=PLANAR_BOX('view window',27.8110236220472,20.,#3553);
#271=PLANAR_BOX('view window',27.8110236220472,20.,#3555);
#272=PLANAR_BOX('view window',36.7724867724868,20.,#3753);
#273=PLANAR_BOX('view window',41.9241192411924,20.,#3755);
#274=PLANAR_BOX('view window',41.9241192411924,20.,#3757);
#275=PLANAR_BOX('view window',41.9241192411924,20.,#3759);
#276=PLANAR_BOX('view window',27.8110236220472,20.,#3767);
#277=PLANAR_BOX('view window',27.8110236220472,20.,#3769);
#278=PLANAR_BOX('view window',27.8110236220472,20.,#3771);
#279=PLANAR_BOX('view window',27.8110236220472,20.,#3773);
#280=PLANAR_BOX('view window',335.959828731187,246.452283120323,#3805);
#281=STYLED_ITEM('',(#3379),#308);
#282=STYLED_ITEM('',(#3382),#3303);
#283=STYLED_ITEM('',(#3382),#3304);
#284=STYLED_ITEM('',(#3382),#3305);
#285=STYLED_ITEM('',(#3382),#3306);
#286=STYLED_ITEM('',(#3381),#309);
#287=STYLED_ITEM('',(#3386),#3312);
#288=STYLED_ITEM('',(#3386),#3313);
#289=STYLED_ITEM('',(#3386),#3314);
#290=STYLED_ITEM('',(#3386),#3315);
#291=STYLED_ITEM('',(#3386),#3316);
#292=STYLED_ITEM('',(#3386),#3317);
#293=STYLED_ITEM('',(#3386),#3318);
#294=STYLED_ITEM('',(#3386),#3319);
#295=STYLED_ITEM('',(#3386),#3320);
#296=STYLED_ITEM('',(#3386),#3321);
#297=STYLED_ITEM('',(#3386),#3322);
#298=STYLED_ITEM('',(#3386),#3323);
#299=STYLED_ITEM('',(#3386),#3324);
#300=STYLED_ITEM('',(#3386),#3325);
#301=STYLED_ITEM('',(#3386),#3326);
#302=STYLED_ITEM('',(#3385),#310);
#303=STYLED_ITEM('',(#3387),#49);
#304=STYLED_ITEM('',(#3390),#51);
#305=STYLED_ITEM('',(#3391),#56);
#306=STYLED_ITEM('',(#3392),#61);
#307=STYLED_ITEM('',(#3393),#66);
#308=MANIFOLD_SOLID_BREP('\X2\C194B9ACB4DC\X0\1',#3327);
#309=MANIFOLD_SOLID_BREP('\X2\C194B9ACB4DC\X0\2',#3328);
#310=MANIFOLD_SOLID_BREP('\X2\C194B9ACB4DC\X0\2',#3329);
#311=FACE_BOUND('',#615,.T.);
#312=FACE_BOUND('',#616,.T.);
#313=FACE_BOUND('',#617,.T.);
#314=FACE_BOUND('',#618,.T.);
#315=FACE_BOUND('',#624,.T.);
#316=FACE_BOUND('',#625,.T.);
#317=FACE_BOUND('',#636,.T.);
#318=FACE_BOUND('',#637,.T.);
#319=FACE_BOUND('',#638,.T.);
#320=FACE_BOUND('',#639,.T.);
#321=FACE_BOUND('',#642,.T.);
#322=FACE_BOUND('',#643,.T.);
#323=FACE_BOUND('',#649,.T.);
#324=FACE_BOUND('',#650,.T.);
#325=FACE_BOUND('',#661,.T.);
#326=FACE_BOUND('',#679,.T.);
#327=FACE_BOUND('',#705,.T.);
#328=FACE_BOUND('',#709,.T.);
#329=FACE_BOUND('',#737,.T.);
#330=FACE_BOUND('',#740,.T.);
#331=FACE_BOUND('',#743,.T.);
#332=FACE_BOUND('',#746,.T.);
#333=FACE_BOUND('',#747,.T.);
#334=FACE_BOUND('',#748,.T.);
#335=FACE_BOUND('',#762,.T.);
#336=FACE_BOUND('',#791,.T.);
#337=FACE_BOUND('',#792,.T.);
#338=FACE_BOUND('',#813,.T.);
#339=FACE_BOUND('',#818,.T.);
#340=PLANE('',#3507);
#341=PLANE('',#3510);
#342=PLANE('',#3518);
#343=PLANE('',#3524);
#344=PLANE('',#3525);
#345=PLANE('',#3545);
#346=PLANE('',#3546);
#347=PLANE('',#3547);
#348=PLANE('',#3561);
#349=PLANE('',#3565);
#350=PLANE('',#3566);
#351=PLANE('',#3569);
#352=PLANE('',#3574);
#353=PLANE('',#3577);
#354=PLANE('',#3580);
#355=PLANE('',#3583);
#356=PLANE('',#3586);
#357=PLANE('',#3587);
#358=PLANE('',#3588);
#359=PLANE('',#3589);
#360=PLANE('',#3590);
#361=PLANE('',#3603);
#362=PLANE('',#3604);
#363=PLANE('',#3605);
#364=PLANE('',#3606);
#365=PLANE('',#3607);
#366=PLANE('',#3608);
#367=PLANE('',#3609);
#368=PLANE('',#3610);
#369=PLANE('',#3611);
#370=PLANE('',#3624);
#371=PLANE('',#3625);
#372=PLANE('',#3629);
#373=PLANE('',#3636);
#374=PLANE('',#3640);
#375=PLANE('',#3644);
#376=PLANE('',#3648);
#377=PLANE('',#3652);
#378=PLANE('',#3663);
#379=PLANE('',#3666);
#380=PLANE('',#3669);
#381=PLANE('',#3672);
#382=PLANE('',#3675);
#383=PLANE('',#3680);
#384=PLANE('',#3681);
#385=PLANE('',#3682);
#386=PLANE('',#3683);
#387=PLANE('',#3684);
#388=PLANE('',#3685);
#389=PLANE('',#3686);
#390=PLANE('',#3699);
#391=PLANE('',#3711);
#392=PLANE('',#3714);
#393=PLANE('',#3717);
#394=PLANE('',#3720);
#395=PLANE('',#3723);
#396=PLANE('',#3726);
#397=PLANE('',#3729);
#398=PLANE('',#3732);
#399=PLANE('',#3735);
#400=PLANE('',#3736);
#401=PLANE('',#3737);
#402=PLANE('',#3738);
#403=PLANE('',#3739);
#404=PLANE('',#3740);
#405=PLANE('',#3741);
#406=PLANE('',#3742);
#407=PLANE('',#3743);
#408=PLANE('',#3744);
#409=PLANE('',#3745);
#410=PLANE('',#3748);
#411=PLANE('',#3751);
#412=PLANE('',#3761);
#413=PLANE('',#3762);
#414=PLANE('',#3763);
#415=PLANE('',#3764);
#416=PLANE('',#3765);
#417=PLANE('',#3786);
#418=PLANE('',#3790);
#419=PLANE('',#3795);
#420=PLANE('',#3797);
#421=PLANE('',#3798);
#422=PLANE('',#3799);
#423=PLANE('',#3800);
#424=PLANE('',#3801);
#425=PLANE('',#3802);
#426=FACE_OUTER_BOUND('',#612,.T.);
#427=FACE_OUTER_BOUND('',#613,.T.);
#428=FACE_OUTER_BOUND('',#614,.T.);
#429=FACE_OUTER_BOUND('',#619,.T.);
#430=FACE_OUTER_BOUND('',#620,.T.);
#431=FACE_OUTER_BOUND('',#621,.T.);
#432=FACE_OUTER_BOUND('',#622,.T.);
#433=FACE_OUTER_BOUND('',#623,.T.);
#434=FACE_OUTER_BOUND('',#626,.T.);
#435=FACE_OUTER_BOUND('',#627,.T.);
#436=FACE_OUTER_BOUND('',#628,.T.);
#437=FACE_OUTER_BOUND('',#629,.T.);
#438=FACE_OUTER_BOUND('',#630,.T.);
#439=FACE_OUTER_BOUND('',#631,.T.);
#440=FACE_OUTER_BOUND('',#632,.T.);
#441=FACE_OUTER_BOUND('',#633,.T.);
#442=FACE_OUTER_BOUND('',#634,.T.);
#443=FACE_OUTER_BOUND('',#635,.T.);
#444=FACE_OUTER_BOUND('',#640,.T.);
#445=FACE_OUTER_BOUND('',#641,.T.);
#446=FACE_OUTER_BOUND('',#644,.T.);
#447=FACE_OUTER_BOUND('',#645,.T.);
#448=FACE_OUTER_BOUND('',#646,.T.);
#449=FACE_OUTER_BOUND('',#647,.T.);
#450=FACE_OUTER_BOUND('',#648,.T.);
#451=FACE_OUTER_BOUND('',#651,.T.);
#452=FACE_OUTER_BOUND('',#652,.T.);
#453=FACE_OUTER_BOUND('',#653,.T.);
#454=FACE_OUTER_BOUND('',#654,.T.);
#455=FACE_OUTER_BOUND('',#655,.T.);
#456=FACE_OUTER_BOUND('',#656,.T.);
#457=FACE_OUTER_BOUND('',#657,.T.);
#458=FACE_OUTER_BOUND('',#658,.T.);
#459=FACE_OUTER_BOUND('',#659,.T.);
#460=FACE_OUTER_BOUND('',#660,.T.);
#461=FACE_OUTER_BOUND('',#662,.T.);
#462=FACE_OUTER_BOUND('',#663,.T.);
#463=FACE_OUTER_BOUND('',#664,.T.);
#464=FACE_OUTER_BOUND('',#665,.T.);
#465=FACE_OUTER_BOUND('',#666,.T.);
#466=FACE_OUTER_BOUND('',#667,.T.);
#467=FACE_OUTER_BOUND('',#668,.T.);
#468=FACE_OUTER_BOUND('',#669,.T.);
#469=FACE_OUTER_BOUND('',#670,.T.);
#470=FACE_OUTER_BOUND('',#671,.T.);
#471=FACE_OUTER_BOUND('',#672,.T.);
#472=FACE_OUTER_BOUND('',#673,.T.);
#473=FACE_OUTER_BOUND('',#674,.T.);
#474=FACE_OUTER_BOUND('',#675,.T.);
#475=FACE_OUTER_BOUND('',#676,.T.);
#476=FACE_OUTER_BOUND('',#677,.T.);
#477=FACE_OUTER_BOUND('',#678,.T.);
#478=FACE_OUTER_BOUND('',#680,.T.);
#479=FACE_OUTER_BOUND('',#681,.T.);
#480=FACE_OUTER_BOUND('',#682,.T.);
#481=FACE_OUTER_BOUND('',#683,.T.);
#482=FACE_OUTER_BOUND('',#684,.T.);
#483=FACE_OUTER_BOUND('',#685,.T.);
#484=FACE_OUTER_BOUND('',#686,.T.);
#485=FACE_OUTER_BOUND('',#687,.T.);
#486=FACE_OUTER_BOUND('',#688,.T.);
#487=FACE_OUTER_BOUND('',#689,.T.);
#488=FACE_OUTER_BOUND('',#690,.T.);
#489=FACE_OUTER_BOUND('',#691,.T.);
#490=FACE_OUTER_BOUND('',#692,.T.);
#491=FACE_OUTER_BOUND('',#693,.T.);
#492=FACE_OUTER_BOUND('',#694,.T.);
#493=FACE_OUTER_BOUND('',#695,.T.);
#494=FACE_OUTER_BOUND('',#696,.T.);
#495=FACE_OUTER_BOUND('',#697,.T.);
#496=FACE_OUTER_BOUND('',#698,.T.);
#497=FACE_OUTER_BOUND('',#699,.T.);
#498=FACE_OUTER_BOUND('',#700,.T.);
#499=FACE_OUTER_BOUND('',#701,.T.);
#500=FACE_OUTER_BOUND('',#702,.T.);
#501=FACE_OUTER_BOUND('',#703,.T.);
#502=FACE_OUTER_BOUND('',#704,.T.);
#503=FACE_OUTER_BOUND('',#706,.T.);
#504=FACE_OUTER_BOUND('',#707,.T.);
#505=FACE_OUTER_BOUND('',#708,.T.);
#506=FACE_OUTER_BOUND('',#710,.T.);
#507=FACE_OUTER_BOUND('',#711,.T.);
#508=FACE_OUTER_BOUND('',#712,.T.);
#509=FACE_OUTER_BOUND('',#713,.T.);
#510=FACE_OUTER_BOUND('',#714,.T.);
#511=FACE_OUTER_BOUND('',#715,.T.);
#512=FACE_OUTER_BOUND('',#716,.T.);
#513=FACE_OUTER_BOUND('',#717,.T.);
#514=FACE_OUTER_BOUND('',#718,.T.);
#515=FACE_OUTER_BOUND('',#719,.T.);
#516=FACE_OUTER_BOUND('',#720,.T.);
#517=FACE_OUTER_BOUND('',#721,.T.);
#518=FACE_OUTER_BOUND('',#722,.T.);
#519=FACE_OUTER_BOUND('',#723,.T.);
#520=FACE_OUTER_BOUND('',#724,.T.);
#521=FACE_OUTER_BOUND('',#725,.T.);
#522=FACE_OUTER_BOUND('',#726,.T.);
#523=FACE_OUTER_BOUND('',#727,.T.);
#524=FACE_OUTER_BOUND('',#728,.T.);
#525=FACE_OUTER_BOUND('',#729,.T.);
#526=FACE_OUTER_BOUND('',#730,.T.);
#527=FACE_OUTER_BOUND('',#731,.T.);
#528=FACE_OUTER_BOUND('',#732,.T.);
#529=FACE_OUTER_BOUND('',#733,.T.);
#530=FACE_OUTER_BOUND('',#734,.T.);
#531=FACE_OUTER_BOUND('',#735,.T.);
#532=FACE_OUTER_BOUND('',#736,.T.);
#533=FACE_OUTER_BOUND('',#738,.T.);
#534=FACE_OUTER_BOUND('',#739,.T.);
#535=FACE_OUTER_BOUND('',#741,.T.);
#536=FACE_OUTER_BOUND('',#742,.T.);
#537=FACE_OUTER_BOUND('',#744,.T.);
#538=FACE_OUTER_BOUND('',#745,.T.);
#539=FACE_OUTER_BOUND('',#749,.T.);
#540=FACE_OUTER_BOUND('',#750,.T.);
#541=FACE_OUTER_BOUND('',#751,.T.);
#542=FACE_OUTER_BOUND('',#752,.T.);
#543=FACE_OUTER_BOUND('',#753,.T.);
#544=FACE_OUTER_BOUND('',#754,.T.);
#545=FACE_OUTER_BOUND('',#755,.T.);
#546=FACE_OUTER_BOUND('',#756,.T.);
#547=FACE_OUTER_BOUND('',#757,.T.);
#548=FACE_OUTER_BOUND('',#758,.T.);
#549=FACE_OUTER_BOUND('',#759,.T.);
#550=FACE_OUTER_BOUND('',#760,.T.);
#551=FACE_OUTER_BOUND('',#761,.T.);
#552=FACE_OUTER_BOUND('',#763,.T.);
#553=FACE_OUTER_BOUND('',#764,.T.);
#554=FACE_OUTER_BOUND('',#765,.T.);
#555=FACE_OUTER_BOUND('',#766,.T.);
#556=FACE_OUTER_BOUND('',#767,.T.);
#557=FACE_OUTER_BOUND('',#768,.T.);
#558=FACE_OUTER_BOUND('',#769,.T.);
#559=FACE_OUTER_BOUND('',#770,.T.);
#560=FACE_OUTER_BOUND('',#771,.T.);
#561=FACE_OUTER_BOUND('',#772,.T.);
#562=FACE_OUTER_BOUND('',#773,.T.);
#563=FACE_OUTER_BOUND('',#774,.T.);
#564=FACE_OUTER_BOUND('',#775,.T.);
#565=FACE_OUTER_BOUND('',#776,.T.);
#566=FACE_OUTER_BOUND('',#777,.T.);
#567=FACE_OUTER_BOUND('',#778,.T.);
#568=FACE_OUTER_BOUND('',#779,.T.);
#569=FACE_OUTER_BOUND('',#780,.T.);
#570=FACE_OUTER_BOUND('',#781,.T.);
#571=FACE_OUTER_BOUND('',#782,.T.);
#572=FACE_OUTER_BOUND('',#783,.T.);
#573=FACE_OUTER_BOUND('',#784,.T.);
#574=FACE_OUTER_BOUND('',#785,.T.);
#575=FACE_OUTER_BOUND('',#786,.T.);
#576=FACE_OUTER_BOUND('',#787,.T.);
#577=FACE_OUTER_BOUND('',#788,.T.);
#578=FACE_OUTER_BOUND('',#789,.T.);
#579=FACE_OUTER_BOUND('',#790,.T.);
#580=FACE_OUTER_BOUND('',#793,.T.);
#581=FACE_OUTER_BOUND('',#794,.T.);
#582=FACE_OUTER_BOUND('',#795,.T.);
#583=FACE_OUTER_BOUND('',#796,.T.);
#584=FACE_OUTER_BOUND('',#797,.T.);
#585=FACE_OUTER_BOUND('',#798,.T.);
#586=FACE_OUTER_BOUND('',#799,.T.);
#587=FACE_OUTER_BOUND('',#800,.T.);
#588=FACE_OUTER_BOUND('',#801,.T.);
#589=FACE_OUTER_BOUND('',#802,.T.);
#590=FACE_OUTER_BOUND('',#803,.T.);
#591=FACE_OUTER_BOUND('',#804,.T.);
#592=FACE_OUTER_BOUND('',#805,.T.);
#593=FACE_OUTER_BOUND('',#806,.T.);
#594=FACE_OUTER_BOUND('',#807,.T.);
#595=FACE_OUTER_BOUND('',#808,.T.);
#596=FACE_OUTER_BOUND('',#809,.T.);
#597=FACE_OUTER_BOUND('',#810,.T.);
#598=FACE_OUTER_BOUND('',#811,.T.);
#599=FACE_OUTER_BOUND('',#812,.T.);
#600=FACE_OUTER_BOUND('',#814,.T.);
#601=FACE_OUTER_BOUND('',#815,.T.);
#602=FACE_OUTER_BOUND('',#816,.T.);
#603=FACE_OUTER_BOUND('',#817,.T.);
#604=FACE_OUTER_BOUND('',#819,.T.);
#605=FACE_OUTER_BOUND('',#820,.T.);
#606=FACE_OUTER_BOUND('',#821,.T.);
#607=FACE_OUTER_BOUND('',#822,.T.);
#608=FACE_OUTER_BOUND('',#823,.T.);
#609=FACE_OUTER_BOUND('',#824,.T.);
#610=FACE_OUTER_BOUND('',#825,.T.);
#611=FACE_OUTER_BOUND('',#826,.T.);
#612=EDGE_LOOP('',(#2211,#2212,#2213,#2214));
#613=EDGE_LOOP('',(#2215,#2216,#2217,#2218,#2219,#2220,#2221,#2222));
#614=EDGE_LOOP('',(#2223,#2224,#2225,#2226,#2227,#2228));
#615=EDGE_LOOP('',(#2229));
#616=EDGE_LOOP('',(#2230));
#617=EDGE_LOOP('',(#2231));
#618=EDGE_LOOP('',(#2232));
#619=EDGE_LOOP('',(#2233,#2234,#2235,#2236));
#620=EDGE_LOOP('',(#2237,#2238,#2239,#2240,#2241,#2242,#2243,#2244));
#621=EDGE_LOOP('',(#2245,#2246,#2247,#2248));
#622=EDGE_LOOP('',(#2249,#2250,#2251,#2252));
#623=EDGE_LOOP('',(#2253,#2254,#2255,#2256,#2257,#2258));
#624=EDGE_LOOP('',(#2259));
#625=EDGE_LOOP('',(#2260));
#626=EDGE_LOOP('',(#2261,#2262,#2263,#2264));
#627=EDGE_LOOP('',(#2265,#2266,#2267,#2268));
#628=EDGE_LOOP('',(#2269,#2270,#2271,#2272));
#629=EDGE_LOOP('',(#2273,#2274,#2275,#2276));
#630=EDGE_LOOP('',(#2277,#2278,#2279,#2280));
#631=EDGE_LOOP('',(#2281,#2282,#2283,#2284));
#632=EDGE_LOOP('',(#2285,#2286,#2287,#2288));
#633=EDGE_LOOP('',(#2289,#2290,#2291,#2292));
#634=EDGE_LOOP('',(#2293,#2294,#2295,#2296));
#635=EDGE_LOOP('',(#2297,#2298,#2299,#2300,#2301,#2302));
#636=EDGE_LOOP('',(#2303));
#637=EDGE_LOOP('',(#2304));
#638=EDGE_LOOP('',(#2305));
#639=EDGE_LOOP('',(#2306));
#640=EDGE_LOOP('',(#2307,#2308,#2309,#2310));
#641=EDGE_LOOP('',(#2311,#2312,#2313,#2314,#2315,#2316));
#642=EDGE_LOOP('',(#2317));
#643=EDGE_LOOP('',(#2318));
#644=EDGE_LOOP('',(#2319,#2320,#2321,#2322));
#645=EDGE_LOOP('',(#2323));
#646=EDGE_LOOP('',(#2324,#2325,#2326,#2327));
#647=EDGE_LOOP('',(#2328));
#648=EDGE_LOOP('',(#2329,#2330,#2331,#2332,#2333,#2334,#2335,#2336));
#649=EDGE_LOOP('',(#2337));
#650=EDGE_LOOP('',(#2338));
#651=EDGE_LOOP('',(#2339,#2340,#2341,#2342,#2343,#2344,#2345,#2346));
#652=EDGE_LOOP('',(#2347,#2348,#2349,#2350));
#653=EDGE_LOOP('',(#2351,#2352,#2353,#2354));
#654=EDGE_LOOP('',(#2355,#2356,#2357,#2358));
#655=EDGE_LOOP('',(#2359,#2360,#2361,#2362));
#656=EDGE_LOOP('',(#2363,#2364,#2365,#2366));
#657=EDGE_LOOP('',(#2367,#2368,#2369,#2370));
#658=EDGE_LOOP('',(#2371,#2372,#2373,#2374));
#659=EDGE_LOOP('',(#2375,#2376,#2377,#2378));
#660=EDGE_LOOP('',(#2379,#2380,#2381,#2382,#2383,#2384,#2385,#2386));
#661=EDGE_LOOP('',(#2387,#2388,#2389,#2390,#2391,#2392,#2393,#2394));
#662=EDGE_LOOP('',(#2395,#2396,#2397,#2398));
#663=EDGE_LOOP('',(#2399,#2400,#2401,#2402));
#664=EDGE_LOOP('',(#2403,#2404,#2405,#2406));
#665=EDGE_LOOP('',(#2407,#2408,#2409,#2410));
#666=EDGE_LOOP('',(#2411,#2412,#2413,#2414));
#667=EDGE_LOOP('',(#2415,#2416,#2417,#2418));
#668=EDGE_LOOP('',(#2419,#2420,#2421,#2422));
#669=EDGE_LOOP('',(#2423,#2424,#2425,#2426));
#670=EDGE_LOOP('',(#2427,#2428,#2429,#2430));
#671=EDGE_LOOP('',(#2431,#2432,#2433,#2434));
#672=EDGE_LOOP('',(#2435,#2436,#2437,#2438));
#673=EDGE_LOOP('',(#2439,#2440,#2441,#2442));
#674=EDGE_LOOP('',(#2443,#2444,#2445,#2446));
#675=EDGE_LOOP('',(#2447,#2448,#2449,#2450));
#676=EDGE_LOOP('',(#2451,#2452,#2453,#2454));
#677=EDGE_LOOP('',(#2455,#2456,#2457,#2458));
#678=EDGE_LOOP('',(#2459,#2460,#2461,#2462,#2463,#2464,#2465,#2466));
#679=EDGE_LOOP('',(#2467,#2468,#2469,#2470,#2471,#2472,#2473,#2474));
#680=EDGE_LOOP('',(#2475,#2476,#2477,#2478));
#681=EDGE_LOOP('',(#2479,#2480,#2481,#2482));
#682=EDGE_LOOP('',(#2483,#2484,#2485,#2486));
#683=EDGE_LOOP('',(#2487,#2488,#2489,#2490));
#684=EDGE_LOOP('',(#2491,#2492,#2493,#2494));
#685=EDGE_LOOP('',(#2495,#2496,#2497,#2498));
#686=EDGE_LOOP('',(#2499,#2500,#2501,#2502));
#687=EDGE_LOOP('',(#2503,#2504,#2505,#2506));
#688=EDGE_LOOP('',(#2507,#2508,#2509,#2510));
#689=EDGE_LOOP('',(#2511,#2512,#2513,#2514));
#690=EDGE_LOOP('',(#2515,#2516,#2517,#2518));
#691=EDGE_LOOP('',(#2519,#2520,#2521,#2522));
#692=EDGE_LOOP('',(#2523,#2524,#2525,#2526));
#693=EDGE_LOOP('',(#2527,#2528,#2529,#2530));
#694=EDGE_LOOP('',(#2531,#2532,#2533,#2534));
#695=EDGE_LOOP('',(#2535,#2536,#2537,#2538));
#696=EDGE_LOOP('',(#2539,#2540,#2541,#2542));
#697=EDGE_LOOP('',(#2543,#2544,#2545,#2546));
#698=EDGE_LOOP('',(#2547,#2548,#2549,#2550));
#699=EDGE_LOOP('',(#2551,#2552,#2553,#2554));
#700=EDGE_LOOP('',(#2555,#2556,#2557,#2558));
#701=EDGE_LOOP('',(#2559,#2560,#2561,#2562));
#702=EDGE_LOOP('',(#2563,#2564,#2565,#2566));
#703=EDGE_LOOP('',(#2567,#2568,#2569,#2570));
#704=EDGE_LOOP('',(#2571,#2572,#2573,#2574,#2575,#2576,#2577,#2578));
#705=EDGE_LOOP('',(#2579,#2580,#2581,#2582,#2583,#2584,#2585,#2586));
#706=EDGE_LOOP('',(#2587));
#707=EDGE_LOOP('',(#2588,#2589,#2590,#2591));
#708=EDGE_LOOP('',(#2592));
#709=EDGE_LOOP('',(#2593));
#710=EDGE_LOOP('',(#2594,#2595,#2596,#2597));
#711=EDGE_LOOP('',(#2598,#2599,#2600,#2601));
#712=EDGE_LOOP('',(#2602,#2603,#2604,#2605));
#713=EDGE_LOOP('',(#2606,#2607,#2608,#2609));
#714=EDGE_LOOP('',(#2610,#2611,#2612,#2613));
#715=EDGE_LOOP('',(#2614,#2615,#2616,#2617));
#716=EDGE_LOOP('',(#2618,#2619,#2620,#2621));
#717=EDGE_LOOP('',(#2622,#2623,#2624,#2625));
#718=EDGE_LOOP('',(#2626,#2627,#2628,#2629));
#719=EDGE_LOOP('',(#2630,#2631,#2632,#2633));
#720=EDGE_LOOP('',(#2634,#2635,#2636,#2637));
#721=EDGE_LOOP('',(#2638,#2639,#2640,#2641));
#722=EDGE_LOOP('',(#2642,#2643,#2644,#2645));
#723=EDGE_LOOP('',(#2646,#2647,#2648,#2649));
#724=EDGE_LOOP('',(#2650,#2651,#2652,#2653));
#725=EDGE_LOOP('',(#2654,#2655,#2656,#2657));
#726=EDGE_LOOP('',(#2658,#2659,#2660,#2661));
#727=EDGE_LOOP('',(#2662,#2663,#2664,#2665));
#728=EDGE_LOOP('',(#2666,#2667,#2668,#2669));
#729=EDGE_LOOP('',(#2670,#2671,#2672,#2673));
#730=EDGE_LOOP('',(#2674,#2675,#2676,#2677));
#731=EDGE_LOOP('',(#2678,#2679,#2680,#2681));
#732=EDGE_LOOP('',(#2682,#2683,#2684,#2685));
#733=EDGE_LOOP('',(#2686,#2687,#2688,#2689));
#734=EDGE_LOOP('',(#2690,#2691,#2692,#2693));
#735=EDGE_LOOP('',(#2694,#2695,#2696,#2697));
#736=EDGE_LOOP('',(#2698,#2699,#2700,#2701,#2702,#2703,#2704,#2705));
#737=EDGE_LOOP('',(#2706,#2707,#2708,#2709,#2710,#2711,#2712,#2713));
#738=EDGE_LOOP('',(#2714,#2715,#2716,#2717));
#739=EDGE_LOOP('',(#2718,#2719,#2720,#2721));
#740=EDGE_LOOP('',(#2722,#2723,#2724,#2725,#2726,#2727,#2728,#2729));
#741=EDGE_LOOP('',(#2730,#2731,#2732,#2733));
#742=EDGE_LOOP('',(#2734,#2735,#2736,#2737));
#743=EDGE_LOOP('',(#2738));
#744=EDGE_LOOP('',(#2739,#2740,#2741,#2742));
#745=EDGE_LOOP('',(#2743,#2744,#2745,#2746));
#746=EDGE_LOOP('',(#2747));
#747=EDGE_LOOP('',(#2748));
#748=EDGE_LOOP('',(#2749,#2750,#2751,#2752,#2753,#2754,#2755,#2756,#2757,
#2758));
#749=EDGE_LOOP('',(#2759,#2760,#2761,#2762));
#750=EDGE_LOOP('',(#2763,#2764,#2765,#2766));
#751=EDGE_LOOP('',(#2767));
#752=EDGE_LOOP('',(#2768));
#753=EDGE_LOOP('',(#2769,#2770,#2771,#2772));
#754=EDGE_LOOP('',(#2773,#2774,#2775,#2776));
#755=EDGE_LOOP('',(#2777,#2778,#2779,#2780));
#756=EDGE_LOOP('',(#2781,#2782,#2783,#2784));
#757=EDGE_LOOP('',(#2785,#2786,#2787,#2788));
#758=EDGE_LOOP('',(#2789,#2790,#2791,#2792));
#759=EDGE_LOOP('',(#2793,#2794,#2795,#2796));
#760=EDGE_LOOP('',(#2797,#2798,#2799,#2800));
#761=EDGE_LOOP('',(#2801,#2802,#2803,#2804,#2805,#2806,#2807,#2808,#2809,
#2810));
#762=EDGE_LOOP('',(#2811,#2812,#2813,#2814,#2815,#2816,#2817,#2818,#2819,
#2820,#2821,#2822,#2823,#2824,#2825,#2826,#2827,#2828));
#763=EDGE_LOOP('',(#2829,#2830,#2831,#2832));
#764=EDGE_LOOP('',(#2833,#2834,#2835,#2836));
#765=EDGE_LOOP('',(#2837,#2838,#2839,#2840));
#766=EDGE_LOOP('',(#2841,#2842,#2843,#2844));
#767=EDGE_LOOP('',(#2845,#2846,#2847,#2848));
#768=EDGE_LOOP('',(#2849,#2850,#2851,#2852));
#769=EDGE_LOOP('',(#2853,#2854,#2855,#2856));
#770=EDGE_LOOP('',(#2857,#2858,#2859,#2860));
#771=EDGE_LOOP('',(#2861,#2862,#2863,#2864));
#772=EDGE_LOOP('',(#2865,#2866,#2867,#2868));
#773=EDGE_LOOP('',(#2869,#2870,#2871,#2872));
#774=EDGE_LOOP('',(#2873,#2874,#2875,#2876));
#775=EDGE_LOOP('',(#2877,#2878,#2879,#2880));
#776=EDGE_LOOP('',(#2881,#2882,#2883,#2884));
#777=EDGE_LOOP('',(#2885,#2886,#2887,#2888));
#778=EDGE_LOOP('',(#2889,#2890,#2891,#2892));
#779=EDGE_LOOP('',(#2893,#2894,#2895,#2896));
#780=EDGE_LOOP('',(#2897,#2898,#2899,#2900));
#781=EDGE_LOOP('',(#2901,#2902,#2903,#2904,#2905,#2906,#2907,#2908,#2909,
#2910,#2911,#2912,#2913,#2914,#2915,#2916,#2917,#2918));
#782=EDGE_LOOP('',(#2919,#2920,#2921,#2922));
#783=EDGE_LOOP('',(#2923,#2924,#2925,#2926));
#784=EDGE_LOOP('',(#2927,#2928,#2929,#2930));
#785=EDGE_LOOP('',(#2931,#2932,#2933,#2934));
#786=EDGE_LOOP('',(#2935,#2936,#2937,#2938));
#787=EDGE_LOOP('',(#2939,#2940,#2941,#2942));
#788=EDGE_LOOP('',(#2943,#2944,#2945,#2946));
#789=EDGE_LOOP('',(#2947,#2948,#2949,#2950));
#790=EDGE_LOOP('',(#2951,#2952,#2953,#2954,#2955,#2956,#2957,#2958));
#791=EDGE_LOOP('',(#2959));
#792=EDGE_LOOP('',(#2960));
#793=EDGE_LOOP('',(#2961,#2962,#2963,#2964));
#794=EDGE_LOOP('',(#2965,#2966,#2967,#2968));
#795=EDGE_LOOP('',(#2969,#2970,#2971,#2972));
#796=EDGE_LOOP('',(#2973,#2974,#2975,#2976));
#797=EDGE_LOOP('',(#2977,#2978,#2979,#2980));
#798=EDGE_LOOP('',(#2981,#2982,#2983,#2984));
#799=EDGE_LOOP('',(#2985,#2986,#2987,#2988));
#800=EDGE_LOOP('',(#2989,#2990,#2991,#2992));
#801=EDGE_LOOP('',(#2993,#2994,#2995,#2996));
#802=EDGE_LOOP('',(#2997));
#803=EDGE_LOOP('',(#2998,#2999,#3000,#3001));
#804=EDGE_LOOP('',(#3002));
#805=EDGE_LOOP('',(#3003,#3004,#3005));
#806=EDGE_LOOP('',(#3006,#3007,#3008));
#807=EDGE_LOOP('',(#3009,#3010,#3011));
#808=EDGE_LOOP('',(#3012,#3013,#3014));
#809=EDGE_LOOP('',(#3015,#3016,#3017,#3018));
#810=EDGE_LOOP('',(#3019,#3020,#3021,#3022,#3023));
#811=EDGE_LOOP('',(#3024,#3025,#3026,#3027,#3028,#3029));
#812=EDGE_LOOP('',(#3030));
#813=EDGE_LOOP('',(#3031));
#814=EDGE_LOOP('',(#3032,#3033,#3034,#3035,#3036));
#815=EDGE_LOOP('',(#3037));
#816=EDGE_LOOP('',(#3038,#3039,#3040,#3041,#3042));
#817=EDGE_LOOP('',(#3043));
#818=EDGE_LOOP('',(#3044,#3045,#3046,#3047,#3048,#3049));
#819=EDGE_LOOP('',(#3050,#3051,#3052,#3053,#3054));
#820=EDGE_LOOP('',(#3055,#3056,#3057,#3058));
#821=EDGE_LOOP('',(#3059,#3060,#3061,#3062));
#822=EDGE_LOOP('',(#3063,#3064,#3065,#3066));
#823=EDGE_LOOP('',(#3067,#3068,#3069,#3070));
#824=EDGE_LOOP('',(#3071,#3072,#3073,#3074,#3075));
#825=EDGE_LOOP('',(#3076,#3077,#3078,#3079));
#826=EDGE_LOOP('',(#3080,#3081,#3082,#3083,#3084,#3085,#3086,#3087,#3088));
#827=LINE('',#4757,#1091);
#828=LINE('',#4760,#1092);
#829=LINE('',#4763,#1093);
#830=LINE('',#4767,#1094);
#831=LINE('',#4769,#1095);
#832=LINE('',#4771,#1096);
#833=LINE('',#4774,#1097);
#834=LINE('',#4777,#1098);
#835=LINE('',#4781,#1099);
#836=LINE('',#4782,#1100);
#837=LINE('',#4795,#1101);
#838=LINE('',#4796,#1102);
#839=LINE('',#4799,#1103);
#840=LINE('',#4803,#1104);
#841=LINE('',#4805,#1105);
#842=LINE('',#4807,#1106);
#843=LINE('',#4814,#1107);
#844=LINE('',#4817,#1108);
#845=LINE('',#4819,#1109);
#846=LINE('',#4820,#1110);
#847=LINE('',#4822,#1111);
#848=LINE('',#4832,#1112);
#849=LINE('',#4836,#1113);
#850=LINE('',#4840,#1114);
#851=LINE('',#4844,#1115);
#852=LINE('',#4848,#1116);
#853=LINE('',#4852,#1117);
#854=LINE('',#4856,#1118);
#855=LINE('',#4857,#1119);
#856=LINE('',#4859,#1120);
#857=LINE('',#4880,#1121);
#858=LINE('',#4887,#1122);
#859=LINE('',#4893,#1123);
#860=LINE('',#4975,#1124);
#861=LINE('',#5057,#1125);
#862=LINE('',#5139,#1126);
#863=LINE('',#5228,#1127);
#864=LINE('',#5232,#1128);
#865=LINE('',#5236,#1129);
#866=LINE('',#5239,#1130);
#867=LINE('',#5243,#1131);
#868=LINE('',#5244,#1132);
#869=LINE('',#5245,#1133);
#870=LINE('',#5249,#1134);
#871=LINE('',#5252,#1135);
#872=LINE('',#5253,#1136);
#873=LINE('',#5257,#1137);
#874=LINE('',#5260,#1138);
#875=LINE('',#5261,#1139);
#876=LINE('',#5265,#1140);
#877=LINE('',#5268,#1141);
#878=LINE('',#5269,#1142);
#879=LINE('',#5275,#1143);
#880=LINE('',#5302,#1144);
#881=LINE('',#5329,#1145);
#882=LINE('',#5356,#1146);
#883=LINE('',#5383,#1147);
#884=LINE('',#5401,#1148);
#885=LINE('',#5419,#1149);
#886=LINE('',#5437,#1150);
#887=LINE('',#5456,#1151);
#888=LINE('',#5458,#1152);
#889=LINE('',#5460,#1153);
#890=LINE('',#5461,#1154);
#891=LINE('',#5509,#1155);
#892=LINE('',#5527,#1156);
#893=LINE('',#5529,#1157);
#894=LINE('',#5530,#1158);
#895=LINE('',#5578,#1159);
#896=LINE('',#5596,#1160);
#897=LINE('',#5598,#1161);
#898=LINE('',#5599,#1162);
#899=LINE('',#5647,#1163);
#900=LINE('',#5725,#1164);
#901=LINE('',#5727,#1165);
#902=LINE('',#5728,#1166);
#903=LINE('',#5841,#1167);
#904=LINE('',#5842,#1168);
#905=LINE('',#5952,#1169);
#906=LINE('',#5953,#1170);
#907=LINE('',#6061,#1171);
#908=LINE('',#6064,#1172);
#909=LINE('',#6171,#1173);
#910=LINE('',#6172,#1174);
#911=LINE('',#6201,#1175);
#912=LINE('',#6228,#1176);
#913=LINE('',#6255,#1177);
#914=LINE('',#6281,#1178);
#915=LINE('',#6295,#1179);
#916=LINE('',#6297,#1180);
#917=LINE('',#6374,#1181);
#918=LINE('',#6375,#1182);
#919=LINE('',#6389,#1183);
#920=LINE('',#6466,#1184);
#921=LINE('',#6467,#1185);
#922=LINE('',#6481,#1186);
#923=LINE('',#6558,#1187);
#924=LINE('',#6559,#1188);
#925=LINE('',#6573,#1189);
#926=LINE('',#6649,#1190);
#927=LINE('',#6651,#1191);
#928=LINE('',#6652,#1192);
#929=LINE('',#6701,#1193);
#930=LINE('',#6703,#1194);
#931=LINE('',#6752,#1195);
#932=LINE('',#6754,#1196);
#933=LINE('',#6803,#1197);
#934=LINE('',#6805,#1198);
#935=LINE('',#6956,#1199);
#936=LINE('',#7059,#1200);
#937=LINE('',#7161,#1201);
#938=LINE('',#7261,#1202);
#939=LINE('',#7268,#1203);
#940=LINE('',#7275,#1204);
#941=LINE('',#7280,#1205);
#942=LINE('',#7284,#1206);
#943=LINE('',#7289,#1207);
#944=LINE('',#7290,#1208);
#945=LINE('',#7291,#1209);
#946=LINE('',#7295,#1210);
#947=LINE('',#7301,#1211);
#948=LINE('',#7302,#1212);
#949=LINE('',#7303,#1213);
#950=LINE('',#7307,#1214);
#951=LINE('',#7313,#1215);
#952=LINE('',#7314,#1216);
#953=LINE('',#7315,#1217);
#954=LINE('',#7319,#1218);
#955=LINE('',#7325,#1219);
#956=LINE('',#7326,#1220);
#957=LINE('',#7327,#1221);
#958=LINE('',#7331,#1222);
#959=LINE('',#7335,#1223);
#960=LINE('',#7336,#1224);
#961=LINE('',#7341,#1225);
#962=LINE('',#7347,#1226);
#963=LINE('',#7351,#1227);
#964=LINE('',#7355,#1228);
#965=LINE('',#7358,#1229);
#966=LINE('',#7361,#1230);
#967=LINE('',#7362,#1231);
#968=LINE('',#7366,#1232);
#969=LINE('',#7369,#1233);
#970=LINE('',#7370,#1234);
#971=LINE('',#7374,#1235);
#972=LINE('',#7377,#1236);
#973=LINE('',#7378,#1237);
#974=LINE('',#7382,#1238);
#975=LINE('',#7385,#1239);
#976=LINE('',#7386,#1240);
#977=LINE('',#7390,#1241);
#978=LINE('',#7392,#1242);
#979=LINE('',#7395,#1243);
#980=LINE('',#7399,#1244);
#981=LINE('',#7404,#1245);
#982=LINE('',#7413,#1246);
#983=LINE('',#7422,#1247);
#984=LINE('',#7431,#1248);
#985=LINE('',#7471,#1249);
#986=LINE('',#7479,#1250);
#987=LINE('',#7482,#1251);
#988=LINE('',#7483,#1252);
#989=LINE('',#7523,#1253);
#990=LINE('',#7526,#1254);
#991=LINE('',#7527,#1255);
#992=LINE('',#7567,#1256);
#993=LINE('',#7570,#1257);
#994=LINE('',#7571,#1258);
#995=LINE('',#7611,#1259);
#996=LINE('',#7613,#1260);
#997=LINE('',#7885,#1261);
#998=LINE('',#7889,#1262);
#999=LINE('',#7893,#1263);
#1000=LINE('',#7897,#1264);
#1001=LINE('',#7901,#1265);
#1002=LINE('',#7905,#1266);
#1003=LINE('',#7909,#1267);
#1004=LINE('',#7913,#1268);
#1005=LINE('',#7916,#1269);
#1006=LINE('',#7919,#1270);
#1007=LINE('',#7922,#1271);
#1008=LINE('',#7925,#1272);
#1009=LINE('',#7926,#1273);
#1010=LINE('',#7930,#1274);
#1011=LINE('',#7933,#1275);
#1012=LINE('',#7934,#1276);
#1013=LINE('',#7938,#1277);
#1014=LINE('',#7941,#1278);
#1015=LINE('',#7942,#1279);
#1016=LINE('',#7946,#1280);
#1017=LINE('',#7949,#1281);
#1018=LINE('',#7950,#1282);
#1019=LINE('',#7954,#1283);
#1020=LINE('',#7957,#1284);
#1021=LINE('',#7958,#1285);
#1022=LINE('',#7962,#1286);
#1023=LINE('',#7965,#1287);
#1024=LINE('',#7966,#1288);
#1025=LINE('',#7970,#1289);
#1026=LINE('',#7973,#1290);
#1027=LINE('',#7974,#1291);
#1028=LINE('',#7978,#1292);
#1029=LINE('',#7981,#1293);
#1030=LINE('',#7982,#1294);
#1031=LINE('',#7986,#1295);
#1032=LINE('',#7988,#1296);
#1033=LINE('',#8021,#1297);
#1034=LINE('',#8137,#1298);
#1035=LINE('',#8140,#1299);
#1036=LINE('',#8141,#1300);
#1037=LINE('',#8287,#1301);
#1038=LINE('',#8290,#1302);
#1039=LINE('',#8291,#1303);
#1040=LINE('',#8437,#1304);
#1041=LINE('',#8440,#1305);
#1042=LINE('',#8441,#1306);
#1043=LINE('',#8587,#1307);
#1044=LINE('',#8589,#1308);
#1045=LINE('',#8593,#1309);
#1046=LINE('',#8708,#1310);
#1047=LINE('',#8823,#1311);
#1048=LINE('',#8938,#1312);
#1049=LINE('',#9279,#1313);
#1050=LINE('',#9280,#1314);
#1051=LINE('',#9282,#1315);
#1052=LINE('',#9284,#1316);
#1053=LINE('',#9513,#1317);
#1054=LINE('',#9742,#1318);
#1055=LINE('',#9744,#1319);
#1056=LINE('',#9746,#1320);
#1057=LINE('',#9978,#1321);
#1058=LINE('',#9983,#1322);
#1059=LINE('',#10001,#1323);
#1060=LINE('',#10003,#1324);
#1061=LINE('',#10004,#1325);
#1062=LINE('',#10008,#1326);
#1063=LINE('',#10010,#1327);
#1064=LINE('',#10011,#1328);
#1065=LINE('',#10015,#1329);
#1066=LINE('',#10017,#1330);
#1067=LINE('',#10018,#1331);
#1068=LINE('',#10022,#1332);
#1069=LINE('',#10024,#1333);
#1070=LINE('',#10025,#1334);
#1071=LINE('',#10029,#1335);
#1072=LINE('',#10031,#1336);
#1073=LINE('',#10033,#1337);
#1074=LINE('',#10034,#1338);
#1075=LINE('',#10064,#1339);
#1076=LINE('',#10070,#1340);
#1077=LINE('',#10110,#1341);
#1078=LINE('',#10112,#1342);
#1079=LINE('',#10114,#1343);
#1080=LINE('',#10116,#1344);
#1081=LINE('',#10118,#1345);
#1082=LINE('',#10119,#1346);
#1083=LINE('',#10121,#1347);
#1084=LINE('',#10128,#1348);
#1085=LINE('',#10129,#1349);
#1086=LINE('',#10135,#1350);
#1087=LINE('',#10141,#1351);
#1088=LINE('',#10147,#1352);
#1089=LINE('',#10154,#1353);
#1090=LINE('',#10164,#1354);
#1091=VECTOR('',#3838,10.);
#1092=VECTOR('',#3841,10.);
#1093=VECTOR('',#3844,10.);
#1094=VECTOR('',#3847,10.);
#1095=VECTOR('',#3848,10.);
#1096=VECTOR('',#3849,10.);
#1097=VECTOR('',#3852,10.);
#1098=VECTOR('',#3855,10.);
#1099=VECTOR('',#3858,10.);
#1100=VECTOR('',#3859,10.);
#1101=VECTOR('',#3872,10.);
#1102=VECTOR('',#3873,10.);
#1103=VECTOR('',#3876,10.);
#1104=VECTOR('',#3879,10.);
#1105=VECTOR('',#3880,10.);
#1106=VECTOR('',#3881,10.);
#1107=VECTOR('',#3890,10.);
#1108=VECTOR('',#3893,10.);
#1109=VECTOR('',#3894,10.);
#1110=VECTOR('',#3895,10.);
#1111=VECTOR('',#3898,10.);
#1112=VECTOR('',#3911,1.5);
#1113=VECTOR('',#3916,1.5);
#1114=VECTOR('',#3921,1.5);
#1115=VECTOR('',#3926,1.5);
#1116=VECTOR('',#3931,1.5);
#1117=VECTOR('',#3936,1.5);
#1118=VECTOR('',#3943,10.);
#1119=VECTOR('',#3944,10.);
#1120=VECTOR('',#3947,10.);
#1121=VECTOR('',#3976,5.);
#1122=VECTOR('',#3985,5.);
#1123=VECTOR('',#3992,26.);
#1124=VECTOR('',#3993,26.);
#1125=VECTOR('',#3994,26.);
#1126=VECTOR('',#3995,26.);
#1127=VECTOR('',#4004,19.);
#1128=VECTOR('',#4007,5.4);
#1129=VECTOR('',#4010,19.);
#1130=VECTOR('',#4013,5.4);
#1131=VECTOR('',#4016,19.);
#1132=VECTOR('',#4017,0.089999999999999);
#1133=VECTOR('',#4018,0.089999999999999);
#1134=VECTOR('',#4023,0.089999999999999);
#1135=VECTOR('',#4026,0.089999999999999);
#1136=VECTOR('',#4027,5.4);
#1137=VECTOR('',#4032,0.089999999999999);
#1138=VECTOR('',#4035,0.089999999999999);
#1139=VECTOR('',#4036,19.);
#1140=VECTOR('',#4041,0.089999999999999);
#1141=VECTOR('',#4044,5.4);
#1142=VECTOR('',#4045,0.089999999999999);
#1143=VECTOR('',#4052,26.);
#1144=VECTOR('',#4053,26.);
#1145=VECTOR('',#4054,26.);
#1146=VECTOR('',#4055,26.);
#1147=VECTOR('',#4056,26.);
#1148=VECTOR('',#4057,26.);
#1149=VECTOR('',#4058,26.);
#1150=VECTOR('',#4059,26.);
#1151=VECTOR('',#4062,26.);
#1152=VECTOR('',#4063,0.299999999999999);
#1153=VECTOR('',#4064,26.);
#1154=VECTOR('',#4065,0.299999999999999);
#1155=VECTOR('',#4066,0.299999999999999);
#1156=VECTOR('',#4069,26.);
#1157=VECTOR('',#4070,0.299999999999999);
#1158=VECTOR('',#4071,26.);
#1159=VECTOR('',#4072,0.299999999999999);
#1160=VECTOR('',#4075,26.);
#1161=VECTOR('',#4076,0.299999999999999);
#1162=VECTOR('',#4077,26.);
#1163=VECTOR('',#4078,0.299999999999999);
#1164=VECTOR('',#4079,0.299999999999999);
#1165=VECTOR('',#4082,26.);
#1166=VECTOR('',#4083,26.);
#1167=VECTOR('',#4092,26.);
#1168=VECTOR('',#4093,26.);
#1169=VECTOR('',#4100,26.);
#1170=VECTOR('',#4101,26.);
#1171=VECTOR('',#4106,26.);
#1172=VECTOR('',#4109,26.);
#1173=VECTOR('',#4114,26.);
#1174=VECTOR('',#4115,26.);
#1175=VECTOR('',#4118,26.);
#1176=VECTOR('',#4119,26.);
#1177=VECTOR('',#4120,26.);
#1178=VECTOR('',#4121,26.);
#1179=VECTOR('',#4122,8.79999999999999);
#1180=VECTOR('',#4123,8.79999999999999);
#1181=VECTOR('',#4126,8.8);
#1182=VECTOR('',#4127,26.);
#1183=VECTOR('',#4128,8.79999999999999);
#1184=VECTOR('',#4131,8.8);
#1185=VECTOR('',#4132,26.);
#1186=VECTOR('',#4133,8.79999999999999);
#1187=VECTOR('',#4136,8.8);
#1188=VECTOR('',#4137,26.);
#1189=VECTOR('',#4138,8.79999999999999);
#1190=VECTOR('',#4141,26.);
#1191=VECTOR('',#4144,0.87);
#1192=VECTOR('',#4145,0.87);
#1193=VECTOR('',#4146,0.87);
#1194=VECTOR('',#4149,0.87);
#1195=VECTOR('',#4150,0.87);
#1196=VECTOR('',#4153,0.87);
#1197=VECTOR('',#4154,0.87);
#1198=VECTOR('',#4157,0.87);
#1199=VECTOR('',#4164,26.);
#1200=VECTOR('',#4173,26.);
#1201=VECTOR('',#4180,26.);
#1202=VECTOR('',#4185,26.);
#1203=VECTOR('',#4194,2.5527);
#1204=VECTOR('',#4203,3.175);
#1205=VECTOR('',#4208,1.1000000000021);
#1206=VECTOR('',#4211,1.1000000000021);
#1207=VECTOR('',#4216,1.1000000000326);
#1208=VECTOR('',#4217,0.83);
#1209=VECTOR('',#4218,0.83);
#1210=VECTOR('',#4221,1.1000000000163);
#1211=VECTOR('',#4228,1.1000000000326);
#1212=VECTOR('',#4229,11.05);
#1213=VECTOR('',#4230,11.05);
#1214=VECTOR('',#4233,1.1000000000163);
#1215=VECTOR('',#4240,1.09999999999);
#1216=VECTOR('',#4241,0.26431457505075);
#1217=VECTOR('',#4242,0.26431457505075);
#1218=VECTOR('',#4245,1.1000000000021);
#1219=VECTOR('',#4252,1.1000000000063);
#1220=VECTOR('',#4253,1.50710678118658);
#1221=VECTOR('',#4254,1.50710678116962);
#1222=VECTOR('',#4257,1.1000000000021);
#1223=VECTOR('',#4264,10.4843145750507);
#1224=VECTOR('',#4265,10.4843145750507);
#1225=VECTOR('',#4270,0.8);
#1226=VECTOR('',#4277,0.8);
#1227=VECTOR('',#4282,3.67500000000437);
#1228=VECTOR('',#4287,0.282842712457457);
#1229=VECTOR('',#4290,0.282842712457471);
#1230=VECTOR('',#4293,0.829999999999997);
#1231=VECTOR('',#4294,0.282842712524203);
#1232=VECTOR('',#4299,0.282842712490917);
#1233=VECTOR('',#4302,11.05);
#1234=VECTOR('',#4303,0.282842712484008);
#1235=VECTOR('',#4308,0.282842712490899);
#1236=VECTOR('',#4311,0.264314575050799);
#1237=VECTOR('',#4312,0.282842712484008);
#1238=VECTOR('',#4317,0.282842712454979);
#1239=VECTOR('',#4320,1.5071067811727);
#1240=VECTOR('',#4321,0.282842712503166);
#1241=VECTOR('',#4326,0.28284271249522);
#1242=VECTOR('',#4329,10.4843145750507);
#1243=VECTOR('',#4332,1.01999999998992);
#1244=VECTOR('',#4337,1.01999999998992);
#1245=VECTOR('',#4342,26.);
#1246=VECTOR('',#4343,26.);
#1247=VECTOR('',#4344,26.);
#1248=VECTOR('',#4345,26.);
#1249=VECTOR('',#4346,10.7);
#1250=VECTOR('',#4347,10.7);
#1251=VECTOR('',#4350,26.);
#1252=VECTOR('',#4351,10.7);
#1253=VECTOR('',#4352,10.7);
#1254=VECTOR('',#4355,26.);
#1255=VECTOR('',#4356,10.7);
#1256=VECTOR('',#4357,10.7);
#1257=VECTOR('',#4360,26.);
#1258=VECTOR('',#4361,10.7);
#1259=VECTOR('',#4362,10.7);
#1260=VECTOR('',#4365,26.);
#1261=VECTOR('',#4398,0.812132034356064);
#1262=VECTOR('',#4401,0.675735931288002);
#1263=VECTOR('',#4404,11.65);
#1264=VECTOR('',#4407,1.25);
#1265=VECTOR('',#4410,3.68);
#1266=VECTOR('',#4413,0.490000000000002);
#1267=VECTOR('',#4416,0.0252395354193796);
#1268=VECTOR('',#4419,1.36223711492983);
#1269=VECTOR('',#4422,5.1446610536664);
#1270=VECTOR('',#4425,3.92);
#1271=VECTOR('',#4428,3.92);
#1272=VECTOR('',#4431,0.812132034356065);
#1273=VECTOR('',#4432,3.92);
#1274=VECTOR('',#4437,3.92);
#1275=VECTOR('',#4440,0.675735931288002);
#1276=VECTOR('',#4441,3.92);
#1277=VECTOR('',#4446,3.92);
#1278=VECTOR('',#4449,11.65);
#1279=VECTOR('',#4450,3.92);
#1280=VECTOR('',#4455,3.92);
#1281=VECTOR('',#4458,1.25);
#1282=VECTOR('',#4459,3.92);
#1283=VECTOR('',#4464,3.92);
#1284=VECTOR('',#4467,3.68);
#1285=VECTOR('',#4468,3.92);
#1286=VECTOR('',#4473,3.92);
#1287=VECTOR('',#4476,0.490000000000002);
#1288=VECTOR('',#4477,3.92);
#1289=VECTOR('',#4482,3.92);
#1290=VECTOR('',#4485,0.0252395354193799);
#1291=VECTOR('',#4486,3.92);
#1292=VECTOR('',#4491,3.92);
#1293=VECTOR('',#4494,1.36223711492983);
#1294=VECTOR('',#4495,3.92);
#1295=VECTOR('',#4500,3.92);
#1296=VECTOR('',#4503,5.1446610536664);
#1297=VECTOR('',#4506,0.7);
#1298=VECTOR('',#4507,0.700000000000665);
#1299=VECTOR('',#4510,26.);
#1300=VECTOR('',#4511,0.7);
#1301=VECTOR('',#4512,0.700000000035225);
#1302=VECTOR('',#4515,26.);
#1303=VECTOR('',#4516,0.7);
#1304=VECTOR('',#4517,0.699999999979665);
#1305=VECTOR('',#4520,26.);
#1306=VECTOR('',#4521,0.7);
#1307=VECTOR('',#4522,0.7);
#1308=VECTOR('',#4525,26.);
#1309=VECTOR('',#4528,26.);
#1310=VECTOR('',#4529,26.);
#1311=VECTOR('',#4530,26.);
#1312=VECTOR('',#4531,26.);
#1313=VECTOR('',#4532,10.);
#1314=VECTOR('',#4533,10.);
#1315=VECTOR('',#4536,10.);
#1316=VECTOR('',#4539,10.);
#1317=VECTOR('',#4540,10.);
#1318=VECTOR('',#4541,10.);
#1319=VECTOR('',#4544,10.);
#1320=VECTOR('',#4547,10.);
#1321=VECTOR('',#4552,1.25);
#1322=VECTOR('',#4559,1.25);
#1323=VECTOR('',#4582,10.);
#1324=VECTOR('',#4583,10.);
#1325=VECTOR('',#4584,10.);
#1326=VECTOR('',#4587,10.);
#1327=VECTOR('',#4588,10.);
#1328=VECTOR('',#4589,10.);
#1329=VECTOR('',#4592,10.);
#1330=VECTOR('',#4593,10.);
#1331=VECTOR('',#4594,10.);
#1332=VECTOR('',#4597,10.);
#1333=VECTOR('',#4598,10.);
#1334=VECTOR('',#4599,10.);
#1335=VECTOR('',#4602,10.);
#1336=VECTOR('',#4603,10.);
#1337=VECTOR('',#4604,10.);
#1338=VECTOR('',#4605,10.);
#1339=VECTOR('',#4646,1.5);
#1340=VECTOR('',#4653,1.3466375);
#1341=VECTOR('',#4668,10.);
#1342=VECTOR('',#4669,10.);
#1343=VECTOR('',#4670,10.);
#1344=VECTOR('',#4671,10.);
#1345=VECTOR('',#4672,9.99999999999998);
#1346=VECTOR('',#4673,10.);
#1347=VECTOR('',#4676,2.85);
#1348=VECTOR('',#4679,10.);
#1349=VECTOR('',#4680,10.);
#1350=VECTOR('',#4683,10.);
#1351=VECTOR('',#4686,10.);
#1352=VECTOR('',#4689,10.);
#1353=VECTOR('',#4692,10.);
#1354=VECTOR('',#4697,0.577350269189626);
#1355=CIRCLE('',#3505,2.);
#1356=CIRCLE('',#3506,2.);
#1357=CIRCLE('',#3508,4.);
#1358=CIRCLE('',#3509,2.);
#1359=CIRCLE('',#3511,2.);
#1360=CIRCLE('',#3512,1.5);
#1361=CIRCLE('',#3513,1.5);
#1362=CIRCLE('',#3514,1.5);
#1363=CIRCLE('',#3515,1.5);
#1364=CIRCLE('',#3517,2.);
#1365=CIRCLE('',#3519,2.);
#1366=CIRCLE('',#3520,4.);
#1367=CIRCLE('',#3522,2.);
#1368=CIRCLE('',#3523,2.);
#1369=CIRCLE('',#3526,2.);
#1370=CIRCLE('',#3527,1.5);
#1371=CIRCLE('',#3528,1.5);
#1372=CIRCLE('',#3530,2.);
#1373=CIRCLE('',#3532,1.5);
#1374=CIRCLE('',#3534,1.5);
#1375=CIRCLE('',#3536,1.5);
#1376=CIRCLE('',#3538,1.5);
#1377=CIRCLE('',#3540,1.5);
#1378=CIRCLE('',#3542,1.5);
#1379=CIRCLE('',#3559,5.);
#1380=CIRCLE('',#3560,5.);
#1381=CIRCLE('',#3563,5.);
#1382=CIRCLE('',#3564,5.);
#1383=CIRCLE('',#3567,1.25);
#1384=CIRCLE('',#3568,1.25);
#1385=CIRCLE('',#3570,0.5);
#1386=CIRCLE('',#3571,0.5);
#1387=CIRCLE('',#3572,0.5);
#1388=CIRCLE('',#3573,0.5);
#1389=CIRCLE('',#3576,0.5);
#1390=CIRCLE('',#3579,0.5);
#1391=CIRCLE('',#3582,0.5);
#1392=CIRCLE('',#3585,0.5);
#1393=CIRCLE('',#3591,0.1);
#1394=CIRCLE('',#3592,0.1);
#1395=CIRCLE('',#3594,0.0999999999999978);
#1396=CIRCLE('',#3595,0.1);
#1397=CIRCLE('',#3597,0.0999999999999976);
#1398=CIRCLE('',#3598,0.1);
#1399=CIRCLE('',#3600,0.0999999999999978);
#1400=CIRCLE('',#3601,0.1);
#1401=CIRCLE('',#3612,0.1);
#1402=CIRCLE('',#3613,0.1);
#1403=CIRCLE('',#3615,0.0999999999999961);
#1404=CIRCLE('',#3616,0.1);
#1405=CIRCLE('',#3618,0.1);
#1406=CIRCLE('',#3619,0.1);
#1407=CIRCLE('',#3621,0.0999999999999961);
#1408=CIRCLE('',#3622,0.1);
#1409=CIRCLE('',#3626,2.5527);
#1410=CIRCLE('',#3628,2.5527);
#1411=CIRCLE('',#3630,3.175);
#1412=CIRCLE('',#3632,3.17500000001619);
#1413=CIRCLE('',#3634,1.4);
#1414=CIRCLE('',#3635,1.40000000002144);
#1415=CIRCLE('',#3638,1.4);
#1416=CIRCLE('',#3639,1.39999999997226);
#1417=CIRCLE('',#3642,1.4);
#1418=CIRCLE('',#3643,1.39999999997226);
#1419=CIRCLE('',#3646,0.9);
#1420=CIRCLE('',#3647,0.900000000014889);
#1421=CIRCLE('',#3650,0.89999999999997);
#1422=CIRCLE('',#3651,0.899999999988172);
#1423=CIRCLE('',#3654,0.799999999976929);
#1424=CIRCLE('',#3655,0.79999999997693);
#1425=CIRCLE('',#3657,0.799999999976929);
#1426=CIRCLE('',#3658,0.79999999997693);
#1427=CIRCLE('',#3660,3.674999999987);
#1428=CIRCLE('',#3662,1.59999999999627);
#1429=CIRCLE('',#3665,1.59999999993943);
#1430=CIRCLE('',#3668,1.59999999993943);
#1431=CIRCLE('',#3671,1.09999999998456);
#1432=CIRCLE('',#3674,1.10000000000809);
#1433=CIRCLE('',#3677,1.0199999999827);
#1434=CIRCLE('',#3679,1.0199999999827);
#1435=CIRCLE('',#3687,3.);
#1436=CIRCLE('',#3688,3.);
#1437=CIRCLE('',#3690,3.);
#1438=CIRCLE('',#3692,3.);
#1439=CIRCLE('',#3693,3.);
#1440=CIRCLE('',#3694,3.);
#1441=CIRCLE('',#3696,3.);
#1442=CIRCLE('',#3698,3.);
#1443=CIRCLE('',#3700,0.3);
#1444=CIRCLE('',#3701,0.3);
#1445=CIRCLE('',#3702,0.300000000000004);
#1446=CIRCLE('',#3703,0.3);
#1447=CIRCLE('',#3704,0.3);
#1448=CIRCLE('',#3705,0.3);
#1449=CIRCLE('',#3706,0.45);
#1450=CIRCLE('',#3707,0.45);
#1451=CIRCLE('',#3708,0.299999999999913);
#1452=CIRCLE('',#3710,0.3);
#1453=CIRCLE('',#3713,0.3);
#1454=CIRCLE('',#3716,0.300000000000004);
#1455=CIRCLE('',#3719,0.3);
#1456=CIRCLE('',#3722,0.3);
#1457=CIRCLE('',#3725,0.3);
#1458=CIRCLE('',#3728,0.45);
#1459=CIRCLE('',#3731,0.45);
#1460=CIRCLE('',#3734,0.299999999999913);
#1461=CIRCLE('',#3747,1.25);
#1462=CIRCLE('',#3750,1.25);
#1463=CIRCLE('',#3779,1.5);
#1464=CIRCLE('',#3780,0.1);
#1465=CIRCLE('',#3781,1.6);
#1466=CIRCLE('',#3782,1.5);
#1467=CIRCLE('',#3784,1.5);
#1468=CIRCLE('',#3785,1.5);
#1469=CIRCLE('',#3787,2.85);
#1470=CIRCLE('',#3789,1.193275);
#1471=CIRCLE('',#3791,1.425);
#1472=CIRCLE('',#3792,1.42500000000001);
#1473=CIRCLE('',#3793,2.85);
#1474=CIRCLE('',#3794,2.85);
#1475=VERTEX_POINT('',#4753);
#1476=VERTEX_POINT('',#4754);
#1477=VERTEX_POINT('',#4756);
#1478=VERTEX_POINT('',#4758);
#1479=VERTEX_POINT('',#4762);
#1480=VERTEX_POINT('',#4764);
#1481=VERTEX_POINT('',#4766);
#1482=VERTEX_POINT('',#4768);
#1483=VERTEX_POINT('',#4770);
#1484=VERTEX_POINT('',#4772);
#1485=VERTEX_POINT('',#4776);
#1486=VERTEX_POINT('',#4778);
#1487=VERTEX_POINT('',#4780);
#1488=VERTEX_POINT('',#4783);
#1489=VERTEX_POINT('',#4785);
#1490=VERTEX_POINT('',#4787);
#1491=VERTEX_POINT('',#4789);
#1492=VERTEX_POINT('',#4792);
#1493=VERTEX_POINT('',#4793);
#1494=VERTEX_POINT('',#4798);
#1495=VERTEX_POINT('',#4800);
#1496=VERTEX_POINT('',#4802);
#1497=VERTEX_POINT('',#4804);
#1498=VERTEX_POINT('',#4806);
#1499=VERTEX_POINT('',#4810);
#1500=VERTEX_POINT('',#4812);
#1501=VERTEX_POINT('',#4816);
#1502=VERTEX_POINT('',#4818);
#1503=VERTEX_POINT('',#4824);
#1504=VERTEX_POINT('',#4826);
#1505=VERTEX_POINT('',#4831);
#1506=VERTEX_POINT('',#4835);
#1507=VERTEX_POINT('',#4839);
#1508=VERTEX_POINT('',#4843);
#1509=VERTEX_POINT('',#4847);
#1510=VERTEX_POINT('',#4851);
#1511=VERTEX_POINT('',#4877);
#1512=VERTEX_POINT('',#4879);
#1513=VERTEX_POINT('',#4884);
#1514=VERTEX_POINT('',#4886);
#1515=VERTEX_POINT('',#4891);
#1516=VERTEX_POINT('',#4892);
#1517=VERTEX_POINT('',#4894);
#1518=VERTEX_POINT('',#4974);
#1519=VERTEX_POINT('',#4976);
#1520=VERTEX_POINT('',#5056);
#1521=VERTEX_POINT('',#5058);
#1522=VERTEX_POINT('',#5138);
#1523=VERTEX_POINT('',#5219);
#1524=VERTEX_POINT('',#5221);
#1525=VERTEX_POINT('',#5224);
#1526=VERTEX_POINT('',#5225);
#1527=VERTEX_POINT('',#5227);
#1528=VERTEX_POINT('',#5229);
#1529=VERTEX_POINT('',#5231);
#1530=VERTEX_POINT('',#5233);
#1531=VERTEX_POINT('',#5235);
#1532=VERTEX_POINT('',#5237);
#1533=VERTEX_POINT('',#5241);
#1534=VERTEX_POINT('',#5242);
#1535=VERTEX_POINT('',#5247);
#1536=VERTEX_POINT('',#5251);
#1537=VERTEX_POINT('',#5255);
#1538=VERTEX_POINT('',#5259);
#1539=VERTEX_POINT('',#5263);
#1540=VERTEX_POINT('',#5267);
#1541=VERTEX_POINT('',#5273);
#1542=VERTEX_POINT('',#5274);
#1543=VERTEX_POINT('',#5276);
#1544=VERTEX_POINT('',#5301);
#1545=VERTEX_POINT('',#5303);
#1546=VERTEX_POINT('',#5328);
#1547=VERTEX_POINT('',#5330);
#1548=VERTEX_POINT('',#5355);
#1549=VERTEX_POINT('',#5381);
#1550=VERTEX_POINT('',#5382);
#1551=VERTEX_POINT('',#5384);
#1552=VERTEX_POINT('',#5400);
#1553=VERTEX_POINT('',#5402);
#1554=VERTEX_POINT('',#5418);
#1555=VERTEX_POINT('',#5420);
#1556=VERTEX_POINT('',#5436);
#1557=VERTEX_POINT('',#5454);
#1558=VERTEX_POINT('',#5455);
#1559=VERTEX_POINT('',#5457);
#1560=VERTEX_POINT('',#5459);
#1561=VERTEX_POINT('',#5492);
#1562=VERTEX_POINT('',#5508);
#1563=VERTEX_POINT('',#5526);
#1564=VERTEX_POINT('',#5528);
#1565=VERTEX_POINT('',#5561);
#1566=VERTEX_POINT('',#5577);
#1567=VERTEX_POINT('',#5595);
#1568=VERTEX_POINT('',#5597);
#1569=VERTEX_POINT('',#5630);
#1570=VERTEX_POINT('',#5646);
#1571=VERTEX_POINT('',#5693);
#1572=VERTEX_POINT('',#5709);
#1573=VERTEX_POINT('',#5801);
#1574=VERTEX_POINT('',#5802);
#1575=VERTEX_POINT('',#5804);
#1576=VERTEX_POINT('',#5829);
#1577=VERTEX_POINT('',#5838);
#1578=VERTEX_POINT('',#5839);
#1579=VERTEX_POINT('',#5915);
#1580=VERTEX_POINT('',#5916);
#1581=VERTEX_POINT('',#5949);
#1582=VERTEX_POINT('',#5950);
#1583=VERTEX_POINT('',#6026);
#1584=VERTEX_POINT('',#6027);
#1585=VERTEX_POINT('',#6060);
#1586=VERTEX_POINT('',#6062);
#1587=VERTEX_POINT('',#6137);
#1588=VERTEX_POINT('',#6144);
#1589=VERTEX_POINT('',#6174);
#1590=VERTEX_POINT('',#6175);
#1591=VERTEX_POINT('',#6200);
#1592=VERTEX_POINT('',#6202);
#1593=VERTEX_POINT('',#6227);
#1594=VERTEX_POINT('',#6229);
#1595=VERTEX_POINT('',#6254);
#1596=VERTEX_POINT('',#6256);
#1597=VERTEX_POINT('',#6294);
#1598=VERTEX_POINT('',#6296);
#1599=VERTEX_POINT('',#6373);
#1600=VERTEX_POINT('',#6388);
#1601=VERTEX_POINT('',#6465);
#1602=VERTEX_POINT('',#6480);
#1603=VERTEX_POINT('',#6557);
#1604=VERTEX_POINT('',#6572);
#1605=VERTEX_POINT('',#6926);
#1606=VERTEX_POINT('',#6928);
#1607=VERTEX_POINT('',#6955);
#1608=VERTEX_POINT('',#7030);
#1609=VERTEX_POINT('',#7057);
#1610=VERTEX_POINT('',#7132);
#1611=VERTEX_POINT('',#7159);
#1612=VERTEX_POINT('',#7234);
#1613=VERTEX_POINT('',#7264);
#1614=VERTEX_POINT('',#7267);
#1615=VERTEX_POINT('',#7271);
#1616=VERTEX_POINT('',#7274);
#1617=VERTEX_POINT('',#7278);
#1618=VERTEX_POINT('',#7279);
#1619=VERTEX_POINT('',#7281);
#1620=VERTEX_POINT('',#7283);
#1621=VERTEX_POINT('',#7287);
#1622=VERTEX_POINT('',#7288);
#1623=VERTEX_POINT('',#7293);
#1624=VERTEX_POINT('',#7294);
#1625=VERTEX_POINT('',#7299);
#1626=VERTEX_POINT('',#7300);
#1627=VERTEX_POINT('',#7305);
#1628=VERTEX_POINT('',#7306);
#1629=VERTEX_POINT('',#7311);
#1630=VERTEX_POINT('',#7312);
#1631=VERTEX_POINT('',#7317);
#1632=VERTEX_POINT('',#7318);
#1633=VERTEX_POINT('',#7323);
#1634=VERTEX_POINT('',#7324);
#1635=VERTEX_POINT('',#7329);
#1636=VERTEX_POINT('',#7330);
#1637=VERTEX_POINT('',#7338);
#1638=VERTEX_POINT('',#7340);
#1639=VERTEX_POINT('',#7344);
#1640=VERTEX_POINT('',#7346);
#1641=VERTEX_POINT('',#7350);
#1642=VERTEX_POINT('',#7354);
#1643=VERTEX_POINT('',#7356);
#1644=VERTEX_POINT('',#7360);
#1645=VERTEX_POINT('',#7364);
#1646=VERTEX_POINT('',#7368);
#1647=VERTEX_POINT('',#7372);
#1648=VERTEX_POINT('',#7376);
#1649=VERTEX_POINT('',#7380);
#1650=VERTEX_POINT('',#7384);
#1651=VERTEX_POINT('',#7388);
#1652=VERTEX_POINT('',#7394);
#1653=VERTEX_POINT('',#7398);
#1654=VERTEX_POINT('',#7402);
#1655=VERTEX_POINT('',#7403);
#1656=VERTEX_POINT('',#7405);
#1657=VERTEX_POINT('',#7412);
#1658=VERTEX_POINT('',#7414);
#1659=VERTEX_POINT('',#7421);
#1660=VERTEX_POINT('',#7423);
#1661=VERTEX_POINT('',#7430);
#1662=VERTEX_POINT('',#7470);
#1663=VERTEX_POINT('',#7472);
#1664=VERTEX_POINT('',#7481);
#1665=VERTEX_POINT('',#7516);
#1666=VERTEX_POINT('',#7525);
#1667=VERTEX_POINT('',#7560);
#1668=VERTEX_POINT('',#7569);
#1669=VERTEX_POINT('',#7604);
#1670=VERTEX_POINT('',#7881);
#1671=VERTEX_POINT('',#7882);
#1672=VERTEX_POINT('',#7884);
#1673=VERTEX_POINT('',#7886);
#1674=VERTEX_POINT('',#7888);
#1675=VERTEX_POINT('',#7890);
#1676=VERTEX_POINT('',#7892);
#1677=VERTEX_POINT('',#7894);
#1678=VERTEX_POINT('',#7896);
#1679=VERTEX_POINT('',#7898);
#1680=VERTEX_POINT('',#7900);
#1681=VERTEX_POINT('',#7902);
#1682=VERTEX_POINT('',#7904);
#1683=VERTEX_POINT('',#7906);
#1684=VERTEX_POINT('',#7908);
#1685=VERTEX_POINT('',#7910);
#1686=VERTEX_POINT('',#7912);
#1687=VERTEX_POINT('',#7914);
#1688=VERTEX_POINT('',#7918);
#1689=VERTEX_POINT('',#7920);
#1690=VERTEX_POINT('',#7924);
#1691=VERTEX_POINT('',#7928);
#1692=VERTEX_POINT('',#7932);
#1693=VERTEX_POINT('',#7936);
#1694=VERTEX_POINT('',#7940);
#1695=VERTEX_POINT('',#7944);
#1696=VERTEX_POINT('',#7948);
#1697=VERTEX_POINT('',#7952);
#1698=VERTEX_POINT('',#7956);
#1699=VERTEX_POINT('',#7960);
#1700=VERTEX_POINT('',#7964);
#1701=VERTEX_POINT('',#7968);
#1702=VERTEX_POINT('',#7972);
#1703=VERTEX_POINT('',#7976);
#1704=VERTEX_POINT('',#7980);
#1705=VERTEX_POINT('',#7984);
#1706=VERTEX_POINT('',#8020);
#1707=VERTEX_POINT('',#8022);
#1708=VERTEX_POINT('',#8139);
#1709=VERTEX_POINT('',#8172);
#1710=VERTEX_POINT('',#8289);
#1711=VERTEX_POINT('',#8322);
#1712=VERTEX_POINT('',#8439);
#1713=VERTEX_POINT('',#8472);
#1714=VERTEX_POINT('',#8591);
#1715=VERTEX_POINT('',#8592);
#1716=VERTEX_POINT('',#8594);
#1717=VERTEX_POINT('',#8707);
#1718=VERTEX_POINT('',#8709);
#1719=VERTEX_POINT('',#8822);
#1720=VERTEX_POINT('',#8824);
#1721=VERTEX_POINT('',#8937);
#1722=VERTEX_POINT('',#9976);
#1723=VERTEX_POINT('',#9981);
#1724=VERTEX_POINT('',#9999);
#1725=VERTEX_POINT('',#10000);
#1726=VERTEX_POINT('',#10002);
#1727=VERTEX_POINT('',#10006);
#1728=VERTEX_POINT('',#10007);
#1729=VERTEX_POINT('',#10009);
#1730=VERTEX_POINT('',#10013);
#1731=VERTEX_POINT('',#10014);
#1732=VERTEX_POINT('',#10016);
#1733=VERTEX_POINT('',#10020);
#1734=VERTEX_POINT('',#10021);
#1735=VERTEX_POINT('',#10023);
#1736=VERTEX_POINT('',#10027);
#1737=VERTEX_POINT('',#10028);
#1738=VERTEX_POINT('',#10030);
#1739=VERTEX_POINT('',#10032);
#1740=VERTEX_POINT('',#10052);
#1741=VERTEX_POINT('',#10053);
#1742=VERTEX_POINT('',#10055);
#1743=VERTEX_POINT('',#10060);
#1744=VERTEX_POINT('',#10061);
#1745=VERTEX_POINT('',#10066);
#1746=VERTEX_POINT('',#10069);
#1747=VERTEX_POINT('',#10100);
#1748=VERTEX_POINT('',#10102);
#1749=VERTEX_POINT('',#10104);
#1750=VERTEX_POINT('',#10108);
#1751=VERTEX_POINT('',#10109);
#1752=VERTEX_POINT('',#10111);
#1753=VERTEX_POINT('',#10113);
#1754=VERTEX_POINT('',#10115);
#1755=VERTEX_POINT('',#10117);
#1756=VERTEX_POINT('',#10123);
#1757=VERTEX_POINT('',#10124);
#1758=VERTEX_POINT('',#10131);
#1759=VERTEX_POINT('',#10137);
#1760=VERTEX_POINT('',#10143);
#1761=VERTEX_POINT('',#10149);
#1762=VERTEX_POINT('',#10153);
#1763=VERTEX_POINT('',#10163);
#1764=EDGE_CURVE('',#1475,#1476,#1355,.T.);
#1765=EDGE_CURVE('',#1476,#1477,#827,.T.);
#1766=EDGE_CURVE('',#1477,#1478,#1356,.T.);
#1767=EDGE_CURVE('',#1478,#1475,#828,.T.);
#1768=EDGE_CURVE('',#1476,#1479,#829,.T.);
#1769=EDGE_CURVE('',#1480,#1479,#1357,.T.);
#1770=EDGE_CURVE('',#1480,#1481,#830,.T.);
#1771=EDGE_CURVE('',#1482,#1481,#831,.T.);
#1772=EDGE_CURVE('',#1482,#1483,#832,.T.);
#1773=EDGE_CURVE('',#1484,#1483,#1358,.T.);
#1774=EDGE_CURVE('',#1484,#1477,#833,.T.);
#1775=EDGE_CURVE('',#1475,#1485,#834,.T.);
#1776=EDGE_CURVE('',#1486,#1485,#1359,.T.);
#1777=EDGE_CURVE('',#1487,#1486,#835,.T.);
#1778=EDGE_CURVE('',#1479,#1487,#836,.T.);
#1779=EDGE_CURVE('',#1488,#1488,#1360,.T.);
#1780=EDGE_CURVE('',#1489,#1489,#1361,.T.);
#1781=EDGE_CURVE('',#1490,#1490,#1362,.T.);
#1782=EDGE_CURVE('',#1491,#1491,#1363,.T.);
#1783=EDGE_CURVE('',#1492,#1493,#1364,.T.);
#1784=EDGE_CURVE('',#1493,#1486,#837,.T.);
#1785=EDGE_CURVE('',#1485,#1492,#838,.T.);
#1786=EDGE_CURVE('',#1493,#1494,#839,.T.);
#1787=EDGE_CURVE('',#1495,#1494,#1365,.T.);
#1788=EDGE_CURVE('',#1495,#1496,#840,.T.);
#1789=EDGE_CURVE('',#1497,#1496,#841,.T.);
#1790=EDGE_CURVE('',#1497,#1498,#842,.T.);
#1791=EDGE_CURVE('',#1487,#1498,#1366,.T.);
#1792=EDGE_CURVE('',#1499,#1482,#1367,.T.);
#1793=EDGE_CURVE('',#1481,#1500,#1368,.T.);
#1794=EDGE_CURVE('',#1500,#1499,#843,.T.);
#1795=EDGE_CURVE('',#1500,#1501,#844,.T.);
#1796=EDGE_CURVE('',#1502,#1501,#845,.T.);
#1797=EDGE_CURVE('',#1499,#1502,#846,.T.);
#1798=EDGE_CURVE('',#1498,#1480,#847,.T.);
#1799=EDGE_CURVE('',#1501,#1497,#1369,.T.);
#1800=EDGE_CURVE('',#1503,#1503,#1370,.T.);
#1801=EDGE_CURVE('',#1504,#1504,#1371,.T.);
#1802=EDGE_CURVE('',#1496,#1502,#1372,.T.);
#1803=EDGE_CURVE('',#1488,#1505,#848,.T.);
#1804=EDGE_CURVE('',#1505,#1505,#1373,.T.);
#1805=EDGE_CURVE('',#1489,#1506,#849,.T.);
#1806=EDGE_CURVE('',#1506,#1506,#1374,.T.);
#1807=EDGE_CURVE('',#1490,#1507,#850,.T.);
#1808=EDGE_CURVE('',#1507,#1507,#1375,.T.);
#1809=EDGE_CURVE('',#1491,#1508,#851,.T.);
#1810=EDGE_CURVE('',#1508,#1508,#1376,.T.);
#1811=EDGE_CURVE('',#1503,#1509,#852,.T.);
#1812=EDGE_CURVE('',#1509,#1509,#1377,.T.);
#1813=EDGE_CURVE('',#1504,#1510,#853,.T.);
#1814=EDGE_CURVE('',#1510,#1510,#1378,.T.);
#1815=EDGE_CURVE('',#1494,#1484,#854,.T.);
#1816=EDGE_CURVE('',#1483,#1495,#855,.T.);
#1817=EDGE_CURVE('',#1478,#1492,#856,.T.);
#1818=EDGE_CURVE('',#1511,#1511,#1379,.T.);
#1819=EDGE_CURVE('',#1511,#1512,#857,.T.);
#1820=EDGE_CURVE('',#1512,#1512,#1380,.T.);
#1821=EDGE_CURVE('',#1513,#1513,#1381,.T.);
#1822=EDGE_CURVE('',#1513,#1514,#858,.T.);
#1823=EDGE_CURVE('',#1514,#1514,#1382,.T.);
#1824=EDGE_CURVE('',#1515,#1516,#859,.T.);
#1825=EDGE_CURVE('',#1516,#1517,#186,.T.);
#1826=EDGE_CURVE('',#1517,#1518,#860,.T.);
#1827=EDGE_CURVE('',#1518,#1519,#187,.T.);
#1828=EDGE_CURVE('',#1519,#1520,#861,.T.);
#1829=EDGE_CURVE('',#1520,#1521,#188,.T.);
#1830=EDGE_CURVE('',#1521,#1522,#862,.T.);
#1831=EDGE_CURVE('',#1522,#1515,#189,.T.);
#1832=EDGE_CURVE('',#1523,#1523,#1383,.T.);
#1833=EDGE_CURVE('',#1524,#1524,#1384,.T.);
#1834=EDGE_CURVE('',#1525,#1526,#1385,.T.);
#1835=EDGE_CURVE('',#1527,#1525,#863,.T.);
#1836=EDGE_CURVE('',#1528,#1527,#1386,.T.);
#1837=EDGE_CURVE('',#1529,#1528,#864,.T.);
#1838=EDGE_CURVE('',#1530,#1529,#1387,.T.);
#1839=EDGE_CURVE('',#1531,#1530,#865,.F.);
#1840=EDGE_CURVE('',#1532,#1531,#1388,.T.);
#1841=EDGE_CURVE('',#1526,#1532,#866,.T.);
#1842=EDGE_CURVE('',#1533,#1534,#867,.T.);
#1843=EDGE_CURVE('',#1527,#1533,#868,.T.);
#1844=EDGE_CURVE('',#1534,#1525,#869,.F.);
#1845=EDGE_CURVE('',#1534,#1535,#1389,.T.);
#1846=EDGE_CURVE('',#1535,#1526,#870,.F.);
#1847=EDGE_CURVE('',#1536,#1532,#871,.F.);
#1848=EDGE_CURVE('',#1535,#1536,#872,.F.);
#1849=EDGE_CURVE('',#1536,#1537,#1390,.T.);
#1850=EDGE_CURVE('',#1537,#1531,#873,.F.);
#1851=EDGE_CURVE('',#1538,#1530,#874,.F.);
#1852=EDGE_CURVE('',#1537,#1538,#875,.F.);
#1853=EDGE_CURVE('',#1538,#1539,#1391,.T.);
#1854=EDGE_CURVE('',#1539,#1529,#876,.F.);
#1855=EDGE_CURVE('',#1539,#1540,#877,.T.);
#1856=EDGE_CURVE('',#1540,#1528,#878,.F.);
#1857=EDGE_CURVE('',#1540,#1533,#1392,.T.);
#1858=EDGE_CURVE('',#1541,#1542,#879,.T.);
#1859=EDGE_CURVE('',#1543,#1541,#190,.T.);
#1860=EDGE_CURVE('',#1544,#1543,#880,.T.);
#1861=EDGE_CURVE('',#1545,#1544,#191,.T.);
#1862=EDGE_CURVE('',#1546,#1545,#881,.F.);
#1863=EDGE_CURVE('',#1547,#1546,#192,.T.);
#1864=EDGE_CURVE('',#1548,#1547,#882,.F.);
#1865=EDGE_CURVE('',#1542,#1548,#193,.T.);
#1866=EDGE_CURVE('',#1549,#1550,#883,.T.);
#1867=EDGE_CURVE('',#1550,#1551,#194,.F.);
#1868=EDGE_CURVE('',#1551,#1552,#884,.T.);
#1869=EDGE_CURVE('',#1552,#1553,#195,.F.);
#1870=EDGE_CURVE('',#1553,#1554,#885,.T.);
#1871=EDGE_CURVE('',#1554,#1555,#196,.F.);
#1872=EDGE_CURVE('',#1555,#1556,#886,.T.);
#1873=EDGE_CURVE('',#1556,#1549,#197,.F.);
#1874=EDGE_CURVE('',#1557,#1558,#887,.T.);
#1875=EDGE_CURVE('',#1557,#1559,#888,.T.);
#1876=EDGE_CURVE('',#1560,#1559,#889,.T.);
#1877=EDGE_CURVE('',#1558,#1560,#890,.T.);
#1878=EDGE_CURVE('',#1561,#1557,#198,.T.);
#1879=EDGE_CURVE('',#1561,#1562,#891,.T.);
#1880=EDGE_CURVE('',#1559,#1562,#199,.T.);
#1881=EDGE_CURVE('',#1563,#1561,#892,.F.);
#1882=EDGE_CURVE('',#1563,#1564,#893,.T.);
#1883=EDGE_CURVE('',#1562,#1564,#894,.T.);
#1884=EDGE_CURVE('',#1565,#1563,#200,.T.);
#1885=EDGE_CURVE('',#1565,#1566,#895,.T.);
#1886=EDGE_CURVE('',#1564,#1566,#201,.T.);
#1887=EDGE_CURVE('',#1567,#1565,#896,.F.);
#1888=EDGE_CURVE('',#1567,#1568,#897,.T.);
#1889=EDGE_CURVE('',#1566,#1568,#898,.T.);
#1890=EDGE_CURVE('',#1569,#1567,#202,.T.);
#1891=EDGE_CURVE('',#1569,#1570,#899,.T.);
#1892=EDGE_CURVE('',#1568,#1570,#203,.T.);
#1893=EDGE_CURVE('',#1558,#1571,#204,.T.);
#1894=EDGE_CURVE('',#1572,#1560,#205,.T.);
#1895=EDGE_CURVE('',#1571,#1572,#900,.T.);
#1896=EDGE_CURVE('',#1571,#1569,#901,.T.);
#1897=EDGE_CURVE('',#1570,#1572,#902,.T.);
#1898=EDGE_CURVE('',#1573,#1574,#1393,.T.);
#1899=EDGE_CURVE('',#1575,#1573,#206,.T.);
#1900=EDGE_CURVE('',#1576,#1575,#1394,.F.);
#1901=EDGE_CURVE('',#1574,#1576,#207,.T.);
#1902=EDGE_CURVE('',#1577,#1578,#1395,.T.);
#1903=EDGE_CURVE('',#1573,#1577,#903,.F.);
#1904=EDGE_CURVE('',#1578,#1574,#904,.T.);
#1905=EDGE_CURVE('',#1579,#1580,#1396,.T.);
#1906=EDGE_CURVE('',#1577,#1579,#208,.T.);
#1907=EDGE_CURVE('',#1580,#1578,#209,.T.);
#1908=EDGE_CURVE('',#1581,#1582,#1397,.T.);
#1909=EDGE_CURVE('',#1579,#1581,#905,.T.);
#1910=EDGE_CURVE('',#1582,#1580,#906,.F.);
#1911=EDGE_CURVE('',#1583,#1584,#1398,.T.);
#1912=EDGE_CURVE('',#1581,#1583,#210,.T.);
#1913=EDGE_CURVE('',#1584,#1582,#211,.T.);
#1914=EDGE_CURVE('',#1585,#1584,#907,.F.);
#1915=EDGE_CURVE('',#1586,#1585,#1399,.T.);
#1916=EDGE_CURVE('',#1583,#1586,#908,.T.);
#1917=EDGE_CURVE('',#1587,#1585,#212,.T.);
#1918=EDGE_CURVE('',#1588,#1587,#1400,.T.);
#1919=EDGE_CURVE('',#1586,#1588,#213,.T.);
#1920=EDGE_CURVE('',#1576,#1587,#909,.T.);
#1921=EDGE_CURVE('',#1588,#1575,#910,.F.);
#1922=EDGE_CURVE('',#1589,#1590,#214,.T.);
#1923=EDGE_CURVE('',#1590,#1591,#911,.T.);
#1924=EDGE_CURVE('',#1591,#1592,#215,.T.);
#1925=EDGE_CURVE('',#1592,#1593,#912,.T.);
#1926=EDGE_CURVE('',#1593,#1594,#216,.T.);
#1927=EDGE_CURVE('',#1594,#1595,#913,.F.);
#1928=EDGE_CURVE('',#1595,#1596,#217,.T.);
#1929=EDGE_CURVE('',#1596,#1589,#914,.F.);
#1930=EDGE_CURVE('',#1574,#1597,#915,.F.);
#1931=EDGE_CURVE('',#1598,#1576,#916,.T.);
#1932=EDGE_CURVE('',#1597,#1598,#218,.T.);
#1933=EDGE_CURVE('',#1578,#1599,#917,.T.);
#1934=EDGE_CURVE('',#1599,#1597,#918,.F.);
#1935=EDGE_CURVE('',#1580,#1600,#919,.T.);
#1936=EDGE_CURVE('',#1600,#1599,#219,.T.);
#1937=EDGE_CURVE('',#1582,#1601,#920,.T.);
#1938=EDGE_CURVE('',#1601,#1600,#921,.F.);
#1939=EDGE_CURVE('',#1584,#1602,#922,.T.);
#1940=EDGE_CURVE('',#1602,#1601,#220,.T.);
#1941=EDGE_CURVE('',#1585,#1603,#923,.T.);
#1942=EDGE_CURVE('',#1603,#1602,#924,.F.);
#1943=EDGE_CURVE('',#1587,#1604,#925,.F.);
#1944=EDGE_CURVE('',#1604,#1603,#221,.T.);
#1945=EDGE_CURVE('',#1598,#1604,#926,.F.);
#1946=EDGE_CURVE('',#1592,#1548,#927,.T.);
#1947=EDGE_CURVE('',#1547,#1593,#928,.T.);
#1948=EDGE_CURVE('',#1546,#1594,#929,.F.);
#1949=EDGE_CURVE('',#1545,#1595,#930,.T.);
#1950=EDGE_CURVE('',#1544,#1596,#931,.F.);
#1951=EDGE_CURVE('',#1543,#1589,#932,.T.);
#1952=EDGE_CURVE('',#1541,#1590,#933,.T.);
#1953=EDGE_CURVE('',#1542,#1591,#934,.T.);
#1954=EDGE_CURVE('',#1605,#1598,#1401,.F.);
#1955=EDGE_CURVE('',#1605,#1606,#222,.T.);
#1956=EDGE_CURVE('',#1597,#1606,#1402,.T.);
#1957=EDGE_CURVE('',#1606,#1607,#935,.F.);
#1958=EDGE_CURVE('',#1599,#1607,#1403,.T.);
#1959=EDGE_CURVE('',#1607,#1608,#223,.T.);
#1960=EDGE_CURVE('',#1600,#1608,#1404,.T.);
#1961=EDGE_CURVE('',#1601,#1609,#1405,.T.);
#1962=EDGE_CURVE('',#1608,#1609,#936,.T.);
#1963=EDGE_CURVE('',#1602,#1610,#1406,.T.);
#1964=EDGE_CURVE('',#1609,#1610,#224,.T.);
#1965=EDGE_CURVE('',#1603,#1611,#1407,.T.);
#1966=EDGE_CURVE('',#1610,#1611,#937,.T.);
#1967=EDGE_CURVE('',#1611,#1612,#225,.T.);
#1968=EDGE_CURVE('',#1604,#1612,#1408,.T.);
#1969=EDGE_CURVE('',#1612,#1605,#938,.F.);
#1970=EDGE_CURVE('',#1613,#1613,#1409,.T.);
#1971=EDGE_CURVE('',#1613,#1614,#939,.T.);
#1972=EDGE_CURVE('',#1614,#1614,#1410,.T.);
#1973=EDGE_CURVE('',#1615,#1615,#1411,.T.);
#1974=EDGE_CURVE('',#1615,#1616,#940,.T.);
#1975=EDGE_CURVE('',#1616,#1616,#1412,.T.);
#1976=EDGE_CURVE('',#1617,#1618,#941,.F.);
#1977=EDGE_CURVE('',#1619,#1618,#1413,.T.);
#1978=EDGE_CURVE('',#1619,#1620,#942,.T.);
#1979=EDGE_CURVE('',#1620,#1617,#1414,.T.);
#1980=EDGE_CURVE('',#1621,#1622,#943,.F.);
#1981=EDGE_CURVE('',#1618,#1622,#944,.T.);
#1982=EDGE_CURVE('',#1617,#1621,#945,.F.);
#1983=EDGE_CURVE('',#1623,#1624,#946,.T.);
#1984=EDGE_CURVE('',#1622,#1624,#1415,.T.);
#1985=EDGE_CURVE('',#1621,#1623,#1416,.T.);
#1986=EDGE_CURVE('',#1625,#1626,#947,.F.);
#1987=EDGE_CURVE('',#1624,#1626,#948,.T.);
#1988=EDGE_CURVE('',#1623,#1625,#949,.T.);
#1989=EDGE_CURVE('',#1627,#1628,#950,.F.);
#1990=EDGE_CURVE('',#1626,#1628,#1417,.T.);
#1991=EDGE_CURVE('',#1625,#1627,#1418,.T.);
#1992=EDGE_CURVE('',#1629,#1630,#951,.T.);
#1993=EDGE_CURVE('',#1628,#1630,#952,.T.);
#1994=EDGE_CURVE('',#1627,#1629,#953,.T.);
#1995=EDGE_CURVE('',#1631,#1632,#954,.F.);
#1996=EDGE_CURVE('',#1630,#1632,#1419,.T.);
#1997=EDGE_CURVE('',#1629,#1631,#1420,.T.);
#1998=EDGE_CURVE('',#1633,#1634,#955,.T.);
#1999=EDGE_CURVE('',#1632,#1634,#956,.T.);
#2000=EDGE_CURVE('',#1631,#1633,#957,.T.);
#2001=EDGE_CURVE('',#1635,#1636,#958,.F.);
#2002=EDGE_CURVE('',#1634,#1636,#1421,.T.);
#2003=EDGE_CURVE('',#1633,#1635,#1422,.T.);
#2004=EDGE_CURVE('',#1636,#1619,#959,.T.);
#2005=EDGE_CURVE('',#1635,#1620,#960,.F.);
#2006=EDGE_CURVE('',#1637,#1637,#1423,.T.);
#2007=EDGE_CURVE('',#1637,#1638,#961,.T.);
#2008=EDGE_CURVE('',#1638,#1638,#1424,.T.);
#2009=EDGE_CURVE('',#1639,#1639,#1425,.T.);
#2010=EDGE_CURVE('',#1639,#1640,#962,.T.);
#2011=EDGE_CURVE('',#1640,#1640,#1426,.T.);
#2012=EDGE_CURVE('',#1616,#1641,#963,.T.);
#2013=EDGE_CURVE('',#1641,#1641,#1427,.T.);
#2014=EDGE_CURVE('',#1620,#1642,#964,.T.);
#2015=EDGE_CURVE('',#1642,#1643,#1428,.T.);
#2016=EDGE_CURVE('',#1643,#1617,#965,.F.);
#2017=EDGE_CURVE('',#1643,#1644,#966,.F.);
#2018=EDGE_CURVE('',#1644,#1621,#967,.T.);
#2019=EDGE_CURVE('',#1644,#1645,#1429,.T.);
#2020=EDGE_CURVE('',#1645,#1623,#968,.T.);
#2021=EDGE_CURVE('',#1645,#1646,#969,.T.);
#2022=EDGE_CURVE('',#1646,#1625,#970,.T.);
#2023=EDGE_CURVE('',#1646,#1647,#1430,.T.);
#2024=EDGE_CURVE('',#1647,#1627,#971,.T.);
#2025=EDGE_CURVE('',#1647,#1648,#972,.T.);
#2026=EDGE_CURVE('',#1648,#1629,#973,.T.);
#2027=EDGE_CURVE('',#1648,#1649,#1431,.T.);
#2028=EDGE_CURVE('',#1649,#1631,#974,.T.);
#2029=EDGE_CURVE('',#1649,#1650,#975,.T.);
#2030=EDGE_CURVE('',#1650,#1633,#976,.T.);
#2031=EDGE_CURVE('',#1650,#1651,#1432,.T.);
#2032=EDGE_CURVE('',#1651,#1635,#977,.F.);
#2033=EDGE_CURVE('',#1651,#1642,#978,.F.);
#2034=EDGE_CURVE('',#1638,#1652,#979,.T.);
#2035=EDGE_CURVE('',#1652,#1652,#1433,.T.);
#2036=EDGE_CURVE('',#1640,#1653,#980,.T.);
#2037=EDGE_CURVE('',#1653,#1653,#1434,.T.);
#2038=EDGE_CURVE('',#1654,#1655,#981,.T.);
#2039=EDGE_CURVE('',#1655,#1656,#226,.T.);
#2040=EDGE_CURVE('',#1656,#1657,#982,.T.);
#2041=EDGE_CURVE('',#1657,#1658,#227,.T.);
#2042=EDGE_CURVE('',#1658,#1659,#983,.F.);
#2043=EDGE_CURVE('',#1659,#1660,#228,.T.);
#2044=EDGE_CURVE('',#1660,#1661,#984,.F.);
#2045=EDGE_CURVE('',#1661,#1654,#229,.T.);
#2046=EDGE_CURVE('',#1659,#1662,#985,.T.);
#2047=EDGE_CURVE('',#1662,#1663,#230,.T.);
#2048=EDGE_CURVE('',#1663,#1660,#986,.F.);
#2049=EDGE_CURVE('',#1663,#1664,#987,.F.);
#2050=EDGE_CURVE('',#1664,#1661,#988,.T.);
#2051=EDGE_CURVE('',#1664,#1665,#231,.T.);
#2052=EDGE_CURVE('',#1665,#1654,#989,.T.);
#2053=EDGE_CURVE('',#1665,#1666,#990,.F.);
#2054=EDGE_CURVE('',#1666,#1655,#991,.T.);
#2055=EDGE_CURVE('',#1666,#1667,#232,.T.);
#2056=EDGE_CURVE('',#1667,#1656,#992,.T.);
#2057=EDGE_CURVE('',#1667,#1668,#993,.F.);
#2058=EDGE_CURVE('',#1668,#1657,#994,.T.);
#2059=EDGE_CURVE('',#1668,#1669,#233,.T.);
#2060=EDGE_CURVE('',#1669,#1658,#995,.F.);
#2061=EDGE_CURVE('',#1669,#1662,#996,.F.);
#2062=EDGE_CURVE('',#1665,#1520,#1435,.T.);
#2063=EDGE_CURVE('',#1521,#1664,#1436,.T.);
#2064=EDGE_CURVE('',#1522,#1663,#1437,.T.);
#2065=EDGE_CURVE('',#1666,#1519,#1438,.T.);
#2066=EDGE_CURVE('',#1515,#1662,#1439,.T.);
#2067=EDGE_CURVE('',#1667,#1518,#1440,.T.);
#2068=EDGE_CURVE('',#1516,#1669,#1441,.T.);
#2069=EDGE_CURVE('',#1668,#1517,#1442,.T.);
#2070=EDGE_CURVE('',#1670,#1671,#1443,.T.);
#2071=EDGE_CURVE('',#1672,#1670,#997,.T.);
#2072=EDGE_CURVE('',#1673,#1672,#1444,.T.);
#2073=EDGE_CURVE('',#1674,#1673,#998,.T.);
#2074=EDGE_CURVE('',#1675,#1674,#1445,.T.);
#2075=EDGE_CURVE('',#1676,#1675,#999,.T.);
#2076=EDGE_CURVE('',#1677,#1676,#1446,.T.);
#2077=EDGE_CURVE('',#1678,#1677,#1000,.T.);
#2078=EDGE_CURVE('',#1679,#1678,#1447,.T.);
#2079=EDGE_CURVE('',#1680,#1679,#1001,.T.);
#2080=EDGE_CURVE('',#1681,#1680,#1448,.T.);
#2081=EDGE_CURVE('',#1682,#1681,#1002,.T.);
#2082=EDGE_CURVE('',#1683,#1682,#1449,.F.);
#2083=EDGE_CURVE('',#1684,#1683,#1003,.T.);
#2084=EDGE_CURVE('',#1685,#1684,#1450,.F.);
#2085=EDGE_CURVE('',#1686,#1685,#1004,.T.);
#2086=EDGE_CURVE('',#1687,#1686,#1451,.T.);
#2087=EDGE_CURVE('',#1671,#1687,#1005,.T.);
#2088=EDGE_CURVE('',#1688,#1671,#1006,.T.);
#2089=EDGE_CURVE('',#1689,#1688,#1452,.T.);
#2090=EDGE_CURVE('',#1689,#1670,#1007,.T.);
#2091=EDGE_CURVE('',#1690,#1689,#1008,.T.);
#2092=EDGE_CURVE('',#1690,#1672,#1009,.T.);
#2093=EDGE_CURVE('',#1691,#1690,#1453,.T.);
#2094=EDGE_CURVE('',#1691,#1673,#1010,.T.);
#2095=EDGE_CURVE('',#1692,#1691,#1011,.T.);
#2096=EDGE_CURVE('',#1692,#1674,#1012,.T.);
#2097=EDGE_CURVE('',#1693,#1692,#1454,.T.);
#2098=EDGE_CURVE('',#1693,#1675,#1013,.T.);
#2099=EDGE_CURVE('',#1694,#1693,#1014,.T.);
#2100=EDGE_CURVE('',#1694,#1676,#1015,.T.);
#2101=EDGE_CURVE('',#1695,#1694,#1455,.T.);
#2102=EDGE_CURVE('',#1695,#1677,#1016,.T.);
#2103=EDGE_CURVE('',#1696,#1695,#1017,.T.);
#2104=EDGE_CURVE('',#1696,#1678,#1018,.T.);
#2105=EDGE_CURVE('',#1697,#1696,#1456,.T.);
#2106=EDGE_CURVE('',#1697,#1679,#1019,.T.);
#2107=EDGE_CURVE('',#1698,#1697,#1020,.T.);
#2108=EDGE_CURVE('',#1698,#1680,#1021,.T.);
#2109=EDGE_CURVE('',#1699,#1698,#1457,.T.);
#2110=EDGE_CURVE('',#1699,#1681,#1022,.T.);
#2111=EDGE_CURVE('',#1700,#1699,#1023,.T.);
#2112=EDGE_CURVE('',#1700,#1682,#1024,.T.);
#2113=EDGE_CURVE('',#1701,#1700,#1458,.T.);
#2114=EDGE_CURVE('',#1701,#1683,#1025,.T.);
#2115=EDGE_CURVE('',#1702,#1701,#1026,.T.);
#2116=EDGE_CURVE('',#1702,#1684,#1027,.T.);
#2117=EDGE_CURVE('',#1703,#1702,#1459,.T.);
#2118=EDGE_CURVE('',#1703,#1685,#1028,.T.);
#2119=EDGE_CURVE('',#1704,#1703,#1029,.T.);
#2120=EDGE_CURVE('',#1704,#1686,#1030,.T.);
#2121=EDGE_CURVE('',#1705,#1704,#1460,.T.);
#2122=EDGE_CURVE('',#1705,#1687,#1031,.T.);
#2123=EDGE_CURVE('',#1688,#1705,#1032,.T.);
#2124=EDGE_CURVE('',#1550,#1706,#1033,.T.);
#2125=EDGE_CURVE('',#1706,#1707,#234,.T.);
#2126=EDGE_CURVE('',#1551,#1707,#1034,.T.);
#2127=EDGE_CURVE('',#1707,#1708,#1035,.T.);
#2128=EDGE_CURVE('',#1552,#1708,#1036,.T.);
#2129=EDGE_CURVE('',#1708,#1709,#235,.T.);
#2130=EDGE_CURVE('',#1553,#1709,#1037,.T.);
#2131=EDGE_CURVE('',#1709,#1710,#1038,.T.);
#2132=EDGE_CURVE('',#1554,#1710,#1039,.T.);
#2133=EDGE_CURVE('',#1710,#1711,#236,.T.);
#2134=EDGE_CURVE('',#1555,#1711,#1040,.T.);
#2135=EDGE_CURVE('',#1711,#1712,#1041,.T.);
#2136=EDGE_CURVE('',#1556,#1712,#1042,.T.);
#2137=EDGE_CURVE('',#1712,#1713,#237,.T.);
#2138=EDGE_CURVE('',#1549,#1713,#1043,.T.);
#2139=EDGE_CURVE('',#1713,#1706,#1044,.T.);
#2140=EDGE_CURVE('',#1714,#1715,#1045,.T.);
#2141=EDGE_CURVE('',#1715,#1716,#238,.T.);
#2142=EDGE_CURVE('',#1716,#1717,#1046,.T.);
#2143=EDGE_CURVE('',#1717,#1718,#239,.T.);
#2144=EDGE_CURVE('',#1718,#1719,#1047,.T.);
#2145=EDGE_CURVE('',#1719,#1720,#240,.T.);
#2146=EDGE_CURVE('',#1720,#1721,#1048,.T.);
#2147=EDGE_CURVE('',#1721,#1714,#241,.T.);
#2148=EDGE_CURVE('',#1709,#1719,#1049,.T.);
#2149=EDGE_CURVE('',#1720,#1708,#1050,.T.);
#2150=EDGE_CURVE('',#1721,#1707,#1051,.T.);
#2151=EDGE_CURVE('',#1710,#1718,#1052,.T.);
#2152=EDGE_CURVE('',#1714,#1706,#1053,.T.);
#2153=EDGE_CURVE('',#1711,#1717,#1054,.T.);
#2154=EDGE_CURVE('',#1715,#1713,#1055,.T.);
#2155=EDGE_CURVE('',#1712,#1716,#1056,.T.);
#2156=EDGE_CURVE('',#1722,#1722,#1461,.T.);
#2157=EDGE_CURVE('',#1722,#1524,#1057,.T.);
#2158=EDGE_CURVE('',#1723,#1723,#1462,.T.);
#2159=EDGE_CURVE('',#1723,#1523,#1058,.T.);
#2160=EDGE_CURVE('',#1724,#1725,#1059,.T.);
#2161=EDGE_CURVE('',#1726,#1725,#1060,.T.);
#2162=EDGE_CURVE('',#1724,#1726,#1061,.T.);
#2163=EDGE_CURVE('',#1727,#1728,#1062,.T.);
#2164=EDGE_CURVE('',#1728,#1729,#1063,.T.);
#2165=EDGE_CURVE('',#1727,#1729,#1064,.T.);
#2166=EDGE_CURVE('',#1730,#1731,#1065,.T.);
#2167=EDGE_CURVE('',#1731,#1732,#1066,.T.);
#2168=EDGE_CURVE('',#1730,#1732,#1067,.T.);
#2169=EDGE_CURVE('',#1733,#1734,#1068,.T.);
#2170=EDGE_CURVE('',#1734,#1735,#1069,.T.);
#2171=EDGE_CURVE('',#1735,#1733,#1070,.T.);
#2172=EDGE_CURVE('',#1736,#1737,#1071,.T.);
#2173=EDGE_CURVE('',#1737,#1738,#1072,.T.);
#2174=EDGE_CURVE('',#1738,#1739,#1073,.T.);
#2175=EDGE_CURVE('',#1739,#1736,#1074,.T.);
#2176=EDGE_CURVE('',#1740,#1741,#1463,.T.);
#2177=EDGE_CURVE('',#1741,#1742,#1464,.T.);
#2178=EDGE_CURVE('',#1742,#1742,#1465,.T.);
#2179=EDGE_CURVE('',#1741,#1740,#1466,.T.);
#2180=EDGE_CURVE('',#1743,#1744,#1467,.T.);
#2181=EDGE_CURVE('',#1744,#1743,#1468,.T.);
#2182=EDGE_CURVE('',#1744,#1740,#1075,.T.);
#2183=EDGE_CURVE('',#1745,#1745,#1469,.T.);
#2184=EDGE_CURVE('',#1743,#1746,#1076,.T.);
#2185=EDGE_CURVE('',#1746,#1746,#1470,.T.);
#2186=EDGE_CURVE('',#1747,#1747,#1471,.T.);
#2187=EDGE_CURVE('',#1747,#1748,#1472,.T.);
#2188=EDGE_CURVE('',#1748,#1749,#1473,.T.);
#2189=EDGE_CURVE('',#1749,#1748,#1474,.T.);
#2190=EDGE_CURVE('',#1750,#1751,#1077,.T.);
#2191=EDGE_CURVE('',#1751,#1752,#1078,.T.);
#2192=EDGE_CURVE('',#1752,#1753,#1079,.T.);
#2193=EDGE_CURVE('',#1753,#1754,#1080,.T.);
#2194=EDGE_CURVE('',#1754,#1755,#1081,.T.);
#2195=EDGE_CURVE('',#1755,#1750,#1082,.T.);
#2196=EDGE_CURVE('',#1745,#1749,#1083,.T.);
#2197=EDGE_CURVE('',#1756,#1757,#85,.T.);
#2198=EDGE_CURVE('',#1756,#1755,#1084,.T.);
#2199=EDGE_CURVE('',#1757,#1754,#1085,.T.);
#2200=EDGE_CURVE('',#1758,#1756,#86,.T.);
#2201=EDGE_CURVE('',#1758,#1750,#1086,.T.);
#2202=EDGE_CURVE('',#1759,#1758,#87,.T.);
#2203=EDGE_CURVE('',#1759,#1751,#1087,.T.);
#2204=EDGE_CURVE('',#1760,#1759,#88,.T.);
#2205=EDGE_CURVE('',#1752,#1760,#1088,.T.);
#2206=EDGE_CURVE('',#1757,#1761,#89,.T.);
#2207=EDGE_CURVE('',#1762,#1753,#1089,.T.);
#2208=EDGE_CURVE('',#1761,#1762,#90,.T.);
#2209=EDGE_CURVE('',#1762,#1760,#91,.T.);
#2210=EDGE_CURVE('',#1763,#1761,#1090,.T.);
#2211=ORIENTED_EDGE('',*,*,#1764,.T.);
#2212=ORIENTED_EDGE('',*,*,#1765,.T.);
#2213=ORIENTED_EDGE('',*,*,#1766,.T.);
#2214=ORIENTED_EDGE('',*,*,#1767,.T.);
#2215=ORIENTED_EDGE('',*,*,#1765,.F.);
#2216=ORIENTED_EDGE('',*,*,#1768,.T.);
#2217=ORIENTED_EDGE('',*,*,#1769,.F.);
#2218=ORIENTED_EDGE('',*,*,#1770,.T.);
#2219=ORIENTED_EDGE('',*,*,#1771,.F.);
#2220=ORIENTED_EDGE('',*,*,#1772,.T.);
#2221=ORIENTED_EDGE('',*,*,#1773,.F.);
#2222=ORIENTED_EDGE('',*,*,#1774,.T.);
#2223=ORIENTED_EDGE('',*,*,#1764,.F.);
#2224=ORIENTED_EDGE('',*,*,#1775,.T.);
#2225=ORIENTED_EDGE('',*,*,#1776,.F.);
#2226=ORIENTED_EDGE('',*,*,#1777,.F.);
#2227=ORIENTED_EDGE('',*,*,#1778,.F.);
#2228=ORIENTED_EDGE('',*,*,#1768,.F.);
#2229=ORIENTED_EDGE('',*,*,#1779,.T.);
#2230=ORIENTED_EDGE('',*,*,#1780,.T.);
#2231=ORIENTED_EDGE('',*,*,#1781,.T.);
#2232=ORIENTED_EDGE('',*,*,#1782,.T.);
#2233=ORIENTED_EDGE('',*,*,#1783,.T.);
#2234=ORIENTED_EDGE('',*,*,#1784,.T.);
#2235=ORIENTED_EDGE('',*,*,#1776,.T.);
#2236=ORIENTED_EDGE('',*,*,#1785,.T.);
#2237=ORIENTED_EDGE('',*,*,#1784,.F.);
#2238=ORIENTED_EDGE('',*,*,#1786,.T.);
#2239=ORIENTED_EDGE('',*,*,#1787,.F.);
#2240=ORIENTED_EDGE('',*,*,#1788,.T.);
#2241=ORIENTED_EDGE('',*,*,#1789,.F.);
#2242=ORIENTED_EDGE('',*,*,#1790,.T.);
#2243=ORIENTED_EDGE('',*,*,#1791,.F.);
#2244=ORIENTED_EDGE('',*,*,#1777,.T.);
#2245=ORIENTED_EDGE('',*,*,#1792,.T.);
#2246=ORIENTED_EDGE('',*,*,#1771,.T.);
#2247=ORIENTED_EDGE('',*,*,#1793,.T.);
#2248=ORIENTED_EDGE('',*,*,#1794,.T.);
#2249=ORIENTED_EDGE('',*,*,#1794,.F.);
#2250=ORIENTED_EDGE('',*,*,#1795,.T.);
#2251=ORIENTED_EDGE('',*,*,#1796,.F.);
#2252=ORIENTED_EDGE('',*,*,#1797,.F.);
#2253=ORIENTED_EDGE('',*,*,#1793,.F.);
#2254=ORIENTED_EDGE('',*,*,#1770,.F.);
#2255=ORIENTED_EDGE('',*,*,#1798,.F.);
#2256=ORIENTED_EDGE('',*,*,#1790,.F.);
#2257=ORIENTED_EDGE('',*,*,#1799,.F.);
#2258=ORIENTED_EDGE('',*,*,#1795,.F.);
#2259=ORIENTED_EDGE('',*,*,#1800,.T.);
#2260=ORIENTED_EDGE('',*,*,#1801,.T.);
#2261=ORIENTED_EDGE('',*,*,#1799,.T.);
#2262=ORIENTED_EDGE('',*,*,#1789,.T.);
#2263=ORIENTED_EDGE('',*,*,#1802,.T.);
#2264=ORIENTED_EDGE('',*,*,#1796,.T.);
#2265=ORIENTED_EDGE('',*,*,#1779,.F.);
#2266=ORIENTED_EDGE('',*,*,#1803,.T.);
#2267=ORIENTED_EDGE('',*,*,#1804,.F.);
#2268=ORIENTED_EDGE('',*,*,#1803,.F.);
#2269=ORIENTED_EDGE('',*,*,#1780,.F.);
#2270=ORIENTED_EDGE('',*,*,#1805,.T.);
#2271=ORIENTED_EDGE('',*,*,#1806,.F.);
#2272=ORIENTED_EDGE('',*,*,#1805,.F.);
#2273=ORIENTED_EDGE('',*,*,#1781,.F.);
#2274=ORIENTED_EDGE('',*,*,#1807,.T.);
#2275=ORIENTED_EDGE('',*,*,#1808,.F.);
#2276=ORIENTED_EDGE('',*,*,#1807,.F.);
#2277=ORIENTED_EDGE('',*,*,#1782,.F.);
#2278=ORIENTED_EDGE('',*,*,#1809,.T.);
#2279=ORIENTED_EDGE('',*,*,#1810,.F.);
#2280=ORIENTED_EDGE('',*,*,#1809,.F.);
#2281=ORIENTED_EDGE('',*,*,#1800,.F.);
#2282=ORIENTED_EDGE('',*,*,#1811,.T.);
#2283=ORIENTED_EDGE('',*,*,#1812,.F.);
#2284=ORIENTED_EDGE('',*,*,#1811,.F.);
#2285=ORIENTED_EDGE('',*,*,#1801,.F.);
#2286=ORIENTED_EDGE('',*,*,#1813,.T.);
#2287=ORIENTED_EDGE('',*,*,#1814,.F.);
#2288=ORIENTED_EDGE('',*,*,#1813,.F.);
#2289=ORIENTED_EDGE('',*,*,#1791,.T.);
#2290=ORIENTED_EDGE('',*,*,#1798,.T.);
#2291=ORIENTED_EDGE('',*,*,#1769,.T.);
#2292=ORIENTED_EDGE('',*,*,#1778,.T.);
#2293=ORIENTED_EDGE('',*,*,#1787,.T.);
#2294=ORIENTED_EDGE('',*,*,#1815,.T.);
#2295=ORIENTED_EDGE('',*,*,#1773,.T.);
#2296=ORIENTED_EDGE('',*,*,#1816,.T.);
#2297=ORIENTED_EDGE('',*,*,#1766,.F.);
#2298=ORIENTED_EDGE('',*,*,#1774,.F.);
#2299=ORIENTED_EDGE('',*,*,#1815,.F.);
#2300=ORIENTED_EDGE('',*,*,#1786,.F.);
#2301=ORIENTED_EDGE('',*,*,#1783,.F.);
#2302=ORIENTED_EDGE('',*,*,#1817,.F.);
#2303=ORIENTED_EDGE('',*,*,#1804,.T.);
#2304=ORIENTED_EDGE('',*,*,#1806,.T.);
#2305=ORIENTED_EDGE('',*,*,#1808,.T.);
#2306=ORIENTED_EDGE('',*,*,#1810,.T.);
#2307=ORIENTED_EDGE('',*,*,#1767,.F.);
#2308=ORIENTED_EDGE('',*,*,#1817,.T.);
#2309=ORIENTED_EDGE('',*,*,#1785,.F.);
#2310=ORIENTED_EDGE('',*,*,#1775,.F.);
#2311=ORIENTED_EDGE('',*,*,#1792,.F.);
#2312=ORIENTED_EDGE('',*,*,#1797,.T.);
#2313=ORIENTED_EDGE('',*,*,#1802,.F.);
#2314=ORIENTED_EDGE('',*,*,#1788,.F.);
#2315=ORIENTED_EDGE('',*,*,#1816,.F.);
#2316=ORIENTED_EDGE('',*,*,#1772,.F.);
#2317=ORIENTED_EDGE('',*,*,#1812,.T.);
#2318=ORIENTED_EDGE('',*,*,#1814,.T.);
#2319=ORIENTED_EDGE('',*,*,#1818,.F.);
#2320=ORIENTED_EDGE('',*,*,#1819,.T.);
#2321=ORIENTED_EDGE('',*,*,#1820,.T.);
#2322=ORIENTED_EDGE('',*,*,#1819,.F.);
#2323=ORIENTED_EDGE('',*,*,#1820,.F.);
#2324=ORIENTED_EDGE('',*,*,#1821,.F.);
#2325=ORIENTED_EDGE('',*,*,#1822,.T.);
#2326=ORIENTED_EDGE('',*,*,#1823,.T.);
#2327=ORIENTED_EDGE('',*,*,#1822,.F.);
#2328=ORIENTED_EDGE('',*,*,#1823,.F.);
#2329=ORIENTED_EDGE('',*,*,#1824,.T.);
#2330=ORIENTED_EDGE('',*,*,#1825,.T.);
#2331=ORIENTED_EDGE('',*,*,#1826,.T.);
#2332=ORIENTED_EDGE('',*,*,#1827,.T.);
#2333=ORIENTED_EDGE('',*,*,#1828,.T.);
#2334=ORIENTED_EDGE('',*,*,#1829,.T.);
#2335=ORIENTED_EDGE('',*,*,#1830,.T.);
#2336=ORIENTED_EDGE('',*,*,#1831,.T.);
#2337=ORIENTED_EDGE('',*,*,#1832,.F.);
#2338=ORIENTED_EDGE('',*,*,#1833,.F.);
#2339=ORIENTED_EDGE('',*,*,#1834,.F.);
#2340=ORIENTED_EDGE('',*,*,#1835,.F.);
#2341=ORIENTED_EDGE('',*,*,#1836,.F.);
#2342=ORIENTED_EDGE('',*,*,#1837,.F.);
#2343=ORIENTED_EDGE('',*,*,#1838,.F.);
#2344=ORIENTED_EDGE('',*,*,#1839,.F.);
#2345=ORIENTED_EDGE('',*,*,#1840,.F.);
#2346=ORIENTED_EDGE('',*,*,#1841,.F.);
#2347=ORIENTED_EDGE('',*,*,#1842,.F.);
#2348=ORIENTED_EDGE('',*,*,#1843,.F.);
#2349=ORIENTED_EDGE('',*,*,#1835,.T.);
#2350=ORIENTED_EDGE('',*,*,#1844,.F.);
#2351=ORIENTED_EDGE('',*,*,#1845,.F.);
#2352=ORIENTED_EDGE('',*,*,#1844,.T.);
#2353=ORIENTED_EDGE('',*,*,#1834,.T.);
#2354=ORIENTED_EDGE('',*,*,#1846,.F.);
#2355=ORIENTED_EDGE('',*,*,#1841,.T.);
#2356=ORIENTED_EDGE('',*,*,#1847,.F.);
#2357=ORIENTED_EDGE('',*,*,#1848,.F.);
#2358=ORIENTED_EDGE('',*,*,#1846,.T.);
#2359=ORIENTED_EDGE('',*,*,#1849,.F.);
#2360=ORIENTED_EDGE('',*,*,#1847,.T.);
#2361=ORIENTED_EDGE('',*,*,#1840,.T.);
#2362=ORIENTED_EDGE('',*,*,#1850,.F.);
#2363=ORIENTED_EDGE('',*,*,#1839,.T.);
#2364=ORIENTED_EDGE('',*,*,#1851,.F.);
#2365=ORIENTED_EDGE('',*,*,#1852,.F.);
#2366=ORIENTED_EDGE('',*,*,#1850,.T.);
#2367=ORIENTED_EDGE('',*,*,#1853,.F.);
#2368=ORIENTED_EDGE('',*,*,#1851,.T.);
#2369=ORIENTED_EDGE('',*,*,#1838,.T.);
#2370=ORIENTED_EDGE('',*,*,#1854,.F.);
#2371=ORIENTED_EDGE('',*,*,#1855,.F.);
#2372=ORIENTED_EDGE('',*,*,#1854,.T.);
#2373=ORIENTED_EDGE('',*,*,#1837,.T.);
#2374=ORIENTED_EDGE('',*,*,#1856,.F.);
#2375=ORIENTED_EDGE('',*,*,#1857,.F.);
#2376=ORIENTED_EDGE('',*,*,#1856,.T.);
#2377=ORIENTED_EDGE('',*,*,#1836,.T.);
#2378=ORIENTED_EDGE('',*,*,#1843,.T.);
#2379=ORIENTED_EDGE('',*,*,#1858,.F.);
#2380=ORIENTED_EDGE('',*,*,#1859,.F.);
#2381=ORIENTED_EDGE('',*,*,#1860,.F.);
#2382=ORIENTED_EDGE('',*,*,#1861,.F.);
#2383=ORIENTED_EDGE('',*,*,#1862,.F.);
#2384=ORIENTED_EDGE('',*,*,#1863,.F.);
#2385=ORIENTED_EDGE('',*,*,#1864,.F.);
#2386=ORIENTED_EDGE('',*,*,#1865,.F.);
#2387=ORIENTED_EDGE('',*,*,#1866,.T.);
#2388=ORIENTED_EDGE('',*,*,#1867,.T.);
#2389=ORIENTED_EDGE('',*,*,#1868,.T.);
#2390=ORIENTED_EDGE('',*,*,#1869,.T.);
#2391=ORIENTED_EDGE('',*,*,#1870,.T.);
#2392=ORIENTED_EDGE('',*,*,#1871,.T.);
#2393=ORIENTED_EDGE('',*,*,#1872,.T.);
#2394=ORIENTED_EDGE('',*,*,#1873,.T.);
#2395=ORIENTED_EDGE('',*,*,#1874,.F.);
#2396=ORIENTED_EDGE('',*,*,#1875,.T.);
#2397=ORIENTED_EDGE('',*,*,#1876,.F.);
#2398=ORIENTED_EDGE('',*,*,#1877,.F.);
#2399=ORIENTED_EDGE('',*,*,#1878,.F.);
#2400=ORIENTED_EDGE('',*,*,#1879,.T.);
#2401=ORIENTED_EDGE('',*,*,#1880,.F.);
#2402=ORIENTED_EDGE('',*,*,#1875,.F.);
#2403=ORIENTED_EDGE('',*,*,#1881,.F.);
#2404=ORIENTED_EDGE('',*,*,#1882,.T.);
#2405=ORIENTED_EDGE('',*,*,#1883,.F.);
#2406=ORIENTED_EDGE('',*,*,#1879,.F.);
#2407=ORIENTED_EDGE('',*,*,#1884,.F.);
#2408=ORIENTED_EDGE('',*,*,#1885,.T.);
#2409=ORIENTED_EDGE('',*,*,#1886,.F.);
#2410=ORIENTED_EDGE('',*,*,#1882,.F.);
#2411=ORIENTED_EDGE('',*,*,#1887,.F.);
#2412=ORIENTED_EDGE('',*,*,#1888,.T.);
#2413=ORIENTED_EDGE('',*,*,#1889,.F.);
#2414=ORIENTED_EDGE('',*,*,#1885,.F.);
#2415=ORIENTED_EDGE('',*,*,#1890,.F.);
#2416=ORIENTED_EDGE('',*,*,#1891,.T.);
#2417=ORIENTED_EDGE('',*,*,#1892,.F.);
#2418=ORIENTED_EDGE('',*,*,#1888,.F.);
#2419=ORIENTED_EDGE('',*,*,#1893,.F.);
#2420=ORIENTED_EDGE('',*,*,#1877,.T.);
#2421=ORIENTED_EDGE('',*,*,#1894,.F.);
#2422=ORIENTED_EDGE('',*,*,#1895,.F.);
#2423=ORIENTED_EDGE('',*,*,#1896,.F.);
#2424=ORIENTED_EDGE('',*,*,#1895,.T.);
#2425=ORIENTED_EDGE('',*,*,#1897,.F.);
#2426=ORIENTED_EDGE('',*,*,#1891,.F.);
#2427=ORIENTED_EDGE('',*,*,#1898,.F.);
#2428=ORIENTED_EDGE('',*,*,#1899,.F.);
#2429=ORIENTED_EDGE('',*,*,#1900,.F.);
#2430=ORIENTED_EDGE('',*,*,#1901,.F.);
#2431=ORIENTED_EDGE('',*,*,#1902,.F.);
#2432=ORIENTED_EDGE('',*,*,#1903,.F.);
#2433=ORIENTED_EDGE('',*,*,#1898,.T.);
#2434=ORIENTED_EDGE('',*,*,#1904,.F.);
#2435=ORIENTED_EDGE('',*,*,#1905,.F.);
#2436=ORIENTED_EDGE('',*,*,#1906,.F.);
#2437=ORIENTED_EDGE('',*,*,#1902,.T.);
#2438=ORIENTED_EDGE('',*,*,#1907,.F.);
#2439=ORIENTED_EDGE('',*,*,#1908,.F.);
#2440=ORIENTED_EDGE('',*,*,#1909,.F.);
#2441=ORIENTED_EDGE('',*,*,#1905,.T.);
#2442=ORIENTED_EDGE('',*,*,#1910,.F.);
#2443=ORIENTED_EDGE('',*,*,#1911,.F.);
#2444=ORIENTED_EDGE('',*,*,#1912,.F.);
#2445=ORIENTED_EDGE('',*,*,#1908,.T.);
#2446=ORIENTED_EDGE('',*,*,#1913,.F.);
#2447=ORIENTED_EDGE('',*,*,#1911,.T.);
#2448=ORIENTED_EDGE('',*,*,#1914,.F.);
#2449=ORIENTED_EDGE('',*,*,#1915,.F.);
#2450=ORIENTED_EDGE('',*,*,#1916,.F.);
#2451=ORIENTED_EDGE('',*,*,#1915,.T.);
#2452=ORIENTED_EDGE('',*,*,#1917,.F.);
#2453=ORIENTED_EDGE('',*,*,#1918,.F.);
#2454=ORIENTED_EDGE('',*,*,#1919,.F.);
#2455=ORIENTED_EDGE('',*,*,#1918,.T.);
#2456=ORIENTED_EDGE('',*,*,#1920,.F.);
#2457=ORIENTED_EDGE('',*,*,#1900,.T.);
#2458=ORIENTED_EDGE('',*,*,#1921,.F.);
#2459=ORIENTED_EDGE('',*,*,#1903,.T.);
#2460=ORIENTED_EDGE('',*,*,#1906,.T.);
#2461=ORIENTED_EDGE('',*,*,#1909,.T.);
#2462=ORIENTED_EDGE('',*,*,#1912,.T.);
#2463=ORIENTED_EDGE('',*,*,#1916,.T.);
#2464=ORIENTED_EDGE('',*,*,#1919,.T.);
#2465=ORIENTED_EDGE('',*,*,#1921,.T.);
#2466=ORIENTED_EDGE('',*,*,#1899,.T.);
#2467=ORIENTED_EDGE('',*,*,#1922,.T.);
#2468=ORIENTED_EDGE('',*,*,#1923,.T.);
#2469=ORIENTED_EDGE('',*,*,#1924,.T.);
#2470=ORIENTED_EDGE('',*,*,#1925,.T.);
#2471=ORIENTED_EDGE('',*,*,#1926,.T.);
#2472=ORIENTED_EDGE('',*,*,#1927,.T.);
#2473=ORIENTED_EDGE('',*,*,#1928,.T.);
#2474=ORIENTED_EDGE('',*,*,#1929,.T.);
#2475=ORIENTED_EDGE('',*,*,#1930,.F.);
#2476=ORIENTED_EDGE('',*,*,#1901,.T.);
#2477=ORIENTED_EDGE('',*,*,#1931,.F.);
#2478=ORIENTED_EDGE('',*,*,#1932,.F.);
#2479=ORIENTED_EDGE('',*,*,#1933,.F.);
#2480=ORIENTED_EDGE('',*,*,#1904,.T.);
#2481=ORIENTED_EDGE('',*,*,#1930,.T.);
#2482=ORIENTED_EDGE('',*,*,#1934,.F.);
#2483=ORIENTED_EDGE('',*,*,#1935,.F.);
#2484=ORIENTED_EDGE('',*,*,#1907,.T.);
#2485=ORIENTED_EDGE('',*,*,#1933,.T.);
#2486=ORIENTED_EDGE('',*,*,#1936,.F.);
#2487=ORIENTED_EDGE('',*,*,#1937,.F.);
#2488=ORIENTED_EDGE('',*,*,#1910,.T.);
#2489=ORIENTED_EDGE('',*,*,#1935,.T.);
#2490=ORIENTED_EDGE('',*,*,#1938,.F.);
#2491=ORIENTED_EDGE('',*,*,#1939,.F.);
#2492=ORIENTED_EDGE('',*,*,#1913,.T.);
#2493=ORIENTED_EDGE('',*,*,#1937,.T.);
#2494=ORIENTED_EDGE('',*,*,#1940,.F.);
#2495=ORIENTED_EDGE('',*,*,#1941,.F.);
#2496=ORIENTED_EDGE('',*,*,#1914,.T.);
#2497=ORIENTED_EDGE('',*,*,#1939,.T.);
#2498=ORIENTED_EDGE('',*,*,#1942,.F.);
#2499=ORIENTED_EDGE('',*,*,#1943,.F.);
#2500=ORIENTED_EDGE('',*,*,#1917,.T.);
#2501=ORIENTED_EDGE('',*,*,#1941,.T.);
#2502=ORIENTED_EDGE('',*,*,#1944,.F.);
#2503=ORIENTED_EDGE('',*,*,#1931,.T.);
#2504=ORIENTED_EDGE('',*,*,#1920,.T.);
#2505=ORIENTED_EDGE('',*,*,#1943,.T.);
#2506=ORIENTED_EDGE('',*,*,#1945,.F.);
#2507=ORIENTED_EDGE('',*,*,#1946,.T.);
#2508=ORIENTED_EDGE('',*,*,#1864,.T.);
#2509=ORIENTED_EDGE('',*,*,#1947,.T.);
#2510=ORIENTED_EDGE('',*,*,#1925,.F.);
#2511=ORIENTED_EDGE('',*,*,#1947,.F.);
#2512=ORIENTED_EDGE('',*,*,#1863,.T.);
#2513=ORIENTED_EDGE('',*,*,#1948,.T.);
#2514=ORIENTED_EDGE('',*,*,#1926,.F.);
#2515=ORIENTED_EDGE('',*,*,#1948,.F.);
#2516=ORIENTED_EDGE('',*,*,#1862,.T.);
#2517=ORIENTED_EDGE('',*,*,#1949,.T.);
#2518=ORIENTED_EDGE('',*,*,#1927,.F.);
#2519=ORIENTED_EDGE('',*,*,#1949,.F.);
#2520=ORIENTED_EDGE('',*,*,#1861,.T.);
#2521=ORIENTED_EDGE('',*,*,#1950,.T.);
#2522=ORIENTED_EDGE('',*,*,#1928,.F.);
#2523=ORIENTED_EDGE('',*,*,#1950,.F.);
#2524=ORIENTED_EDGE('',*,*,#1860,.T.);
#2525=ORIENTED_EDGE('',*,*,#1951,.T.);
#2526=ORIENTED_EDGE('',*,*,#1929,.F.);
#2527=ORIENTED_EDGE('',*,*,#1951,.F.);
#2528=ORIENTED_EDGE('',*,*,#1859,.T.);
#2529=ORIENTED_EDGE('',*,*,#1952,.T.);
#2530=ORIENTED_EDGE('',*,*,#1922,.F.);
#2531=ORIENTED_EDGE('',*,*,#1952,.F.);
#2532=ORIENTED_EDGE('',*,*,#1858,.T.);
#2533=ORIENTED_EDGE('',*,*,#1953,.T.);
#2534=ORIENTED_EDGE('',*,*,#1923,.F.);
#2535=ORIENTED_EDGE('',*,*,#1953,.F.);
#2536=ORIENTED_EDGE('',*,*,#1865,.T.);
#2537=ORIENTED_EDGE('',*,*,#1946,.F.);
#2538=ORIENTED_EDGE('',*,*,#1924,.F.);
#2539=ORIENTED_EDGE('',*,*,#1954,.F.);
#2540=ORIENTED_EDGE('',*,*,#1955,.T.);
#2541=ORIENTED_EDGE('',*,*,#1956,.F.);
#2542=ORIENTED_EDGE('',*,*,#1932,.T.);
#2543=ORIENTED_EDGE('',*,*,#1956,.T.);
#2544=ORIENTED_EDGE('',*,*,#1957,.T.);
#2545=ORIENTED_EDGE('',*,*,#1958,.F.);
#2546=ORIENTED_EDGE('',*,*,#1934,.T.);
#2547=ORIENTED_EDGE('',*,*,#1958,.T.);
#2548=ORIENTED_EDGE('',*,*,#1959,.T.);
#2549=ORIENTED_EDGE('',*,*,#1960,.F.);
#2550=ORIENTED_EDGE('',*,*,#1936,.T.);
#2551=ORIENTED_EDGE('',*,*,#1961,.F.);
#2552=ORIENTED_EDGE('',*,*,#1938,.T.);
#2553=ORIENTED_EDGE('',*,*,#1960,.T.);
#2554=ORIENTED_EDGE('',*,*,#1962,.T.);
#2555=ORIENTED_EDGE('',*,*,#1963,.F.);
#2556=ORIENTED_EDGE('',*,*,#1940,.T.);
#2557=ORIENTED_EDGE('',*,*,#1961,.T.);
#2558=ORIENTED_EDGE('',*,*,#1964,.T.);
#2559=ORIENTED_EDGE('',*,*,#1965,.F.);
#2560=ORIENTED_EDGE('',*,*,#1942,.T.);
#2561=ORIENTED_EDGE('',*,*,#1963,.T.);
#2562=ORIENTED_EDGE('',*,*,#1966,.T.);
#2563=ORIENTED_EDGE('',*,*,#1965,.T.);
#2564=ORIENTED_EDGE('',*,*,#1967,.T.);
#2565=ORIENTED_EDGE('',*,*,#1968,.F.);
#2566=ORIENTED_EDGE('',*,*,#1944,.T.);
#2567=ORIENTED_EDGE('',*,*,#1968,.T.);
#2568=ORIENTED_EDGE('',*,*,#1969,.T.);
#2569=ORIENTED_EDGE('',*,*,#1954,.T.);
#2570=ORIENTED_EDGE('',*,*,#1945,.T.);
#2571=ORIENTED_EDGE('',*,*,#1967,.F.);
#2572=ORIENTED_EDGE('',*,*,#1966,.F.);
#2573=ORIENTED_EDGE('',*,*,#1964,.F.);
#2574=ORIENTED_EDGE('',*,*,#1962,.F.);
#2575=ORIENTED_EDGE('',*,*,#1959,.F.);
#2576=ORIENTED_EDGE('',*,*,#1957,.F.);
#2577=ORIENTED_EDGE('',*,*,#1955,.F.);
#2578=ORIENTED_EDGE('',*,*,#1969,.F.);
#2579=ORIENTED_EDGE('',*,*,#1894,.T.);
#2580=ORIENTED_EDGE('',*,*,#1876,.T.);
#2581=ORIENTED_EDGE('',*,*,#1880,.T.);
#2582=ORIENTED_EDGE('',*,*,#1883,.T.);
#2583=ORIENTED_EDGE('',*,*,#1886,.T.);
#2584=ORIENTED_EDGE('',*,*,#1889,.T.);
#2585=ORIENTED_EDGE('',*,*,#1892,.T.);
#2586=ORIENTED_EDGE('',*,*,#1897,.T.);
#2587=ORIENTED_EDGE('',*,*,#1970,.T.);
#2588=ORIENTED_EDGE('',*,*,#1970,.F.);
#2589=ORIENTED_EDGE('',*,*,#1971,.T.);
#2590=ORIENTED_EDGE('',*,*,#1972,.T.);
#2591=ORIENTED_EDGE('',*,*,#1971,.F.);
#2592=ORIENTED_EDGE('',*,*,#1973,.T.);
#2593=ORIENTED_EDGE('',*,*,#1972,.F.);
#2594=ORIENTED_EDGE('',*,*,#1973,.F.);
#2595=ORIENTED_EDGE('',*,*,#1974,.T.);
#2596=ORIENTED_EDGE('',*,*,#1975,.T.);
#2597=ORIENTED_EDGE('',*,*,#1974,.F.);
#2598=ORIENTED_EDGE('',*,*,#1976,.T.);
#2599=ORIENTED_EDGE('',*,*,#1977,.F.);
#2600=ORIENTED_EDGE('',*,*,#1978,.T.);
#2601=ORIENTED_EDGE('',*,*,#1979,.T.);
#2602=ORIENTED_EDGE('',*,*,#1980,.T.);
#2603=ORIENTED_EDGE('',*,*,#1981,.F.);
#2604=ORIENTED_EDGE('',*,*,#1976,.F.);
#2605=ORIENTED_EDGE('',*,*,#1982,.T.);
#2606=ORIENTED_EDGE('',*,*,#1983,.T.);
#2607=ORIENTED_EDGE('',*,*,#1984,.F.);
#2608=ORIENTED_EDGE('',*,*,#1980,.F.);
#2609=ORIENTED_EDGE('',*,*,#1985,.T.);
#2610=ORIENTED_EDGE('',*,*,#1986,.T.);
#2611=ORIENTED_EDGE('',*,*,#1987,.F.);
#2612=ORIENTED_EDGE('',*,*,#1983,.F.);
#2613=ORIENTED_EDGE('',*,*,#1988,.T.);
#2614=ORIENTED_EDGE('',*,*,#1989,.T.);
#2615=ORIENTED_EDGE('',*,*,#1990,.F.);
#2616=ORIENTED_EDGE('',*,*,#1986,.F.);
#2617=ORIENTED_EDGE('',*,*,#1991,.T.);
#2618=ORIENTED_EDGE('',*,*,#1992,.T.);
#2619=ORIENTED_EDGE('',*,*,#1993,.F.);
#2620=ORIENTED_EDGE('',*,*,#1989,.F.);
#2621=ORIENTED_EDGE('',*,*,#1994,.T.);
#2622=ORIENTED_EDGE('',*,*,#1995,.T.);
#2623=ORIENTED_EDGE('',*,*,#1996,.F.);
#2624=ORIENTED_EDGE('',*,*,#1992,.F.);
#2625=ORIENTED_EDGE('',*,*,#1997,.T.);
#2626=ORIENTED_EDGE('',*,*,#1998,.T.);
#2627=ORIENTED_EDGE('',*,*,#1999,.F.);
#2628=ORIENTED_EDGE('',*,*,#1995,.F.);
#2629=ORIENTED_EDGE('',*,*,#2000,.T.);
#2630=ORIENTED_EDGE('',*,*,#2001,.T.);
#2631=ORIENTED_EDGE('',*,*,#2002,.F.);
#2632=ORIENTED_EDGE('',*,*,#1998,.F.);
#2633=ORIENTED_EDGE('',*,*,#2003,.T.);
#2634=ORIENTED_EDGE('',*,*,#1978,.F.);
#2635=ORIENTED_EDGE('',*,*,#2004,.F.);
#2636=ORIENTED_EDGE('',*,*,#2001,.F.);
#2637=ORIENTED_EDGE('',*,*,#2005,.T.);
#2638=ORIENTED_EDGE('',*,*,#2006,.F.);
#2639=ORIENTED_EDGE('',*,*,#2007,.T.);
#2640=ORIENTED_EDGE('',*,*,#2008,.T.);
#2641=ORIENTED_EDGE('',*,*,#2007,.F.);
#2642=ORIENTED_EDGE('',*,*,#2009,.F.);
#2643=ORIENTED_EDGE('',*,*,#2010,.T.);
#2644=ORIENTED_EDGE('',*,*,#2011,.T.);
#2645=ORIENTED_EDGE('',*,*,#2010,.F.);
#2646=ORIENTED_EDGE('',*,*,#1975,.F.);
#2647=ORIENTED_EDGE('',*,*,#2012,.T.);
#2648=ORIENTED_EDGE('',*,*,#2013,.T.);
#2649=ORIENTED_EDGE('',*,*,#2012,.F.);
#2650=ORIENTED_EDGE('',*,*,#1979,.F.);
#2651=ORIENTED_EDGE('',*,*,#2014,.T.);
#2652=ORIENTED_EDGE('',*,*,#2015,.T.);
#2653=ORIENTED_EDGE('',*,*,#2016,.T.);
#2654=ORIENTED_EDGE('',*,*,#1982,.F.);
#2655=ORIENTED_EDGE('',*,*,#2016,.F.);
#2656=ORIENTED_EDGE('',*,*,#2017,.T.);
#2657=ORIENTED_EDGE('',*,*,#2018,.T.);
#2658=ORIENTED_EDGE('',*,*,#1985,.F.);
#2659=ORIENTED_EDGE('',*,*,#2018,.F.);
#2660=ORIENTED_EDGE('',*,*,#2019,.T.);
#2661=ORIENTED_EDGE('',*,*,#2020,.T.);
#2662=ORIENTED_EDGE('',*,*,#1988,.F.);
#2663=ORIENTED_EDGE('',*,*,#2020,.F.);
#2664=ORIENTED_EDGE('',*,*,#2021,.T.);
#2665=ORIENTED_EDGE('',*,*,#2022,.T.);
#2666=ORIENTED_EDGE('',*,*,#2023,.T.);
#2667=ORIENTED_EDGE('',*,*,#2024,.T.);
#2668=ORIENTED_EDGE('',*,*,#1991,.F.);
#2669=ORIENTED_EDGE('',*,*,#2022,.F.);
#2670=ORIENTED_EDGE('',*,*,#2025,.T.);
#2671=ORIENTED_EDGE('',*,*,#2026,.T.);
#2672=ORIENTED_EDGE('',*,*,#1994,.F.);
#2673=ORIENTED_EDGE('',*,*,#2024,.F.);
#2674=ORIENTED_EDGE('',*,*,#2027,.T.);
#2675=ORIENTED_EDGE('',*,*,#2028,.T.);
#2676=ORIENTED_EDGE('',*,*,#1997,.F.);
#2677=ORIENTED_EDGE('',*,*,#2026,.F.);
#2678=ORIENTED_EDGE('',*,*,#2029,.T.);
#2679=ORIENTED_EDGE('',*,*,#2030,.T.);
#2680=ORIENTED_EDGE('',*,*,#2000,.F.);
#2681=ORIENTED_EDGE('',*,*,#2028,.F.);
#2682=ORIENTED_EDGE('',*,*,#2003,.F.);
#2683=ORIENTED_EDGE('',*,*,#2030,.F.);
#2684=ORIENTED_EDGE('',*,*,#2031,.T.);
#2685=ORIENTED_EDGE('',*,*,#2032,.T.);
#2686=ORIENTED_EDGE('',*,*,#2005,.F.);
#2687=ORIENTED_EDGE('',*,*,#2032,.F.);
#2688=ORIENTED_EDGE('',*,*,#2033,.T.);
#2689=ORIENTED_EDGE('',*,*,#2014,.F.);
#2690=ORIENTED_EDGE('',*,*,#2008,.F.);
#2691=ORIENTED_EDGE('',*,*,#2034,.T.);
#2692=ORIENTED_EDGE('',*,*,#2035,.T.);
#2693=ORIENTED_EDGE('',*,*,#2034,.F.);
#2694=ORIENTED_EDGE('',*,*,#2011,.F.);
#2695=ORIENTED_EDGE('',*,*,#2036,.T.);
#2696=ORIENTED_EDGE('',*,*,#2037,.T.);
#2697=ORIENTED_EDGE('',*,*,#2036,.F.);
#2698=ORIENTED_EDGE('',*,*,#2038,.T.);
#2699=ORIENTED_EDGE('',*,*,#2039,.T.);
#2700=ORIENTED_EDGE('',*,*,#2040,.T.);
#2701=ORIENTED_EDGE('',*,*,#2041,.T.);
#2702=ORIENTED_EDGE('',*,*,#2042,.T.);
#2703=ORIENTED_EDGE('',*,*,#2043,.T.);
#2704=ORIENTED_EDGE('',*,*,#2044,.T.);
#2705=ORIENTED_EDGE('',*,*,#2045,.T.);
#2706=ORIENTED_EDGE('',*,*,#1896,.T.);
#2707=ORIENTED_EDGE('',*,*,#1890,.T.);
#2708=ORIENTED_EDGE('',*,*,#1887,.T.);
#2709=ORIENTED_EDGE('',*,*,#1884,.T.);
#2710=ORIENTED_EDGE('',*,*,#1881,.T.);
#2711=ORIENTED_EDGE('',*,*,#1878,.T.);
#2712=ORIENTED_EDGE('',*,*,#1874,.T.);
#2713=ORIENTED_EDGE('',*,*,#1893,.T.);
#2714=ORIENTED_EDGE('',*,*,#2046,.T.);
#2715=ORIENTED_EDGE('',*,*,#2047,.T.);
#2716=ORIENTED_EDGE('',*,*,#2048,.T.);
#2717=ORIENTED_EDGE('',*,*,#2043,.F.);
#2718=ORIENTED_EDGE('',*,*,#2048,.F.);
#2719=ORIENTED_EDGE('',*,*,#2049,.T.);
#2720=ORIENTED_EDGE('',*,*,#2050,.T.);
#2721=ORIENTED_EDGE('',*,*,#2044,.F.);
#2722=ORIENTED_EDGE('',*,*,#1842,.T.);
#2723=ORIENTED_EDGE('',*,*,#1845,.T.);
#2724=ORIENTED_EDGE('',*,*,#1848,.T.);
#2725=ORIENTED_EDGE('',*,*,#1849,.T.);
#2726=ORIENTED_EDGE('',*,*,#1852,.T.);
#2727=ORIENTED_EDGE('',*,*,#1853,.T.);
#2728=ORIENTED_EDGE('',*,*,#1855,.T.);
#2729=ORIENTED_EDGE('',*,*,#1857,.T.);
#2730=ORIENTED_EDGE('',*,*,#2050,.F.);
#2731=ORIENTED_EDGE('',*,*,#2051,.T.);
#2732=ORIENTED_EDGE('',*,*,#2052,.T.);
#2733=ORIENTED_EDGE('',*,*,#2045,.F.);
#2734=ORIENTED_EDGE('',*,*,#2052,.F.);
#2735=ORIENTED_EDGE('',*,*,#2053,.T.);
#2736=ORIENTED_EDGE('',*,*,#2054,.T.);
#2737=ORIENTED_EDGE('',*,*,#2038,.F.);
#2738=ORIENTED_EDGE('',*,*,#2013,.F.);
#2739=ORIENTED_EDGE('',*,*,#2054,.F.);
#2740=ORIENTED_EDGE('',*,*,#2055,.T.);
#2741=ORIENTED_EDGE('',*,*,#2056,.T.);
#2742=ORIENTED_EDGE('',*,*,#2039,.F.);
#2743=ORIENTED_EDGE('',*,*,#2056,.F.);
#2744=ORIENTED_EDGE('',*,*,#2057,.T.);
#2745=ORIENTED_EDGE('',*,*,#2058,.T.);
#2746=ORIENTED_EDGE('',*,*,#2040,.F.);
#2747=ORIENTED_EDGE('',*,*,#2037,.F.);
#2748=ORIENTED_EDGE('',*,*,#2035,.F.);
#2749=ORIENTED_EDGE('',*,*,#2031,.F.);
#2750=ORIENTED_EDGE('',*,*,#2029,.F.);
#2751=ORIENTED_EDGE('',*,*,#2027,.F.);
#2752=ORIENTED_EDGE('',*,*,#2025,.F.);
#2753=ORIENTED_EDGE('',*,*,#2023,.F.);
#2754=ORIENTED_EDGE('',*,*,#2021,.F.);
#2755=ORIENTED_EDGE('',*,*,#2019,.F.);
#2756=ORIENTED_EDGE('',*,*,#2017,.F.);
#2757=ORIENTED_EDGE('',*,*,#2015,.F.);
#2758=ORIENTED_EDGE('',*,*,#2033,.F.);
#2759=ORIENTED_EDGE('',*,*,#2058,.F.);
#2760=ORIENTED_EDGE('',*,*,#2059,.T.);
#2761=ORIENTED_EDGE('',*,*,#2060,.T.);
#2762=ORIENTED_EDGE('',*,*,#2041,.F.);
#2763=ORIENTED_EDGE('',*,*,#2060,.F.);
#2764=ORIENTED_EDGE('',*,*,#2061,.T.);
#2765=ORIENTED_EDGE('',*,*,#2046,.F.);
#2766=ORIENTED_EDGE('',*,*,#2042,.F.);
#2767=ORIENTED_EDGE('',*,*,#2009,.T.);
#2768=ORIENTED_EDGE('',*,*,#2006,.T.);
#2769=ORIENTED_EDGE('',*,*,#2062,.F.);
#2770=ORIENTED_EDGE('',*,*,#2051,.F.);
#2771=ORIENTED_EDGE('',*,*,#2063,.F.);
#2772=ORIENTED_EDGE('',*,*,#1829,.F.);
#2773=ORIENTED_EDGE('',*,*,#2063,.T.);
#2774=ORIENTED_EDGE('',*,*,#2049,.F.);
#2775=ORIENTED_EDGE('',*,*,#2064,.F.);
#2776=ORIENTED_EDGE('',*,*,#1830,.F.);
#2777=ORIENTED_EDGE('',*,*,#2062,.T.);
#2778=ORIENTED_EDGE('',*,*,#1828,.F.);
#2779=ORIENTED_EDGE('',*,*,#2065,.F.);
#2780=ORIENTED_EDGE('',*,*,#2053,.F.);
#2781=ORIENTED_EDGE('',*,*,#2064,.T.);
#2782=ORIENTED_EDGE('',*,*,#2047,.F.);
#2783=ORIENTED_EDGE('',*,*,#2066,.F.);
#2784=ORIENTED_EDGE('',*,*,#1831,.F.);
#2785=ORIENTED_EDGE('',*,*,#2065,.T.);
#2786=ORIENTED_EDGE('',*,*,#1827,.F.);
#2787=ORIENTED_EDGE('',*,*,#2067,.F.);
#2788=ORIENTED_EDGE('',*,*,#2055,.F.);
#2789=ORIENTED_EDGE('',*,*,#2066,.T.);
#2790=ORIENTED_EDGE('',*,*,#2061,.F.);
#2791=ORIENTED_EDGE('',*,*,#2068,.F.);
#2792=ORIENTED_EDGE('',*,*,#1824,.F.);
#2793=ORIENTED_EDGE('',*,*,#2067,.T.);
#2794=ORIENTED_EDGE('',*,*,#1826,.F.);
#2795=ORIENTED_EDGE('',*,*,#2069,.F.);
#2796=ORIENTED_EDGE('',*,*,#2057,.F.);
#2797=ORIENTED_EDGE('',*,*,#2068,.T.);
#2798=ORIENTED_EDGE('',*,*,#2059,.F.);
#2799=ORIENTED_EDGE('',*,*,#2069,.T.);
#2800=ORIENTED_EDGE('',*,*,#1825,.F.);
#2801=ORIENTED_EDGE('',*,*,#2002,.T.);
#2802=ORIENTED_EDGE('',*,*,#2004,.T.);
#2803=ORIENTED_EDGE('',*,*,#1977,.T.);
#2804=ORIENTED_EDGE('',*,*,#1981,.T.);
#2805=ORIENTED_EDGE('',*,*,#1984,.T.);
#2806=ORIENTED_EDGE('',*,*,#1987,.T.);
#2807=ORIENTED_EDGE('',*,*,#1990,.T.);
#2808=ORIENTED_EDGE('',*,*,#1993,.T.);
#2809=ORIENTED_EDGE('',*,*,#1996,.T.);
#2810=ORIENTED_EDGE('',*,*,#1999,.T.);
#2811=ORIENTED_EDGE('',*,*,#2070,.F.);
#2812=ORIENTED_EDGE('',*,*,#2071,.F.);
#2813=ORIENTED_EDGE('',*,*,#2072,.F.);
#2814=ORIENTED_EDGE('',*,*,#2073,.F.);
#2815=ORIENTED_EDGE('',*,*,#2074,.F.);
#2816=ORIENTED_EDGE('',*,*,#2075,.F.);
#2817=ORIENTED_EDGE('',*,*,#2076,.F.);
#2818=ORIENTED_EDGE('',*,*,#2077,.F.);
#2819=ORIENTED_EDGE('',*,*,#2078,.F.);
#2820=ORIENTED_EDGE('',*,*,#2079,.F.);
#2821=ORIENTED_EDGE('',*,*,#2080,.F.);
#2822=ORIENTED_EDGE('',*,*,#2081,.F.);
#2823=ORIENTED_EDGE('',*,*,#2082,.F.);
#2824=ORIENTED_EDGE('',*,*,#2083,.F.);
#2825=ORIENTED_EDGE('',*,*,#2084,.F.);
#2826=ORIENTED_EDGE('',*,*,#2085,.F.);
#2827=ORIENTED_EDGE('',*,*,#2086,.F.);
#2828=ORIENTED_EDGE('',*,*,#2087,.F.);
#2829=ORIENTED_EDGE('',*,*,#2070,.T.);
#2830=ORIENTED_EDGE('',*,*,#2088,.F.);
#2831=ORIENTED_EDGE('',*,*,#2089,.F.);
#2832=ORIENTED_EDGE('',*,*,#2090,.T.);
#2833=ORIENTED_EDGE('',*,*,#2071,.T.);
#2834=ORIENTED_EDGE('',*,*,#2090,.F.);
#2835=ORIENTED_EDGE('',*,*,#2091,.F.);
#2836=ORIENTED_EDGE('',*,*,#2092,.T.);
#2837=ORIENTED_EDGE('',*,*,#2072,.T.);
#2838=ORIENTED_EDGE('',*,*,#2092,.F.);
#2839=ORIENTED_EDGE('',*,*,#2093,.F.);
#2840=ORIENTED_EDGE('',*,*,#2094,.T.);
#2841=ORIENTED_EDGE('',*,*,#2073,.T.);
#2842=ORIENTED_EDGE('',*,*,#2094,.F.);
#2843=ORIENTED_EDGE('',*,*,#2095,.F.);
#2844=ORIENTED_EDGE('',*,*,#2096,.T.);
#2845=ORIENTED_EDGE('',*,*,#2074,.T.);
#2846=ORIENTED_EDGE('',*,*,#2096,.F.);
#2847=ORIENTED_EDGE('',*,*,#2097,.F.);
#2848=ORIENTED_EDGE('',*,*,#2098,.T.);
#2849=ORIENTED_EDGE('',*,*,#2075,.T.);
#2850=ORIENTED_EDGE('',*,*,#2098,.F.);
#2851=ORIENTED_EDGE('',*,*,#2099,.F.);
#2852=ORIENTED_EDGE('',*,*,#2100,.T.);
#2853=ORIENTED_EDGE('',*,*,#2076,.T.);
#2854=ORIENTED_EDGE('',*,*,#2100,.F.);
#2855=ORIENTED_EDGE('',*,*,#2101,.F.);
#2856=ORIENTED_EDGE('',*,*,#2102,.T.);
#2857=ORIENTED_EDGE('',*,*,#2077,.T.);
#2858=ORIENTED_EDGE('',*,*,#2102,.F.);
#2859=ORIENTED_EDGE('',*,*,#2103,.F.);
#2860=ORIENTED_EDGE('',*,*,#2104,.T.);
#2861=ORIENTED_EDGE('',*,*,#2078,.T.);
#2862=ORIENTED_EDGE('',*,*,#2104,.F.);
#2863=ORIENTED_EDGE('',*,*,#2105,.F.);
#2864=ORIENTED_EDGE('',*,*,#2106,.T.);
#2865=ORIENTED_EDGE('',*,*,#2079,.T.);
#2866=ORIENTED_EDGE('',*,*,#2106,.F.);
#2867=ORIENTED_EDGE('',*,*,#2107,.F.);
#2868=ORIENTED_EDGE('',*,*,#2108,.T.);
#2869=ORIENTED_EDGE('',*,*,#2080,.T.);
#2870=ORIENTED_EDGE('',*,*,#2108,.F.);
#2871=ORIENTED_EDGE('',*,*,#2109,.F.);
#2872=ORIENTED_EDGE('',*,*,#2110,.T.);
#2873=ORIENTED_EDGE('',*,*,#2081,.T.);
#2874=ORIENTED_EDGE('',*,*,#2110,.F.);
#2875=ORIENTED_EDGE('',*,*,#2111,.F.);
#2876=ORIENTED_EDGE('',*,*,#2112,.T.);
#2877=ORIENTED_EDGE('',*,*,#2082,.T.);
#2878=ORIENTED_EDGE('',*,*,#2112,.F.);
#2879=ORIENTED_EDGE('',*,*,#2113,.F.);
#2880=ORIENTED_EDGE('',*,*,#2114,.T.);
#2881=ORIENTED_EDGE('',*,*,#2083,.T.);
#2882=ORIENTED_EDGE('',*,*,#2114,.F.);
#2883=ORIENTED_EDGE('',*,*,#2115,.F.);
#2884=ORIENTED_EDGE('',*,*,#2116,.T.);
#2885=ORIENTED_EDGE('',*,*,#2084,.T.);
#2886=ORIENTED_EDGE('',*,*,#2116,.F.);
#2887=ORIENTED_EDGE('',*,*,#2117,.F.);
#2888=ORIENTED_EDGE('',*,*,#2118,.T.);
#2889=ORIENTED_EDGE('',*,*,#2085,.T.);
#2890=ORIENTED_EDGE('',*,*,#2118,.F.);
#2891=ORIENTED_EDGE('',*,*,#2119,.F.);
#2892=ORIENTED_EDGE('',*,*,#2120,.T.);
#2893=ORIENTED_EDGE('',*,*,#2086,.T.);
#2894=ORIENTED_EDGE('',*,*,#2120,.F.);
#2895=ORIENTED_EDGE('',*,*,#2121,.F.);
#2896=ORIENTED_EDGE('',*,*,#2122,.T.);
#2897=ORIENTED_EDGE('',*,*,#2087,.T.);
#2898=ORIENTED_EDGE('',*,*,#2122,.F.);
#2899=ORIENTED_EDGE('',*,*,#2123,.F.);
#2900=ORIENTED_EDGE('',*,*,#2088,.T.);
#2901=ORIENTED_EDGE('',*,*,#2089,.T.);
#2902=ORIENTED_EDGE('',*,*,#2123,.T.);
#2903=ORIENTED_EDGE('',*,*,#2121,.T.);
#2904=ORIENTED_EDGE('',*,*,#2119,.T.);
#2905=ORIENTED_EDGE('',*,*,#2117,.T.);
#2906=ORIENTED_EDGE('',*,*,#2115,.T.);
#2907=ORIENTED_EDGE('',*,*,#2113,.T.);
#2908=ORIENTED_EDGE('',*,*,#2111,.T.);
#2909=ORIENTED_EDGE('',*,*,#2109,.T.);
#2910=ORIENTED_EDGE('',*,*,#2107,.T.);
#2911=ORIENTED_EDGE('',*,*,#2105,.T.);
#2912=ORIENTED_EDGE('',*,*,#2103,.T.);
#2913=ORIENTED_EDGE('',*,*,#2101,.T.);
#2914=ORIENTED_EDGE('',*,*,#2099,.T.);
#2915=ORIENTED_EDGE('',*,*,#2097,.T.);
#2916=ORIENTED_EDGE('',*,*,#2095,.T.);
#2917=ORIENTED_EDGE('',*,*,#2093,.T.);
#2918=ORIENTED_EDGE('',*,*,#2091,.T.);
#2919=ORIENTED_EDGE('',*,*,#2124,.T.);
#2920=ORIENTED_EDGE('',*,*,#2125,.T.);
#2921=ORIENTED_EDGE('',*,*,#2126,.F.);
#2922=ORIENTED_EDGE('',*,*,#1867,.F.);
#2923=ORIENTED_EDGE('',*,*,#2126,.T.);
#2924=ORIENTED_EDGE('',*,*,#2127,.T.);
#2925=ORIENTED_EDGE('',*,*,#2128,.F.);
#2926=ORIENTED_EDGE('',*,*,#1868,.F.);
#2927=ORIENTED_EDGE('',*,*,#2128,.T.);
#2928=ORIENTED_EDGE('',*,*,#2129,.T.);
#2929=ORIENTED_EDGE('',*,*,#2130,.F.);
#2930=ORIENTED_EDGE('',*,*,#1869,.F.);
#2931=ORIENTED_EDGE('',*,*,#2130,.T.);
#2932=ORIENTED_EDGE('',*,*,#2131,.T.);
#2933=ORIENTED_EDGE('',*,*,#2132,.F.);
#2934=ORIENTED_EDGE('',*,*,#1870,.F.);
#2935=ORIENTED_EDGE('',*,*,#2132,.T.);
#2936=ORIENTED_EDGE('',*,*,#2133,.T.);
#2937=ORIENTED_EDGE('',*,*,#2134,.F.);
#2938=ORIENTED_EDGE('',*,*,#1871,.F.);
#2939=ORIENTED_EDGE('',*,*,#2134,.T.);
#2940=ORIENTED_EDGE('',*,*,#2135,.T.);
#2941=ORIENTED_EDGE('',*,*,#2136,.F.);
#2942=ORIENTED_EDGE('',*,*,#1872,.F.);
#2943=ORIENTED_EDGE('',*,*,#2136,.T.);
#2944=ORIENTED_EDGE('',*,*,#2137,.T.);
#2945=ORIENTED_EDGE('',*,*,#2138,.F.);
#2946=ORIENTED_EDGE('',*,*,#1873,.F.);
#2947=ORIENTED_EDGE('',*,*,#2138,.T.);
#2948=ORIENTED_EDGE('',*,*,#2139,.T.);
#2949=ORIENTED_EDGE('',*,*,#2124,.F.);
#2950=ORIENTED_EDGE('',*,*,#1866,.F.);
#2951=ORIENTED_EDGE('',*,*,#2140,.T.);
#2952=ORIENTED_EDGE('',*,*,#2141,.T.);
#2953=ORIENTED_EDGE('',*,*,#2142,.T.);
#2954=ORIENTED_EDGE('',*,*,#2143,.T.);
#2955=ORIENTED_EDGE('',*,*,#2144,.T.);
#2956=ORIENTED_EDGE('',*,*,#2145,.T.);
#2957=ORIENTED_EDGE('',*,*,#2146,.T.);
#2958=ORIENTED_EDGE('',*,*,#2147,.T.);
#2959=ORIENTED_EDGE('',*,*,#1818,.T.);
#2960=ORIENTED_EDGE('',*,*,#1821,.T.);
#2961=ORIENTED_EDGE('',*,*,#2148,.F.);
#2962=ORIENTED_EDGE('',*,*,#2129,.F.);
#2963=ORIENTED_EDGE('',*,*,#2149,.F.);
#2964=ORIENTED_EDGE('',*,*,#2145,.F.);
#2965=ORIENTED_EDGE('',*,*,#2149,.T.);
#2966=ORIENTED_EDGE('',*,*,#2127,.F.);
#2967=ORIENTED_EDGE('',*,*,#2150,.F.);
#2968=ORIENTED_EDGE('',*,*,#2146,.F.);
#2969=ORIENTED_EDGE('',*,*,#2148,.T.);
#2970=ORIENTED_EDGE('',*,*,#2144,.F.);
#2971=ORIENTED_EDGE('',*,*,#2151,.F.);
#2972=ORIENTED_EDGE('',*,*,#2131,.F.);
#2973=ORIENTED_EDGE('',*,*,#2150,.T.);
#2974=ORIENTED_EDGE('',*,*,#2125,.F.);
#2975=ORIENTED_EDGE('',*,*,#2152,.F.);
#2976=ORIENTED_EDGE('',*,*,#2147,.F.);
#2977=ORIENTED_EDGE('',*,*,#2151,.T.);
#2978=ORIENTED_EDGE('',*,*,#2143,.F.);
#2979=ORIENTED_EDGE('',*,*,#2153,.F.);
#2980=ORIENTED_EDGE('',*,*,#2133,.F.);
#2981=ORIENTED_EDGE('',*,*,#2152,.T.);
#2982=ORIENTED_EDGE('',*,*,#2139,.F.);
#2983=ORIENTED_EDGE('',*,*,#2154,.F.);
#2984=ORIENTED_EDGE('',*,*,#2140,.F.);
#2985=ORIENTED_EDGE('',*,*,#2153,.T.);
#2986=ORIENTED_EDGE('',*,*,#2142,.F.);
#2987=ORIENTED_EDGE('',*,*,#2155,.F.);
#2988=ORIENTED_EDGE('',*,*,#2135,.F.);
#2989=ORIENTED_EDGE('',*,*,#2154,.T.);
#2990=ORIENTED_EDGE('',*,*,#2137,.F.);
#2991=ORIENTED_EDGE('',*,*,#2155,.T.);
#2992=ORIENTED_EDGE('',*,*,#2141,.F.);
#2993=ORIENTED_EDGE('',*,*,#2156,.F.);
#2994=ORIENTED_EDGE('',*,*,#2157,.T.);
#2995=ORIENTED_EDGE('',*,*,#1833,.T.);
#2996=ORIENTED_EDGE('',*,*,#2157,.F.);
#2997=ORIENTED_EDGE('',*,*,#2156,.T.);
#2998=ORIENTED_EDGE('',*,*,#2158,.F.);
#2999=ORIENTED_EDGE('',*,*,#2159,.T.);
#3000=ORIENTED_EDGE('',*,*,#1832,.T.);
#3001=ORIENTED_EDGE('',*,*,#2159,.F.);
#3002=ORIENTED_EDGE('',*,*,#2158,.T.);
#3003=ORIENTED_EDGE('',*,*,#2160,.T.);
#3004=ORIENTED_EDGE('',*,*,#2161,.F.);
#3005=ORIENTED_EDGE('',*,*,#2162,.F.);
#3006=ORIENTED_EDGE('',*,*,#2163,.T.);
#3007=ORIENTED_EDGE('',*,*,#2164,.T.);
#3008=ORIENTED_EDGE('',*,*,#2165,.F.);
#3009=ORIENTED_EDGE('',*,*,#2166,.T.);
#3010=ORIENTED_EDGE('',*,*,#2167,.T.);
#3011=ORIENTED_EDGE('',*,*,#2168,.F.);
#3012=ORIENTED_EDGE('',*,*,#2169,.T.);
#3013=ORIENTED_EDGE('',*,*,#2170,.T.);
#3014=ORIENTED_EDGE('',*,*,#2171,.T.);
#3015=ORIENTED_EDGE('',*,*,#2172,.T.);
#3016=ORIENTED_EDGE('',*,*,#2173,.T.);
#3017=ORIENTED_EDGE('',*,*,#2174,.T.);
#3018=ORIENTED_EDGE('',*,*,#2175,.T.);
#3019=ORIENTED_EDGE('',*,*,#2176,.T.);
#3020=ORIENTED_EDGE('',*,*,#2177,.T.);
#3021=ORIENTED_EDGE('',*,*,#2178,.T.);
#3022=ORIENTED_EDGE('',*,*,#2177,.F.);
#3023=ORIENTED_EDGE('',*,*,#2179,.T.);
#3024=ORIENTED_EDGE('',*,*,#2180,.F.);
#3025=ORIENTED_EDGE('',*,*,#2181,.F.);
#3026=ORIENTED_EDGE('',*,*,#2182,.T.);
#3027=ORIENTED_EDGE('',*,*,#2179,.F.);
#3028=ORIENTED_EDGE('',*,*,#2176,.F.);
#3029=ORIENTED_EDGE('',*,*,#2182,.F.);
#3030=ORIENTED_EDGE('',*,*,#2183,.T.);
#3031=ORIENTED_EDGE('',*,*,#2178,.F.);
#3032=ORIENTED_EDGE('',*,*,#2180,.T.);
#3033=ORIENTED_EDGE('',*,*,#2181,.T.);
#3034=ORIENTED_EDGE('',*,*,#2184,.T.);
#3035=ORIENTED_EDGE('',*,*,#2185,.T.);
#3036=ORIENTED_EDGE('',*,*,#2184,.F.);
#3037=ORIENTED_EDGE('',*,*,#2185,.F.);
#3038=ORIENTED_EDGE('',*,*,#2186,.T.);
#3039=ORIENTED_EDGE('',*,*,#2187,.T.);
#3040=ORIENTED_EDGE('',*,*,#2188,.T.);
#3041=ORIENTED_EDGE('',*,*,#2189,.T.);
#3042=ORIENTED_EDGE('',*,*,#2187,.F.);
#3043=ORIENTED_EDGE('',*,*,#2186,.F.);
#3044=ORIENTED_EDGE('',*,*,#2190,.T.);
#3045=ORIENTED_EDGE('',*,*,#2191,.T.);
#3046=ORIENTED_EDGE('',*,*,#2192,.T.);
#3047=ORIENTED_EDGE('',*,*,#2193,.T.);
#3048=ORIENTED_EDGE('',*,*,#2194,.T.);
#3049=ORIENTED_EDGE('',*,*,#2195,.T.);
#3050=ORIENTED_EDGE('',*,*,#2183,.F.);
#3051=ORIENTED_EDGE('',*,*,#2196,.T.);
#3052=ORIENTED_EDGE('',*,*,#2188,.F.);
#3053=ORIENTED_EDGE('',*,*,#2189,.F.);
#3054=ORIENTED_EDGE('',*,*,#2196,.F.);
#3055=ORIENTED_EDGE('',*,*,#2197,.F.);
#3056=ORIENTED_EDGE('',*,*,#2198,.T.);
#3057=ORIENTED_EDGE('',*,*,#2194,.F.);
#3058=ORIENTED_EDGE('',*,*,#2199,.F.);
#3059=ORIENTED_EDGE('',*,*,#2200,.F.);
#3060=ORIENTED_EDGE('',*,*,#2201,.T.);
#3061=ORIENTED_EDGE('',*,*,#2195,.F.);
#3062=ORIENTED_EDGE('',*,*,#2198,.F.);
#3063=ORIENTED_EDGE('',*,*,#2202,.F.);
#3064=ORIENTED_EDGE('',*,*,#2203,.T.);
#3065=ORIENTED_EDGE('',*,*,#2190,.F.);
#3066=ORIENTED_EDGE('',*,*,#2201,.F.);
#3067=ORIENTED_EDGE('',*,*,#2204,.F.);
#3068=ORIENTED_EDGE('',*,*,#2205,.F.);
#3069=ORIENTED_EDGE('',*,*,#2191,.F.);
#3070=ORIENTED_EDGE('',*,*,#2203,.F.);
#3071=ORIENTED_EDGE('',*,*,#2206,.F.);
#3072=ORIENTED_EDGE('',*,*,#2199,.T.);
#3073=ORIENTED_EDGE('',*,*,#2193,.F.);
#3074=ORIENTED_EDGE('',*,*,#2207,.F.);
#3075=ORIENTED_EDGE('',*,*,#2208,.F.);
#3076=ORIENTED_EDGE('',*,*,#2209,.F.);
#3077=ORIENTED_EDGE('',*,*,#2207,.T.);
#3078=ORIENTED_EDGE('',*,*,#2192,.F.);
#3079=ORIENTED_EDGE('',*,*,#2205,.T.);
#3080=ORIENTED_EDGE('',*,*,#2210,.T.);
#3081=ORIENTED_EDGE('',*,*,#2208,.T.);
#3082=ORIENTED_EDGE('',*,*,#2209,.T.);
#3083=ORIENTED_EDGE('',*,*,#2204,.T.);
#3084=ORIENTED_EDGE('',*,*,#2202,.T.);
#3085=ORIENTED_EDGE('',*,*,#2200,.T.);
#3086=ORIENTED_EDGE('',*,*,#2197,.T.);
#3087=ORIENTED_EDGE('',*,*,#2206,.T.);
#3088=ORIENTED_EDGE('',*,*,#2210,.F.);
#3089=CYLINDRICAL_SURFACE('',#3504,2.);
#3090=CYLINDRICAL_SURFACE('',#3516,2.);
#3091=CYLINDRICAL_SURFACE('',#3521,2.);
#3092=CYLINDRICAL_SURFACE('',#3529,2.);
#3093=CYLINDRICAL_SURFACE('',#3531,1.5);
#3094=CYLINDRICAL_SURFACE('',#3533,1.5);
#3095=CYLINDRICAL_SURFACE('',#3535,1.5);
#3096=CYLINDRICAL_SURFACE('',#3537,1.5);
#3097=CYLINDRICAL_SURFACE('',#3539,1.5);
#3098=CYLINDRICAL_SURFACE('',#3541,1.5);
#3099=CYLINDRICAL_SURFACE('',#3543,4.);
#3100=CYLINDRICAL_SURFACE('',#3544,2.);
#3101=CYLINDRICAL_SURFACE('',#3558,5.);
#3102=CYLINDRICAL_SURFACE('',#3562,5.);
#3103=CYLINDRICAL_SURFACE('',#3575,0.5);
#3104=CYLINDRICAL_SURFACE('',#3578,0.5);
#3105=CYLINDRICAL_SURFACE('',#3581,0.5);
#3106=CYLINDRICAL_SURFACE('',#3584,0.5);
#3107=CYLINDRICAL_SURFACE('',#3593,0.1);
#3108=CYLINDRICAL_SURFACE('',#3596,0.1);
#3109=CYLINDRICAL_SURFACE('',#3599,0.1);
#3110=CYLINDRICAL_SURFACE('',#3602,0.1);
#3111=CYLINDRICAL_SURFACE('',#3614,0.1);
#3112=CYLINDRICAL_SURFACE('',#3617,0.1);
#3113=CYLINDRICAL_SURFACE('',#3620,0.1);
#3114=CYLINDRICAL_SURFACE('',#3623,0.1);
#3115=CYLINDRICAL_SURFACE('',#3627,2.5527);
#3116=CYLINDRICAL_SURFACE('',#3631,3.175);
#3117=CYLINDRICAL_SURFACE('',#3633,1.4);
#3118=CYLINDRICAL_SURFACE('',#3637,1.4);
#3119=CYLINDRICAL_SURFACE('',#3641,1.4);
#3120=CYLINDRICAL_SURFACE('',#3645,0.9);
#3121=CYLINDRICAL_SURFACE('',#3649,0.9);
#3122=CYLINDRICAL_SURFACE('',#3653,0.8);
#3123=CYLINDRICAL_SURFACE('',#3656,0.8);
#3124=CYLINDRICAL_SURFACE('',#3689,3.);
#3125=CYLINDRICAL_SURFACE('',#3691,3.);
#3126=CYLINDRICAL_SURFACE('',#3695,3.);
#3127=CYLINDRICAL_SURFACE('',#3697,3.);
#3128=CYLINDRICAL_SURFACE('',#3709,0.3);
#3129=CYLINDRICAL_SURFACE('',#3712,0.3);
#3130=CYLINDRICAL_SURFACE('',#3715,0.300000000000004);
#3131=CYLINDRICAL_SURFACE('',#3718,0.3);
#3132=CYLINDRICAL_SURFACE('',#3721,0.3);
#3133=CYLINDRICAL_SURFACE('',#3724,0.3);
#3134=CYLINDRICAL_SURFACE('',#3727,0.45);
#3135=CYLINDRICAL_SURFACE('',#3730,0.45);
#3136=CYLINDRICAL_SURFACE('',#3733,0.299999999999913);
#3137=CYLINDRICAL_SURFACE('',#3746,1.25);
#3138=CYLINDRICAL_SURFACE('',#3749,1.25);
#3139=CYLINDRICAL_SURFACE('',#3783,1.5);
#3140=CYLINDRICAL_SURFACE('',#3796,2.85);
#3141=ADVANCED_FACE('',(#426),#3089,.T.);
#3142=ADVANCED_FACE('',(#427),#340,.T.);
#3143=ADVANCED_FACE('',(#428,#311,#312,#313,#314),#341,.T.);
#3144=ADVANCED_FACE('',(#429),#3090,.T.);
#3145=ADVANCED_FACE('',(#430),#342,.T.);
#3146=ADVANCED_FACE('',(#431),#3091,.T.);
#3147=ADVANCED_FACE('',(#432),#343,.T.);
#3148=ADVANCED_FACE('',(#433,#315,#316),#344,.T.);
#3149=ADVANCED_FACE('',(#434),#3092,.T.);
#3150=ADVANCED_FACE('',(#435),#3093,.F.);
#3151=ADVANCED_FACE('',(#436),#3094,.F.);
#3152=ADVANCED_FACE('',(#437),#3095,.F.);
#3153=ADVANCED_FACE('',(#438),#3096,.F.);
#3154=ADVANCED_FACE('',(#439),#3097,.F.);
#3155=ADVANCED_FACE('',(#440),#3098,.F.);
#3156=ADVANCED_FACE('',(#441),#3099,.T.);
#3157=ADVANCED_FACE('',(#442),#3100,.F.);
#3158=ADVANCED_FACE('',(#443,#317,#318,#319,#320),#345,.T.);
#3159=ADVANCED_FACE('',(#444),#346,.T.);
#3160=ADVANCED_FACE('',(#445,#321,#322),#347,.T.);
#3161=ADVANCED_FACE('',(#446),#3101,.F.);
#3162=ADVANCED_FACE('',(#447),#348,.T.);
#3163=ADVANCED_FACE('',(#448),#3102,.F.);
#3164=ADVANCED_FACE('',(#449),#349,.T.);
#3165=ADVANCED_FACE('',(#450,#323,#324),#350,.F.);
#3166=ADVANCED_FACE('',(#451),#351,.F.);
#3167=ADVANCED_FACE('',(#452),#352,.T.);
#3168=ADVANCED_FACE('',(#453),#3103,.T.);
#3169=ADVANCED_FACE('',(#454),#353,.T.);
#3170=ADVANCED_FACE('',(#455),#3104,.T.);
#3171=ADVANCED_FACE('',(#456),#354,.T.);
#3172=ADVANCED_FACE('',(#457),#3105,.T.);
#3173=ADVANCED_FACE('',(#458),#355,.T.);
#3174=ADVANCED_FACE('',(#459),#3106,.T.);
#3175=ADVANCED_FACE('',(#460,#325),#356,.F.);
#3176=ADVANCED_FACE('',(#461),#357,.T.);
#3177=ADVANCED_FACE('',(#462),#162,.T.);
#3178=ADVANCED_FACE('',(#463),#358,.T.);
#3179=ADVANCED_FACE('',(#464),#163,.T.);
#3180=ADVANCED_FACE('',(#465),#359,.T.);
#3181=ADVANCED_FACE('',(#466),#164,.T.);
#3182=ADVANCED_FACE('',(#467),#165,.T.);
#3183=ADVANCED_FACE('',(#468),#360,.T.);
#3184=ADVANCED_FACE('',(#469),#149,.T.);
#3185=ADVANCED_FACE('',(#470),#3107,.T.);
#3186=ADVANCED_FACE('',(#471),#150,.T.);
#3187=ADVANCED_FACE('',(#472),#3108,.T.);
#3188=ADVANCED_FACE('',(#473),#151,.T.);
#3189=ADVANCED_FACE('',(#474),#3109,.T.);
#3190=ADVANCED_FACE('',(#475),#152,.T.);
#3191=ADVANCED_FACE('',(#476),#3110,.T.);
#3192=ADVANCED_FACE('',(#477,#326),#361,.T.);
#3193=ADVANCED_FACE('',(#478),#166,.T.);
#3194=ADVANCED_FACE('',(#479),#362,.T.);
#3195=ADVANCED_FACE('',(#480),#167,.T.);
#3196=ADVANCED_FACE('',(#481),#363,.T.);
#3197=ADVANCED_FACE('',(#482),#168,.T.);
#3198=ADVANCED_FACE('',(#483),#364,.T.);
#3199=ADVANCED_FACE('',(#484),#169,.T.);
#3200=ADVANCED_FACE('',(#485),#365,.T.);
#3201=ADVANCED_FACE('',(#486),#366,.F.);
#3202=ADVANCED_FACE('',(#487),#170,.F.);
#3203=ADVANCED_FACE('',(#488),#367,.F.);
#3204=ADVANCED_FACE('',(#489),#171,.F.);
#3205=ADVANCED_FACE('',(#490),#368,.F.);
#3206=ADVANCED_FACE('',(#491),#172,.F.);
#3207=ADVANCED_FACE('',(#492),#369,.F.);
#3208=ADVANCED_FACE('',(#493),#173,.F.);
#3209=ADVANCED_FACE('',(#494),#153,.T.);
#3210=ADVANCED_FACE('',(#495),#3111,.T.);
#3211=ADVANCED_FACE('',(#496),#154,.T.);
#3212=ADVANCED_FACE('',(#497),#3112,.T.);
#3213=ADVANCED_FACE('',(#498),#155,.T.);
#3214=ADVANCED_FACE('',(#499),#3113,.T.);
#3215=ADVANCED_FACE('',(#500),#156,.T.);
#3216=ADVANCED_FACE('',(#501),#3114,.T.);
#3217=ADVANCED_FACE('',(#502,#327),#370,.F.);
#3218=ADVANCED_FACE('',(#503),#371,.F.);
#3219=ADVANCED_FACE('',(#504),#3115,.F.);
#3220=ADVANCED_FACE('',(#505,#328),#372,.F.);
#3221=ADVANCED_FACE('',(#506),#3116,.F.);
#3222=ADVANCED_FACE('',(#507),#3117,.F.);
#3223=ADVANCED_FACE('',(#508),#373,.F.);
#3224=ADVANCED_FACE('',(#509),#3118,.F.);
#3225=ADVANCED_FACE('',(#510),#374,.F.);
#3226=ADVANCED_FACE('',(#511),#3119,.F.);
#3227=ADVANCED_FACE('',(#512),#375,.F.);
#3228=ADVANCED_FACE('',(#513),#3120,.F.);
#3229=ADVANCED_FACE('',(#514),#376,.F.);
#3230=ADVANCED_FACE('',(#515),#3121,.F.);
#3231=ADVANCED_FACE('',(#516),#377,.F.);
#3232=ADVANCED_FACE('',(#517),#3122,.F.);
#3233=ADVANCED_FACE('',(#518),#3123,.F.);
#3234=ADVANCED_FACE('',(#519),#139,.F.);
#3235=ADVANCED_FACE('',(#520),#140,.F.);
#3236=ADVANCED_FACE('',(#521),#378,.F.);
#3237=ADVANCED_FACE('',(#522),#141,.F.);
#3238=ADVANCED_FACE('',(#523),#379,.F.);
#3239=ADVANCED_FACE('',(#524),#142,.F.);
#3240=ADVANCED_FACE('',(#525),#380,.F.);
#3241=ADVANCED_FACE('',(#526),#143,.F.);
#3242=ADVANCED_FACE('',(#527),#381,.F.);
#3243=ADVANCED_FACE('',(#528),#144,.F.);
#3244=ADVANCED_FACE('',(#529),#382,.F.);
#3245=ADVANCED_FACE('',(#530),#145,.F.);
#3246=ADVANCED_FACE('',(#531),#146,.F.);
#3247=ADVANCED_FACE('',(#532,#329),#383,.T.);
#3248=ADVANCED_FACE('',(#533),#174,.F.);
#3249=ADVANCED_FACE('',(#534,#330),#384,.F.);
#3250=ADVANCED_FACE('',(#535),#175,.F.);
#3251=ADVANCED_FACE('',(#536,#331),#385,.F.);
#3252=ADVANCED_FACE('',(#537),#176,.F.);
#3253=ADVANCED_FACE('',(#538,#332,#333,#334),#386,.F.);
#3254=ADVANCED_FACE('',(#539),#177,.F.);
#3255=ADVANCED_FACE('',(#540),#387,.F.);
#3256=ADVANCED_FACE('',(#541),#388,.T.);
#3257=ADVANCED_FACE('',(#542),#389,.T.);
#3258=ADVANCED_FACE('',(#543),#157,.T.);
#3259=ADVANCED_FACE('',(#544),#3124,.T.);
#3260=ADVANCED_FACE('',(#545),#3125,.T.);
#3261=ADVANCED_FACE('',(#546),#158,.T.);
#3262=ADVANCED_FACE('',(#547),#159,.T.);
#3263=ADVANCED_FACE('',(#548),#3126,.T.);
#3264=ADVANCED_FACE('',(#549),#3127,.T.);
#3265=ADVANCED_FACE('',(#550),#160,.T.);
#3266=ADVANCED_FACE('',(#551,#335),#390,.T.);
#3267=ADVANCED_FACE('',(#552),#3128,.F.);
#3268=ADVANCED_FACE('',(#553),#391,.F.);
#3269=ADVANCED_FACE('',(#554),#3129,.F.);
#3270=ADVANCED_FACE('',(#555),#392,.F.);
#3271=ADVANCED_FACE('',(#556),#3130,.F.);
#3272=ADVANCED_FACE('',(#557),#393,.F.);
#3273=ADVANCED_FACE('',(#558),#3131,.F.);
#3274=ADVANCED_FACE('',(#559),#394,.F.);
#3275=ADVANCED_FACE('',(#560),#3132,.F.);
#3276=ADVANCED_FACE('',(#561),#395,.F.);
#3277=ADVANCED_FACE('',(#562),#3133,.F.);
#3278=ADVANCED_FACE('',(#563),#396,.F.);
#3279=ADVANCED_FACE('',(#564),#3134,.T.);
#3280=ADVANCED_FACE('',(#565),#397,.F.);
#3281=ADVANCED_FACE('',(#566),#3135,.T.);
#3282=ADVANCED_FACE('',(#567),#398,.F.);
#3283=ADVANCED_FACE('',(#568),#3136,.F.);
#3284=ADVANCED_FACE('',(#569),#399,.F.);
#3285=ADVANCED_FACE('',(#570),#400,.T.);
#3286=ADVANCED_FACE('',(#571),#178,.T.);
#3287=ADVANCED_FACE('',(#572),#401,.T.);
#3288=ADVANCED_FACE('',(#573),#179,.T.);
#3289=ADVANCED_FACE('',(#574),#402,.T.);
#3290=ADVANCED_FACE('',(#575),#180,.T.);
#3291=ADVANCED_FACE('',(#576),#403,.T.);
#3292=ADVANCED_FACE('',(#577),#181,.T.);
#3293=ADVANCED_FACE('',(#578),#404,.T.);
#3294=ADVANCED_FACE('',(#579,#336,#337),#405,.F.);
#3295=ADVANCED_FACE('',(#580),#182,.T.);
#3296=ADVANCED_FACE('',(#581),#406,.T.);
#3297=ADVANCED_FACE('',(#582),#407,.T.);
#3298=ADVANCED_FACE('',(#583),#183,.T.);
#3299=ADVANCED_FACE('',(#584),#184,.T.);
#3300=ADVANCED_FACE('',(#585),#408,.T.);
#3301=ADVANCED_FACE('',(#586),#409,.T.);
#3302=ADVANCED_FACE('',(#587),#185,.T.);
#3303=ADVANCED_FACE('',(#588),#3137,.F.);
#3304=ADVANCED_FACE('',(#589),#410,.T.);
#3305=ADVANCED_FACE('',(#590),#3138,.F.);
#3306=ADVANCED_FACE('',(#591),#411,.T.);
#3307=ADVANCED_FACE('',(#592),#412,.T.);
#3308=ADVANCED_FACE('',(#593),#413,.T.);
#3309=ADVANCED_FACE('',(#594),#414,.T.);
#3310=ADVANCED_FACE('',(#595),#415,.T.);
#3311=ADVANCED_FACE('',(#596),#416,.T.);
#3312=ADVANCED_FACE('',(#597),#92,.F.);
#3313=ADVANCED_FACE('',(#598),#3139,.T.);
#3314=ADVANCED_FACE('',(#599,#338),#417,.T.);
#3315=ADVANCED_FACE('',(#600),#147,.T.);
#3316=ADVANCED_FACE('',(#601),#418,.T.);
#3317=ADVANCED_FACE('',(#602),#161,.F.);
#3318=ADVANCED_FACE('',(#603,#339),#419,.T.);
#3319=ADVANCED_FACE('',(#604),#3140,.T.);
#3320=ADVANCED_FACE('',(#605),#420,.F.);
#3321=ADVANCED_FACE('',(#606),#421,.F.);
#3322=ADVANCED_FACE('',(#607),#422,.F.);
#3323=ADVANCED_FACE('',(#608),#423,.F.);
#3324=ADVANCED_FACE('',(#609),#424,.F.);
#3325=ADVANCED_FACE('',(#610),#425,.F.);
#3326=ADVANCED_FACE('',(#611),#148,.F.);
#3327=CLOSED_SHELL('',(#3141,#3142,#3143,#3144,#3145,#3146,#3147,#3148,
#3149,#3150,#3151,#3152,#3153,#3154,#3155,#3156,#3157,#3158,#3159,#3160));
#3328=CLOSED_SHELL('',(#3161,#3162,#3163,#3164,#3165,#3166,#3167,#3168,
#3169,#3170,#3171,#3172,#3173,#3174,#3175,#3176,#3177,#3178,#3179,#3180,
#3181,#3182,#3183,#3184,#3185,#3186,#3187,#3188,#3189,#3190,#3191,#3192,
#3193,#3194,#3195,#3196,#3197,#3198,#3199,#3200,#3201,#3202,#3203,#3204,
#3205,#3206,#3207,#3208,#3209,#3210,#3211,#3212,#3213,#3214,#3215,#3216,
#3217,#3218,#3219,#3220,#3221,#3222,#3223,#3224,#3225,#3226,#3227,#3228,
#3229,#3230,#3231,#3232,#3233,#3234,#3235,#3236,#3237,#3238,#3239,#3240,
#3241,#3242,#3243,#3244,#3245,#3246,#3247,#3248,#3249,#3250,#3251,#3252,
#3253,#3254,#3255,#3256,#3257,#3258,#3259,#3260,#3261,#3262,#3263,#3264,
#3265,#3266,#3267,#3268,#3269,#3270,#3271,#3272,#3273,#3274,#3275,#3276,
#3277,#3278,#3279,#3280,#3281,#3282,#3283,#3284,#3285,#3286,#3287,#3288,
#3289,#3290,#3291,#3292,#3293,#3294,#3295,#3296,#3297,#3298,#3299,#3300,
#3301,#3302,#3303,#3304,#3305,#3306));
#3329=CLOSED_SHELL('',(#3312,#3313,#3314,#3315,#3316,#3317,#3318,#3319,
#3320,#3321,#3322,#3323,#3324,#3325,#3326));
#3330=DERIVED_UNIT_ELEMENT(#3339,1.);
#3331=DERIVED_UNIT_ELEMENT(#10207,-3.);
#3332=DERIVED_UNIT_ELEMENT(#3339,1.);
#3333=DERIVED_UNIT_ELEMENT(#10207,-3.);
#3334=DERIVED_UNIT_ELEMENT(#3339,1.);
#3335=DERIVED_UNIT_ELEMENT(#10207,-3.);
#3336=DERIVED_UNIT_ELEMENT(#3339,1.);
#3337=DERIVED_UNIT_ELEMENT(#10207,-3.);
#3338=DIMENSIONAL_EXPONENTS(0.,1.,0.,0.,0.,0.,0.);
#3339=(
CONVERSION_BASED_UNIT('gram',#3341)
MASS_UNIT()
NAMED_UNIT(#3338)
);
#3340=(
MASS_UNIT()
NAMED_UNIT(*)
SI_UNIT(.KILO.,.GRAM.)
);
#3341=MASS_MEASURE_WITH_UNIT(MASS_MEASURE(0.001),#3340);
#3342=DERIVED_UNIT((#3330,#3331));
#3343=DERIVED_UNIT((#3332,#3333));
#3344=DERIVED_UNIT((#3334,#3335));
#3345=DERIVED_UNIT((#3336,#3337));
#3346=MEASURE_REPRESENTATION_ITEM('density measure',
POSITIVE_RATIO_MEASURE(2.68),#3342);
#3347=MEASURE_REPRESENTATION_ITEM('density measure',
POSITIVE_RATIO_MEASURE(2.7),#3343);
#3348=MEASURE_REPRESENTATION_ITEM('density measure',
POSITIVE_RATIO_MEASURE(1.),#3344);
#3349=MEASURE_REPRESENTATION_ITEM('density measure',
POSITIVE_RATIO_MEASURE(8.83),#3345);
#3350=PROPERTY_DEFINITION_REPRESENTATION(#3370,#3358);
#3351=PROPERTY_DEFINITION_REPRESENTATION(#3371,#3359);
#3352=PROPERTY_DEFINITION_REPRESENTATION(#3372,#3360);
#3353=PROPERTY_DEFINITION_REPRESENTATION(#3373,#3361);
#3354=PROPERTY_DEFINITION_REPRESENTATION(#3374,#3362);
#3355=PROPERTY_DEFINITION_REPRESENTATION(#3375,#3363);
#3356=PROPERTY_DEFINITION_REPRESENTATION(#3376,#3364);
#3357=PROPERTY_DEFINITION_REPRESENTATION(#3377,#3365);
#3358=REPRESENTATION('material name',(#3366),#10200);
#3359=REPRESENTATION('density',(#3346),#10200);
#3360=REPRESENTATION('material name',(#3367),#10202);
#3361=REPRESENTATION('density',(#3347),#10202);
#3362=REPRESENTATION('material name',(#3368),#10203);
#3363=REPRESENTATION('density',(#3348),#10203);
#3364=REPRESENTATION('material name',(#3369),#10204);
#3365=REPRESENTATION('density',(#3349),#10204);
#3366=DESCRIPTIVE_REPRESENTATION_ITEM('AL5052','AL5052');
#3367=DESCRIPTIVE_REPRESENTATION_ITEM('AL6061','AL6061');
#3368=DESCRIPTIVE_REPRESENTATION_ITEM('\X2\C77CBC18\X0\','\X2\C77CBC18\X0\');
#3369=DESCRIPTIVE_REPRESENTATION_ITEM('SCM435','SCM435');
#3370=PROPERTY_DEFINITION('material property','material name',#10240);
#3371=PROPERTY_DEFINITION('material property','density of part',#10240);
#3372=PROPERTY_DEFINITION('material property','material name',#10242);
#3373=PROPERTY_DEFINITION('material property','density of part',#10242);
#3374=PROPERTY_DEFINITION('material property','material name',#10243);
#3375=PROPERTY_DEFINITION('material property','density of part',#10243);
#3376=PROPERTY_DEFINITION('material property','material name',#10244);
#3377=PROPERTY_DEFINITION('material property','density of part',#10244);
#3378=PRESENTATION_STYLE_ASSIGNMENT((#3394));
#3379=PRESENTATION_STYLE_ASSIGNMENT((#3395));
#3380=PRESENTATION_STYLE_ASSIGNMENT((#3396));
#3381=PRESENTATION_STYLE_ASSIGNMENT((#3397));
#3382=PRESENTATION_STYLE_ASSIGNMENT((#3398));
#3383=PRESENTATION_STYLE_ASSIGNMENT((#3399));
#3384=PRESENTATION_STYLE_ASSIGNMENT((#3400));
#3385=PRESENTATION_STYLE_ASSIGNMENT((#3401));
#3386=PRESENTATION_STYLE_ASSIGNMENT((#3402));
#3387=PRESENTATION_STYLE_ASSIGNMENT((NULL_STYLE(.NULL.)));
#3388=PRESENTATION_STYLE_ASSIGNMENT((NULL_STYLE(.NULL.)));
#3389=PRESENTATION_STYLE_ASSIGNMENT((NULL_STYLE(.NULL.)));
#3390=PRESENTATION_STYLE_ASSIGNMENT((NULL_STYLE(.NULL.)));
#3391=PRESENTATION_STYLE_ASSIGNMENT((NULL_STYLE(.NULL.)));
#3392=PRESENTATION_STYLE_ASSIGNMENT((NULL_STYLE(.NULL.)));
#3393=PRESENTATION_STYLE_ASSIGNMENT((NULL_STYLE(.NULL.)));
#3394=SURFACE_STYLE_USAGE(.BOTH.,#3421);
#3395=SURFACE_STYLE_USAGE(.BOTH.,#3422);
#3396=SURFACE_STYLE_USAGE(.BOTH.,#3423);
#3397=SURFACE_STYLE_USAGE(.BOTH.,#3424);
#3398=SURFACE_STYLE_USAGE(.BOTH.,#3425);
#3399=SURFACE_STYLE_USAGE(.BOTH.,#3426);
#3400=SURFACE_STYLE_USAGE(.BOTH.,#3427);
#3401=SURFACE_STYLE_USAGE(.BOTH.,#3428);
#3402=SURFACE_STYLE_USAGE(.BOTH.,#3429);
#3403=SURFACE_STYLE_RENDERING_WITH_PROPERTIES($,#3457,(#3412));
#3404=SURFACE_STYLE_RENDERING_WITH_PROPERTIES($,#3458,(#3413));
#3405=SURFACE_STYLE_RENDERING_WITH_PROPERTIES($,#3459,(#3414));
#3406=SURFACE_STYLE_RENDERING_WITH_PROPERTIES($,#3460,(#3415));
#3407=SURFACE_STYLE_RENDERING_WITH_PROPERTIES($,#3461,(#3416));
#3408=SURFACE_STYLE_RENDERING_WITH_PROPERTIES($,#3462,(#3417));
#3409=SURFACE_STYLE_RENDERING_WITH_PROPERTIES($,#3463,(#3418));
#3410=SURFACE_STYLE_RENDERING_WITH_PROPERTIES($,#3464,(#3419));
#3411=SURFACE_STYLE_RENDERING_WITH_PROPERTIES($,#3465,(#3420));
#3412=SURFACE_STYLE_TRANSPARENT(0.);
#3413=SURFACE_STYLE_TRANSPARENT(0.);
#3414=SURFACE_STYLE_TRANSPARENT(0.);
#3415=SURFACE_STYLE_TRANSPARENT(0.);
#3416=SURFACE_STYLE_TRANSPARENT(0.);
#3417=SURFACE_STYLE_TRANSPARENT(0.);
#3418=SURFACE_STYLE_TRANSPARENT(0.);
#3419=SURFACE_STYLE_TRANSPARENT(0.);
#3420=SURFACE_STYLE_TRANSPARENT(0.);
#3421=SURFACE_SIDE_STYLE('',(#3430,#3403));
#3422=SURFACE_SIDE_STYLE('',(#3431,#3404));
#3423=SURFACE_SIDE_STYLE('',(#3432,#3405));
#3424=SURFACE_SIDE_STYLE('',(#3433,#3406));
#3425=SURFACE_SIDE_STYLE('',(#3434,#3407));
#3426=SURFACE_SIDE_STYLE('',(#3435,#3408));
#3427=SURFACE_SIDE_STYLE('',(#3436,#3409));
#3428=SURFACE_SIDE_STYLE('',(#3437,#3410));
#3429=SURFACE_SIDE_STYLE('',(#3438,#3411));
#3430=SURFACE_STYLE_FILL_AREA(#3439);
#3431=SURFACE_STYLE_FILL_AREA(#3440);
#3432=SURFACE_STYLE_FILL_AREA(#3441);
#3433=SURFACE_STYLE_FILL_AREA(#3442);
#3434=SURFACE_STYLE_FILL_AREA(#3443);
#3435=SURFACE_STYLE_FILL_AREA(#3444);
#3436=SURFACE_STYLE_FILL_AREA(#3445);
#3437=SURFACE_STYLE_FILL_AREA(#3446);
#3438=SURFACE_STYLE_FILL_AREA(#3447);
#3439=FILL_AREA_STYLE('',(#3448));
#3440=FILL_AREA_STYLE('',(#3449));
#3441=FILL_AREA_STYLE('',(#3450));
#3442=FILL_AREA_STYLE('',(#3451));
#3443=FILL_AREA_STYLE('',(#3452));
#3444=FILL_AREA_STYLE('',(#3453));
#3445=FILL_AREA_STYLE('',(#3454));
#3446=FILL_AREA_STYLE('',(#3455));
#3447=FILL_AREA_STYLE('',(#3456));
#3448=FILL_AREA_STYLE_COLOUR('',#3457);
#3449=FILL_AREA_STYLE_COLOUR('',#3458);
#3450=FILL_AREA_STYLE_COLOUR('',#3459);
#3451=FILL_AREA_STYLE_COLOUR('',#3460);
#3452=FILL_AREA_STYLE_COLOUR('',#3461);
#3453=FILL_AREA_STYLE_COLOUR('',#3462);
#3454=FILL_AREA_STYLE_COLOUR('',#3463);
#3455=FILL_AREA_STYLE_COLOUR('',#3464);
#3456=FILL_AREA_STYLE_COLOUR('',#3465);
#3457=COLOUR_RGB('',0.376470588235294,0.376470588235294,0.376470588235294);
#3458=COLOUR_RGB('',0.270588235294118,0.270588235294118,0.270588235294118);
#3459=COLOUR_RGB('',0.376470588235294,0.376470588235294,0.376470588235294);
#3460=COLOUR_RGB('',0.796078431372549,0.823529411764706,0.933333333333333);
#3461=COLOUR_RGB('',1.,0.937254901960784,0.67843137254902);
#3462=COLOUR_RGB('',0.376470588235294,0.376470588235294,0.376470588235294);
#3463=COLOUR_RGB('',0.376470588235294,0.376470588235294,0.376470588235294);
#3464=COLOUR_RGB('',0.270588235294118,0.270588235294118,0.270588235294118);
#3465=COLOUR_RGB('',0.254901960784314,0.254901960784314,0.254901960784314);
#3466=DATE_TIME_ROLE('creation_date');
#3467=DATE_TIME_ROLE('creation_date');
#3468=DATE_TIME_ROLE('creation_date');
#3469=DATE_TIME_ROLE('creation_date');
#3470=DATE_TIME_ROLE('creation_date');
#3471=DATE_TIME_ROLE('creation_date');
#3472=APPLIED_DATE_AND_TIME_ASSIGNMENT(#3478,#3466,(#10239));
#3473=APPLIED_DATE_AND_TIME_ASSIGNMENT(#3479,#3467,(#10240));
#3474=APPLIED_DATE_AND_TIME_ASSIGNMENT(#3480,#3468,(#10241));
#3475=APPLIED_DATE_AND_TIME_ASSIGNMENT(#3481,#3469,(#10242));
#3476=APPLIED_DATE_AND_TIME_ASSIGNMENT(#3482,#3470,(#10243));
#3477=APPLIED_DATE_AND_TIME_ASSIGNMENT(#3483,#3471,(#10244));
#3478=DATE_AND_TIME(#3484,#3490);
#3479=DATE_AND_TIME(#3485,#3491);
#3480=DATE_AND_TIME(#3486,#3492);
#3481=DATE_AND_TIME(#3487,#3493);
#3482=DATE_AND_TIME(#3488,#3494);
#3483=DATE_AND_TIME(#3489,#3495);
#3484=CALENDAR_DATE(2026,23,2);
#3485=CALENDAR_DATE(2025,24,7);
#3486=CALENDAR_DATE(2025,20,5);
#3487=CALENDAR_DATE(2023,12,10);
#3488=CALENDAR_DATE(2025,20,5);
#3489=CALENDAR_DATE(2023,23,3);
#3490=LOCAL_TIME(21,6,27.,#3496);
#3491=LOCAL_TIME(0,0,0.,#3497);
#3492=LOCAL_TIME(0,0,0.,#3498);
#3493=LOCAL_TIME(0,0,0.,#3499);
#3494=LOCAL_TIME(0,0,0.,#3500);
#3495=LOCAL_TIME(0,0,0.,#3501);
#3496=COORDINATED_UNIVERSAL_TIME_OFFSET(0,0,.BEHIND.);
#3497=COORDINATED_UNIVERSAL_TIME_OFFSET(0,0,.BEHIND.);
#3498=COORDINATED_UNIVERSAL_TIME_OFFSET(0,0,.BEHIND.);
#3499=COORDINATED_UNIVERSAL_TIME_OFFSET(0,0,.BEHIND.);
#3500=COORDINATED_UNIVERSAL_TIME_OFFSET(0,0,.BEHIND.);
#3501=COORDINATED_UNIVERSAL_TIME_OFFSET(0,0,.BEHIND.);
#3502=AXIS2_PLACEMENT_3D('',#4750,#3830,#3831);
#3503=AXIS2_PLACEMENT_3D('',#4751,#3832,#3833);
#3504=AXIS2_PLACEMENT_3D('',#4752,#3834,#3835);
#3505=AXIS2_PLACEMENT_3D('',#4755,#3836,#3837);
#3506=AXIS2_PLACEMENT_3D('',#4759,#3839,#3840);
#3507=AXIS2_PLACEMENT_3D('',#4761,#3842,#3843);
#3508=AXIS2_PLACEMENT_3D('',#4765,#3845,#3846);
#3509=AXIS2_PLACEMENT_3D('',#4773,#3850,#3851);
#3510=AXIS2_PLACEMENT_3D('',#4775,#3853,#3854);
#3511=AXIS2_PLACEMENT_3D('',#4779,#3856,#3857);
#3512=AXIS2_PLACEMENT_3D('',#4784,#3860,#3861);
#3513=AXIS2_PLACEMENT_3D('',#4786,#3862,#3863);
#3514=AXIS2_PLACEMENT_3D('',#4788,#3864,#3865);
#3515=AXIS2_PLACEMENT_3D('',#4790,#3866,#3867);
#3516=AXIS2_PLACEMENT_3D('',#4791,#3868,#3869);
#3517=AXIS2_PLACEMENT_3D('',#4794,#3870,#3871);
#3518=AXIS2_PLACEMENT_3D('',#4797,#3874,#3875);
#3519=AXIS2_PLACEMENT_3D('',#4801,#3877,#3878);
#3520=AXIS2_PLACEMENT_3D('',#4808,#3882,#3883);
#3521=AXIS2_PLACEMENT_3D('',#4809,#3884,#3885);
#3522=AXIS2_PLACEMENT_3D('',#4811,#3886,#3887);
#3523=AXIS2_PLACEMENT_3D('',#4813,#3888,#3889);
#3524=AXIS2_PLACEMENT_3D('',#4815,#3891,#3892);
#3525=AXIS2_PLACEMENT_3D('',#4821,#3896,#3897);
#3526=AXIS2_PLACEMENT_3D('',#4823,#3899,#3900);
#3527=AXIS2_PLACEMENT_3D('',#4825,#3901,#3902);
#3528=AXIS2_PLACEMENT_3D('',#4827,#3903,#3904);
#3529=AXIS2_PLACEMENT_3D('',#4828,#3905,#3906);
#3530=AXIS2_PLACEMENT_3D('',#4829,#3907,#3908);
#3531=AXIS2_PLACEMENT_3D('',#4830,#3909,#3910);
#3532=AXIS2_PLACEMENT_3D('',#4833,#3912,#3913);
#3533=AXIS2_PLACEMENT_3D('',#4834,#3914,#3915);
#3534=AXIS2_PLACEMENT_3D('',#4837,#3917,#3918);
#3535=AXIS2_PLACEMENT_3D('',#4838,#3919,#3920);
#3536=AXIS2_PLACEMENT_3D('',#4841,#3922,#3923);
#3537=AXIS2_PLACEMENT_3D('',#4842,#3924,#3925);
#3538=AXIS2_PLACEMENT_3D('',#4845,#3927,#3928);
#3539=AXIS2_PLACEMENT_3D('',#4846,#3929,#3930);
#3540=AXIS2_PLACEMENT_3D('',#4849,#3932,#3933);
#3541=AXIS2_PLACEMENT_3D('',#4850,#3934,#3935);
#3542=AXIS2_PLACEMENT_3D('',#4853,#3937,#3938);
#3543=AXIS2_PLACEMENT_3D('',#4854,#3939,#3940);
#3544=AXIS2_PLACEMENT_3D('',#4855,#3941,#3942);
#3545=AXIS2_PLACEMENT_3D('',#4858,#3945,#3946);
#3546=AXIS2_PLACEMENT_3D('',#4860,#3948,#3949);
#3547=AXIS2_PLACEMENT_3D('',#4861,#3950,#3951);
#3548=AXIS2_PLACEMENT_3D('view reference',#4862,#3952,#3953);
#3549=AXIS2_PLACEMENT_3D('view window',#4863,#3954,#3955);
#3550=AXIS2_PLACEMENT_3D('view reference',#4865,#3956,#3957);
#3551=AXIS2_PLACEMENT_3D('view window',#4866,#3958,#3959);
#3552=AXIS2_PLACEMENT_3D('view reference',#4868,#3960,#3961);
#3553=AXIS2_PLACEMENT_3D('view window',#4869,#3962,#3963);
#3554=AXIS2_PLACEMENT_3D('view reference',#4871,#3964,#3965);
#3555=AXIS2_PLACEMENT_3D('view window',#4872,#3966,#3967);
#3556=AXIS2_PLACEMENT_3D('',#4874,#3968,#3969);
#3557=AXIS2_PLACEMENT_3D('',#4875,#3970,#3971);
#3558=AXIS2_PLACEMENT_3D('',#4876,#3972,#3973);
#3559=AXIS2_PLACEMENT_3D('',#4878,#3974,#3975);
#3560=AXIS2_PLACEMENT_3D('',#4881,#3977,#3978);
#3561=AXIS2_PLACEMENT_3D('',#4882,#3979,#3980);
#3562=AXIS2_PLACEMENT_3D('',#4883,#3981,#3982);
#3563=AXIS2_PLACEMENT_3D('',#4885,#3983,#3984);
#3564=AXIS2_PLACEMENT_3D('',#4888,#3986,#3987);
#3565=AXIS2_PLACEMENT_3D('',#4889,#3988,#3989);
#3566=AXIS2_PLACEMENT_3D('',#4890,#3990,#3991);
#3567=AXIS2_PLACEMENT_3D('',#5220,#3996,#3997);
#3568=AXIS2_PLACEMENT_3D('',#5222,#3998,#3999);
#3569=AXIS2_PLACEMENT_3D('',#5223,#4000,#4001);
#3570=AXIS2_PLACEMENT_3D('',#5226,#4002,#4003);
#3571=AXIS2_PLACEMENT_3D('',#5230,#4005,#4006);
#3572=AXIS2_PLACEMENT_3D('',#5234,#4008,#4009);
#3573=AXIS2_PLACEMENT_3D('',#5238,#4011,#4012);
#3574=AXIS2_PLACEMENT_3D('',#5240,#4014,#4015);
#3575=AXIS2_PLACEMENT_3D('',#5246,#4019,#4020);
#3576=AXIS2_PLACEMENT_3D('',#5248,#4021,#4022);
#3577=AXIS2_PLACEMENT_3D('',#5250,#4024,#4025);
#3578=AXIS2_PLACEMENT_3D('',#5254,#4028,#4029);
#3579=AXIS2_PLACEMENT_3D('',#5256,#4030,#4031);
#3580=AXIS2_PLACEMENT_3D('',#5258,#4033,#4034);
#3581=AXIS2_PLACEMENT_3D('',#5262,#4037,#4038);
#3582=AXIS2_PLACEMENT_3D('',#5264,#4039,#4040);
#3583=AXIS2_PLACEMENT_3D('',#5266,#4042,#4043);
#3584=AXIS2_PLACEMENT_3D('',#5270,#4046,#4047);
#3585=AXIS2_PLACEMENT_3D('',#5271,#4048,#4049);
#3586=AXIS2_PLACEMENT_3D('',#5272,#4050,#4051);
#3587=AXIS2_PLACEMENT_3D('',#5453,#4060,#4061);
#3588=AXIS2_PLACEMENT_3D('',#5525,#4067,#4068);
#3589=AXIS2_PLACEMENT_3D('',#5594,#4073,#4074);
#3590=AXIS2_PLACEMENT_3D('',#5726,#4080,#4081);
#3591=AXIS2_PLACEMENT_3D('',#5803,#4084,#4085);
#3592=AXIS2_PLACEMENT_3D('',#5830,#4086,#4087);
#3593=AXIS2_PLACEMENT_3D('',#5837,#4088,#4089);
#3594=AXIS2_PLACEMENT_3D('',#5840,#4090,#4091);
#3595=AXIS2_PLACEMENT_3D('',#5917,#4094,#4095);
#3596=AXIS2_PLACEMENT_3D('',#5948,#4096,#4097);
#3597=AXIS2_PLACEMENT_3D('',#5951,#4098,#4099);
#3598=AXIS2_PLACEMENT_3D('',#6028,#4102,#4103);
#3599=AXIS2_PLACEMENT_3D('',#6059,#4104,#4105);
#3600=AXIS2_PLACEMENT_3D('',#6063,#4107,#4108);
#3601=AXIS2_PLACEMENT_3D('',#6145,#4110,#4111);
#3602=AXIS2_PLACEMENT_3D('',#6170,#4112,#4113);
#3603=AXIS2_PLACEMENT_3D('',#6173,#4116,#4117);
#3604=AXIS2_PLACEMENT_3D('',#6372,#4124,#4125);
#3605=AXIS2_PLACEMENT_3D('',#6464,#4129,#4130);
#3606=AXIS2_PLACEMENT_3D('',#6556,#4134,#4135);
#3607=AXIS2_PLACEMENT_3D('',#6648,#4139,#4140);
#3608=AXIS2_PLACEMENT_3D('',#6650,#4142,#4143);
#3609=AXIS2_PLACEMENT_3D('',#6702,#4147,#4148);
#3610=AXIS2_PLACEMENT_3D('',#6753,#4151,#4152);
#3611=AXIS2_PLACEMENT_3D('',#6804,#4155,#4156);
#3612=AXIS2_PLACEMENT_3D('',#6927,#4158,#4159);
#3613=AXIS2_PLACEMENT_3D('',#6953,#4160,#4161);
#3614=AXIS2_PLACEMENT_3D('',#6954,#4162,#4163);
#3615=AXIS2_PLACEMENT_3D('',#6957,#4165,#4166);
#3616=AXIS2_PLACEMENT_3D('',#7055,#4167,#4168);
#3617=AXIS2_PLACEMENT_3D('',#7056,#4169,#4170);
#3618=AXIS2_PLACEMENT_3D('',#7058,#4171,#4172);
#3619=AXIS2_PLACEMENT_3D('',#7133,#4174,#4175);
#3620=AXIS2_PLACEMENT_3D('',#7158,#4176,#4177);
#3621=AXIS2_PLACEMENT_3D('',#7160,#4178,#4179);
#3622=AXIS2_PLACEMENT_3D('',#7259,#4181,#4182);
#3623=AXIS2_PLACEMENT_3D('',#7260,#4183,#4184);
#3624=AXIS2_PLACEMENT_3D('',#7262,#4186,#4187);
#3625=AXIS2_PLACEMENT_3D('',#7263,#4188,#4189);
#3626=AXIS2_PLACEMENT_3D('',#7265,#4190,#4191);
#3627=AXIS2_PLACEMENT_3D('',#7266,#4192,#4193);
#3628=AXIS2_PLACEMENT_3D('',#7269,#4195,#4196);
#3629=AXIS2_PLACEMENT_3D('',#7270,#4197,#4198);
#3630=AXIS2_PLACEMENT_3D('',#7272,#4199,#4200);
#3631=AXIS2_PLACEMENT_3D('',#7273,#4201,#4202);
#3632=AXIS2_PLACEMENT_3D('',#7276,#4204,#4205);
#3633=AXIS2_PLACEMENT_3D('',#7277,#4206,#4207);
#3634=AXIS2_PLACEMENT_3D('',#7282,#4209,#4210);
#3635=AXIS2_PLACEMENT_3D('',#7285,#4212,#4213);
#3636=AXIS2_PLACEMENT_3D('',#7286,#4214,#4215);
#3637=AXIS2_PLACEMENT_3D('',#7292,#4219,#4220);
#3638=AXIS2_PLACEMENT_3D('',#7296,#4222,#4223);
#3639=AXIS2_PLACEMENT_3D('',#7297,#4224,#4225);
#3640=AXIS2_PLACEMENT_3D('',#7298,#4226,#4227);
#3641=AXIS2_PLACEMENT_3D('',#7304,#4231,#4232);
#3642=AXIS2_PLACEMENT_3D('',#7308,#4234,#4235);
#3643=AXIS2_PLACEMENT_3D('',#7309,#4236,#4237);
#3644=AXIS2_PLACEMENT_3D('',#7310,#4238,#4239);
#3645=AXIS2_PLACEMENT_3D('',#7316,#4243,#4244);
#3646=AXIS2_PLACEMENT_3D('',#7320,#4246,#4247);
#3647=AXIS2_PLACEMENT_3D('',#7321,#4248,#4249);
#3648=AXIS2_PLACEMENT_3D('',#7322,#4250,#4251);
#3649=AXIS2_PLACEMENT_3D('',#7328,#4255,#4256);
#3650=AXIS2_PLACEMENT_3D('',#7332,#4258,#4259);
#3651=AXIS2_PLACEMENT_3D('',#7333,#4260,#4261);
#3652=AXIS2_PLACEMENT_3D('',#7334,#4262,#4263);
#3653=AXIS2_PLACEMENT_3D('',#7337,#4266,#4267);
#3654=AXIS2_PLACEMENT_3D('',#7339,#4268,#4269);
#3655=AXIS2_PLACEMENT_3D('',#7342,#4271,#4272);
#3656=AXIS2_PLACEMENT_3D('',#7343,#4273,#4274);
#3657=AXIS2_PLACEMENT_3D('',#7345,#4275,#4276);
#3658=AXIS2_PLACEMENT_3D('',#7348,#4278,#4279);
#3659=AXIS2_PLACEMENT_3D('',#7349,#4280,#4281);
#3660=AXIS2_PLACEMENT_3D('',#7352,#4283,#4284);
#3661=AXIS2_PLACEMENT_3D('',#7353,#4285,#4286);
#3662=AXIS2_PLACEMENT_3D('',#7357,#4288,#4289);
#3663=AXIS2_PLACEMENT_3D('',#7359,#4291,#4292);
#3664=AXIS2_PLACEMENT_3D('',#7363,#4295,#4296);
#3665=AXIS2_PLACEMENT_3D('',#7365,#4297,#4298);
#3666=AXIS2_PLACEMENT_3D('',#7367,#4300,#4301);
#3667=AXIS2_PLACEMENT_3D('',#7371,#4304,#4305);
#3668=AXIS2_PLACEMENT_3D('',#7373,#4306,#4307);
#3669=AXIS2_PLACEMENT_3D('',#7375,#4309,#4310);
#3670=AXIS2_PLACEMENT_3D('',#7379,#4313,#4314);
#3671=AXIS2_PLACEMENT_3D('',#7381,#4315,#4316);
#3672=AXIS2_PLACEMENT_3D('',#7383,#4318,#4319);
#3673=AXIS2_PLACEMENT_3D('',#7387,#4322,#4323);
#3674=AXIS2_PLACEMENT_3D('',#7389,#4324,#4325);
#3675=AXIS2_PLACEMENT_3D('',#7391,#4327,#4328);
#3676=AXIS2_PLACEMENT_3D('',#7393,#4330,#4331);
#3677=AXIS2_PLACEMENT_3D('',#7396,#4333,#4334);
#3678=AXIS2_PLACEMENT_3D('',#7397,#4335,#4336);
#3679=AXIS2_PLACEMENT_3D('',#7400,#4338,#4339);
#3680=AXIS2_PLACEMENT_3D('',#7401,#4340,#4341);
#3681=AXIS2_PLACEMENT_3D('',#7480,#4348,#4349);
#3682=AXIS2_PLACEMENT_3D('',#7524,#4353,#4354);
#3683=AXIS2_PLACEMENT_3D('',#7568,#4358,#4359);
#3684=AXIS2_PLACEMENT_3D('',#7612,#4363,#4364);
#3685=AXIS2_PLACEMENT_3D('',#7614,#4366,#4367);
#3686=AXIS2_PLACEMENT_3D('',#7615,#4368,#4369);
#3687=AXIS2_PLACEMENT_3D('',#7679,#4370,#4371);
#3688=AXIS2_PLACEMENT_3D('',#7680,#4372,#4373);
#3689=AXIS2_PLACEMENT_3D('',#7681,#4374,#4375);
#3690=AXIS2_PLACEMENT_3D('',#7682,#4376,#4377);
#3691=AXIS2_PLACEMENT_3D('',#7683,#4378,#4379);
#3692=AXIS2_PLACEMENT_3D('',#7684,#4380,#4381);
#3693=AXIS2_PLACEMENT_3D('',#7748,#4382,#4383);
#3694=AXIS2_PLACEMENT_3D('',#7812,#4384,#4385);
#3695=AXIS2_PLACEMENT_3D('',#7813,#4386,#4387);
#3696=AXIS2_PLACEMENT_3D('',#7814,#4388,#4389);
#3697=AXIS2_PLACEMENT_3D('',#7815,#4390,#4391);
#3698=AXIS2_PLACEMENT_3D('',#7816,#4392,#4393);
#3699=AXIS2_PLACEMENT_3D('',#7880,#4394,#4395);
#3700=AXIS2_PLACEMENT_3D('',#7883,#4396,#4397);
#3701=AXIS2_PLACEMENT_3D('',#7887,#4399,#4400);
#3702=AXIS2_PLACEMENT_3D('',#7891,#4402,#4403);
#3703=AXIS2_PLACEMENT_3D('',#7895,#4405,#4406);
#3704=AXIS2_PLACEMENT_3D('',#7899,#4408,#4409);
#3705=AXIS2_PLACEMENT_3D('',#7903,#4411,#4412);
#3706=AXIS2_PLACEMENT_3D('',#7907,#4414,#4415);
#3707=AXIS2_PLACEMENT_3D('',#7911,#4417,#4418);
#3708=AXIS2_PLACEMENT_3D('',#7915,#4420,#4421);
#3709=AXIS2_PLACEMENT_3D('',#7917,#4423,#4424);
#3710=AXIS2_PLACEMENT_3D('',#7921,#4426,#4427);
#3711=AXIS2_PLACEMENT_3D('',#7923,#4429,#4430);
#3712=AXIS2_PLACEMENT_3D('',#7927,#4433,#4434);
#3713=AXIS2_PLACEMENT_3D('',#7929,#4435,#4436);
#3714=AXIS2_PLACEMENT_3D('',#7931,#4438,#4439);
#3715=AXIS2_PLACEMENT_3D('',#7935,#4442,#4443);
#3716=AXIS2_PLACEMENT_3D('',#7937,#4444,#4445);
#3717=AXIS2_PLACEMENT_3D('',#7939,#4447,#4448);
#3718=AXIS2_PLACEMENT_3D('',#7943,#4451,#4452);
#3719=AXIS2_PLACEMENT_3D('',#7945,#4453,#4454);
#3720=AXIS2_PLACEMENT_3D('',#7947,#4456,#4457);
#3721=AXIS2_PLACEMENT_3D('',#7951,#4460,#4461);
#3722=AXIS2_PLACEMENT_3D('',#7953,#4462,#4463);
#3723=AXIS2_PLACEMENT_3D('',#7955,#4465,#4466);
#3724=AXIS2_PLACEMENT_3D('',#7959,#4469,#4470);
#3725=AXIS2_PLACEMENT_3D('',#7961,#4471,#4472);
#3726=AXIS2_PLACEMENT_3D('',#7963,#4474,#4475);
#3727=AXIS2_PLACEMENT_3D('',#7967,#4478,#4479);
#3728=AXIS2_PLACEMENT_3D('',#7969,#4480,#4481);
#3729=AXIS2_PLACEMENT_3D('',#7971,#4483,#4484);
#3730=AXIS2_PLACEMENT_3D('',#7975,#4487,#4488);
#3731=AXIS2_PLACEMENT_3D('',#7977,#4489,#4490);
#3732=AXIS2_PLACEMENT_3D('',#7979,#4492,#4493);
#3733=AXIS2_PLACEMENT_3D('',#7983,#4496,#4497);
#3734=AXIS2_PLACEMENT_3D('',#7985,#4498,#4499);
#3735=AXIS2_PLACEMENT_3D('',#7987,#4501,#4502);
#3736=AXIS2_PLACEMENT_3D('',#7989,#4504,#4505);
#3737=AXIS2_PLACEMENT_3D('',#8138,#4508,#4509);
#3738=AXIS2_PLACEMENT_3D('',#8288,#4513,#4514);
#3739=AXIS2_PLACEMENT_3D('',#8438,#4518,#4519);
#3740=AXIS2_PLACEMENT_3D('',#8588,#4523,#4524);
#3741=AXIS2_PLACEMENT_3D('',#8590,#4526,#4527);
#3742=AXIS2_PLACEMENT_3D('',#9281,#4534,#4535);
#3743=AXIS2_PLACEMENT_3D('',#9283,#4537,#4538);
#3744=AXIS2_PLACEMENT_3D('',#9743,#4542,#4543);
#3745=AXIS2_PLACEMENT_3D('',#9745,#4545,#4546);
#3746=AXIS2_PLACEMENT_3D('',#9975,#4548,#4549);
#3747=AXIS2_PLACEMENT_3D('',#9977,#4550,#4551);
#3748=AXIS2_PLACEMENT_3D('',#9979,#4553,#4554);
#3749=AXIS2_PLACEMENT_3D('',#9980,#4555,#4556);
#3750=AXIS2_PLACEMENT_3D('',#9982,#4557,#4558);
#3751=AXIS2_PLACEMENT_3D('',#9984,#4560,#4561);
#3752=AXIS2_PLACEMENT_3D('view reference',#9985,#4562,#4563);
#3753=AXIS2_PLACEMENT_3D('view window',#9986,#4564,#4565);
#3754=AXIS2_PLACEMENT_3D('view reference',#9988,#4566,#4567);
#3755=AXIS2_PLACEMENT_3D('view window',#9989,#4568,#4569);
#3756=AXIS2_PLACEMENT_3D('view reference',#9991,#4570,#4571);
#3757=AXIS2_PLACEMENT_3D('view window',#9992,#4572,#4573);
#3758=AXIS2_PLACEMENT_3D('view reference',#9994,#4574,#4575);
#3759=AXIS2_PLACEMENT_3D('view window',#9995,#4576,#4577);
#3760=AXIS2_PLACEMENT_3D('',#9997,#4578,#4579);
#3761=AXIS2_PLACEMENT_3D('',#9998,#4580,#4581);
#3762=AXIS2_PLACEMENT_3D('',#10005,#4585,#4586);
#3763=AXIS2_PLACEMENT_3D('',#10012,#4590,#4591);
#3764=AXIS2_PLACEMENT_3D('',#10019,#4595,#4596);
#3765=AXIS2_PLACEMENT_3D('',#10026,#4600,#4601);
#3766=AXIS2_PLACEMENT_3D('view reference',#10035,#4606,#4607);
#3767=AXIS2_PLACEMENT_3D('view window',#10036,#4608,#4609);
#3768=AXIS2_PLACEMENT_3D('view reference',#10038,#4610,#4611);
#3769=AXIS2_PLACEMENT_3D('view window',#10039,#4612,#4613);
#3770=AXIS2_PLACEMENT_3D('view reference',#10041,#4614,#4615);
#3771=AXIS2_PLACEMENT_3D('view window',#10042,#4616,#4617);
#3772=AXIS2_PLACEMENT_3D('view reference',#10044,#4618,#4619);
#3773=AXIS2_PLACEMENT_3D('view window',#10045,#4620,#4621);
#3774=AXIS2_PLACEMENT_3D('',#10047,#4622,#4623);
#3775=AXIS2_PLACEMENT_3D('',#10048,#4624,#4625);
#3776=AXIS2_PLACEMENT_3D('',#10049,#4626,#4627);
#3777=AXIS2_PLACEMENT_3D('',#10050,#4628,#4629);
#3778=AXIS2_PLACEMENT_3D('',#10051,#4630,#4631);
#3779=AXIS2_PLACEMENT_3D('',#10054,#4632,#4633);
#3780=AXIS2_PLACEMENT_3D('',#10056,#4634,#4635);
#3781=AXIS2_PLACEMENT_3D('',#10057,#4636,#4637);
#3782=AXIS2_PLACEMENT_3D('',#10058,#4638,#4639);
#3783=AXIS2_PLACEMENT_3D('',#10059,#4640,#4641);
#3784=AXIS2_PLACEMENT_3D('',#10062,#4642,#4643);
#3785=AXIS2_PLACEMENT_3D('',#10063,#4644,#4645);
#3786=AXIS2_PLACEMENT_3D('',#10065,#4647,#4648);
#3787=AXIS2_PLACEMENT_3D('',#10067,#4649,#4650);
#3788=AXIS2_PLACEMENT_3D('',#10068,#4651,#4652);
#3789=AXIS2_PLACEMENT_3D('',#10071,#4654,#4655);
#3790=AXIS2_PLACEMENT_3D('',#10072,#4656,#4657);
#3791=AXIS2_PLACEMENT_3D('',#10101,#4658,#4659);
#3792=AXIS2_PLACEMENT_3D('',#10103,#4660,#4661);
#3793=AXIS2_PLACEMENT_3D('',#10105,#4662,#4663);
#3794=AXIS2_PLACEMENT_3D('',#10106,#4664,#4665);
#3795=AXIS2_PLACEMENT_3D('',#10107,#4666,#4667);
#3796=AXIS2_PLACEMENT_3D('',#10120,#4674,#4675);
#3797=AXIS2_PLACEMENT_3D('',#10122,#4677,#4678);
#3798=AXIS2_PLACEMENT_3D('',#10130,#4681,#4682);
#3799=AXIS2_PLACEMENT_3D('',#10136,#4684,#4685);
#3800=AXIS2_PLACEMENT_3D('',#10142,#4687,#4688);
#3801=AXIS2_PLACEMENT_3D('',#10148,#4690,#4691);
#3802=AXIS2_PLACEMENT_3D('',#10158,#4693,#4694);
#3803=AXIS2_PLACEMENT_3D('',#10162,#4695,#4696);
#3804=AXIS2_PLACEMENT_3D('view reference',#10165,#4698,#4699);
#3805=AXIS2_PLACEMENT_3D('view window',#10166,#4700,#4701);
#3806=AXIS2_PLACEMENT_3D('',#10168,#4702,#4703);
#3807=AXIS2_PLACEMENT_3D('',#10169,#4704,#4705);
#3808=AXIS2_PLACEMENT_3D('',#10170,#4706,#4707);
#3809=AXIS2_PLACEMENT_3D('',#10171,#4708,#4709);
#3810=AXIS2_PLACEMENT_3D('',#10172,#4710,#4711);
#3811=AXIS2_PLACEMENT_3D('',#10173,#4712,#4713);
#3812=AXIS2_PLACEMENT_3D('',#10174,#4714,#4715);
#3813=AXIS2_PLACEMENT_3D('',#10175,#4716,#4717);
#3814=AXIS2_PLACEMENT_3D('',#10176,#4718,#4719);
#3815=AXIS2_PLACEMENT_3D('',#10177,#4720,#4721);
#3816=AXIS2_PLACEMENT_3D('',#10178,#4722,#4723);
#3817=AXIS2_PLACEMENT_3D('',#10179,#4724,#4725);
#3818=AXIS2_PLACEMENT_3D('',#10180,#4726,#4727);
#3819=AXIS2_PLACEMENT_3D('',#10181,#4728,#4729);
#3820=AXIS2_PLACEMENT_3D('',#10182,#4730,#4731);
#3821=AXIS2_PLACEMENT_3D('',#10183,#4732,#4733);
#3822=AXIS2_PLACEMENT_3D('',#10184,#4734,#4735);
#3823=AXIS2_PLACEMENT_3D('',#10185,#4736,#4737);
#3824=AXIS2_PLACEMENT_3D('',#10186,#4738,#4739);
#3825=AXIS2_PLACEMENT_3D('',#10187,#4740,#4741);
#3826=AXIS2_PLACEMENT_3D('',#10188,#4742,#4743);
#3827=AXIS2_PLACEMENT_3D('',#10189,#4744,#4745);
#3828=AXIS2_PLACEMENT_3D('',#10190,#4746,#4747);
#3829=AXIS2_PLACEMENT_3D('',#10191,#4748,#4749);
#3830=DIRECTION('axis',(0.,0.,1.));
#3831=DIRECTION('refdir',(1.,0.,0.));
#3832=DIRECTION('axis',(0.,0.,1.));
#3833=DIRECTION('refdir',(1.,0.,0.));
#3834=DIRECTION('center_axis',(0.,-0.358367949545301,-0.933580426497202));
#3835=DIRECTION('ref_axis',(-0.707106781186546,0.660141050359202,-0.253404407283401));
#3836=DIRECTION('center_axis',(0.,0.3583679495453,0.933580426497202));
#3837=DIRECTION('ref_axis',(-0.707106781186546,0.660141050359202,-0.253404407283401));
#3838=DIRECTION('',(0.,0.358367949545301,0.933580426497202));
#3839=DIRECTION('center_axis',(0.,-0.3583679495453,-0.933580426497202));
#3840=DIRECTION('ref_axis',(-0.707106781186546,0.660141050359202,-0.253404407283401));
#3841=DIRECTION('',(0.,-0.358367949545301,-0.933580426497202));
#3842=DIRECTION('center_axis',(-1.,0.,0.));
#3843=DIRECTION('ref_axis',(0.,0.,1.));
#3844=DIRECTION('',(0.,-0.933580426497202,0.3583679495453));
#3845=DIRECTION('center_axis',(1.,0.,0.));
#3846=DIRECTION('ref_axis',(0.,-0.824126188622015,-0.566406236924833));
#3847=DIRECTION('',(0.,-2.53772193050866E-16,1.));
#3848=DIRECTION('',(0.,-1.,0.));
#3849=DIRECTION('',(0.,1.39208330252084E-16,-1.));
#3850=DIRECTION('center_axis',(-1.,0.,0.));
#3851=DIRECTION('ref_axis',(0.,-0.824126188622016,-0.566406236924833));
#3852=DIRECTION('',(0.,0.933580426497202,-0.3583679495453));
#3853=DIRECTION('center_axis',(0.,-0.3583679495453,-0.933580426497202));
#3854=DIRECTION('ref_axis',(0.,0.933580426497202,-0.3583679495453));
#3855=DIRECTION('',(1.,0.,0.));
#3856=DIRECTION('center_axis',(0.,0.3583679495453,0.933580426497202));
#3857=DIRECTION('ref_axis',(0.707106781186546,0.660141050359202,-0.253404407283401));
#3858=DIRECTION('',(0.,0.933580426497202,-0.3583679495453));
#3859=DIRECTION('',(1.,0.,0.));
#3860=DIRECTION('center_axis',(0.,0.3583679495453,0.933580426497202));
#3861=DIRECTION('ref_axis',(1.,0.,0.));
#3862=DIRECTION('center_axis',(0.,0.3583679495453,0.933580426497202));
#3863=DIRECTION('ref_axis',(1.,0.,0.));
#3864=DIRECTION('center_axis',(0.,0.3583679495453,0.933580426497202));
#3865=DIRECTION('ref_axis',(1.,0.,0.));
#3866=DIRECTION('center_axis',(0.,0.3583679495453,0.933580426497202));
#3867=DIRECTION('ref_axis',(1.,0.,0.));
#3868=DIRECTION('center_axis',(0.,0.358367949545301,0.933580426497202));
#3869=DIRECTION('ref_axis',(0.707106781186546,0.660141050359202,-0.253404407283401));
#3870=DIRECTION('center_axis',(0.,-0.3583679495453,-0.933580426497202));
#3871=DIRECTION('ref_axis',(0.707106781186546,0.660141050359202,-0.253404407283401));
#3872=DIRECTION('',(0.,-0.358367949545301,-0.933580426497202));
#3873=DIRECTION('',(0.,0.358367949545301,0.933580426497202));
#3874=DIRECTION('center_axis',(1.,0.,0.));
#3875=DIRECTION('ref_axis',(0.,0.,-1.));
#3876=DIRECTION('',(0.,-0.933580426497202,0.3583679495453));
#3877=DIRECTION('center_axis',(1.,0.,0.));
#3878=DIRECTION('ref_axis',(0.,-0.824126188622016,-0.566406236924833));
#3879=DIRECTION('',(0.,-1.39208330252084E-16,1.));
#3880=DIRECTION('',(0.,1.,0.));
#3881=DIRECTION('',(0.,2.53772193050866E-16,-1.));
#3882=DIRECTION('center_axis',(-1.,0.,0.));
#3883=DIRECTION('ref_axis',(0.,-0.824126188622015,-0.566406236924833));
#3884=DIRECTION('center_axis',(0.,1.,0.));
#3885=DIRECTION('ref_axis',(-0.707106781186548,0.,0.707106781186548));
#3886=DIRECTION('center_axis',(0.,-1.,-1.39208330252084E-16));
#3887=DIRECTION('ref_axis',(-0.707106781186548,-9.8435154318905E-17,0.707106781186548));
#3888=DIRECTION('center_axis',(0.,1.,2.53772193050866E-16));
#3889=DIRECTION('ref_axis',(-0.707106781186548,-1.79444038582849E-16,0.707106781186548));
#3890=DIRECTION('',(0.,1.,0.));
#3891=DIRECTION('center_axis',(0.,0.,1.));
#3892=DIRECTION('ref_axis',(0.,-1.,0.));
#3893=DIRECTION('',(1.,0.,0.));
#3894=DIRECTION('',(0.,-1.,0.));
#3895=DIRECTION('',(1.,0.,0.));
#3896=DIRECTION('center_axis',(0.,-1.,-2.53772193050866E-16));
#3897=DIRECTION('ref_axis',(0.,2.53772193050866E-16,-1.));
#3898=DIRECTION('',(-1.,0.,0.));
#3899=DIRECTION('center_axis',(0.,1.,2.53772193050866E-16));
#3900=DIRECTION('ref_axis',(0.707106781186548,-1.79444038582849E-16,0.707106781186548));
#3901=DIRECTION('center_axis',(0.,1.,2.53772193050866E-16));
#3902=DIRECTION('ref_axis',(1.,0.,0.));
#3903=DIRECTION('center_axis',(0.,1.,2.53772193050866E-16));
#3904=DIRECTION('ref_axis',(1.,0.,0.));
#3905=DIRECTION('center_axis',(0.,-1.,0.));
#3906=DIRECTION('ref_axis',(0.707106781186548,0.,0.707106781186548));
#3907=DIRECTION('center_axis',(0.,-1.,-1.39208330252084E-16));
#3908=DIRECTION('ref_axis',(0.707106781186548,-9.8435154318905E-17,0.707106781186548));
#3909=DIRECTION('center_axis',(0.,0.3583679495453,0.933580426497202));
#3910=DIRECTION('ref_axis',(1.,0.,0.));
#3911=DIRECTION('',(0.,0.3583679495453,0.933580426497202));
#3912=DIRECTION('center_axis',(0.,-0.3583679495453,-0.933580426497202));
#3913=DIRECTION('ref_axis',(1.,0.,0.));
#3914=DIRECTION('center_axis',(0.,0.3583679495453,0.933580426497202));
#3915=DIRECTION('ref_axis',(1.,0.,0.));
#3916=DIRECTION('',(0.,0.3583679495453,0.933580426497202));
#3917=DIRECTION('center_axis',(0.,-0.3583679495453,-0.933580426497202));
#3918=DIRECTION('ref_axis',(1.,0.,0.));
#3919=DIRECTION('center_axis',(0.,0.3583679495453,0.933580426497202));
#3920=DIRECTION('ref_axis',(1.,0.,0.));
#3921=DIRECTION('',(0.,0.3583679495453,0.933580426497202));
#3922=DIRECTION('center_axis',(0.,-0.3583679495453,-0.933580426497202));
#3923=DIRECTION('ref_axis',(1.,0.,0.));
#3924=DIRECTION('center_axis',(0.,0.3583679495453,0.933580426497202));
#3925=DIRECTION('ref_axis',(1.,0.,0.));
#3926=DIRECTION('',(0.,0.3583679495453,0.933580426497202));
#3927=DIRECTION('center_axis',(0.,-0.3583679495453,-0.933580426497202));
#3928=DIRECTION('ref_axis',(1.,0.,0.));
#3929=DIRECTION('center_axis',(0.,1.,1.39208330252084E-16));
#3930=DIRECTION('ref_axis',(1.,0.,0.));
#3931=DIRECTION('',(0.,1.,1.39208330252084E-16));
#3932=DIRECTION('center_axis',(0.,-1.,-1.39208330252084E-16));
#3933=DIRECTION('ref_axis',(1.,0.,0.));
#3934=DIRECTION('center_axis',(0.,1.,1.39208330252084E-16));
#3935=DIRECTION('ref_axis',(1.,0.,0.));
#3936=DIRECTION('',(0.,1.,1.39208330252084E-16));
#3937=DIRECTION('center_axis',(0.,-1.,-1.39208330252084E-16));
#3938=DIRECTION('ref_axis',(1.,0.,0.));
#3939=DIRECTION('center_axis',(1.,0.,0.));
#3940=DIRECTION('ref_axis',(0.,-0.824126188622015,-0.566406236924833));
#3941=DIRECTION('center_axis',(-1.,0.,0.));
#3942=DIRECTION('ref_axis',(0.,-0.824126188622016,-0.566406236924833));
#3943=DIRECTION('',(-1.,0.,0.));
#3944=DIRECTION('',(1.,0.,0.));
#3945=DIRECTION('center_axis',(0.,0.3583679495453,0.933580426497202));
#3946=DIRECTION('ref_axis',(0.,-0.933580426497202,0.3583679495453));
#3947=DIRECTION('',(1.,0.,0.));
#3948=DIRECTION('center_axis',(0.,0.933580426497202,-0.358367949545301));
#3949=DIRECTION('ref_axis',(0.,0.358367949545301,0.933580426497202));
#3950=DIRECTION('center_axis',(0.,1.,1.39208330252084E-16));
#3951=DIRECTION('ref_axis',(0.,-1.39208330252084E-16,1.));
#3952=DIRECTION('center_axis',(-0.577350269189626,0.577350269189626,-0.577350269189626));
#3953=DIRECTION('ref_axis',(-0.707106781186548,-0.707106781186548,0.));
#3954=DIRECTION('center_axis',(0.,0.,1.));
#3955=DIRECTION('ref_axis',(1.,0.,0.));
#3956=DIRECTION('center_axis',(-2.22044604925031E-16,0.,-1.));
#3957=DIRECTION('ref_axis',(-1.,0.,2.22044604925031E-16));
#3958=DIRECTION('center_axis',(0.,0.,1.));
#3959=DIRECTION('ref_axis',(1.,0.,0.));
#3960=DIRECTION('center_axis',(0.,-1.,0.));
#3961=DIRECTION('ref_axis',(-1.,0.,0.));
#3962=DIRECTION('center_axis',(0.,0.,1.));
#3963=DIRECTION('ref_axis',(1.,0.,0.));
#3964=DIRECTION('center_axis',(-1.,0.,0.));
#3965=DIRECTION('ref_axis',(0.,0.,1.));
#3966=DIRECTION('center_axis',(0.,0.,1.));
#3967=DIRECTION('ref_axis',(1.,0.,0.));
#3968=DIRECTION('axis',(0.,0.,1.));
#3969=DIRECTION('refdir',(1.,0.,0.));
#3970=DIRECTION('axis',(0.,0.,1.));
#3971=DIRECTION('refdir',(1.,0.,0.));
#3972=DIRECTION('center_axis',(0.,0.,-1.));
#3973=DIRECTION('ref_axis',(1.,0.,0.));
#3974=DIRECTION('center_axis',(0.,0.,-1.));
#3975=DIRECTION('ref_axis',(1.,0.,0.));
#3976=DIRECTION('',(0.,0.,-1.));
#3977=DIRECTION('center_axis',(0.,0.,-1.));
#3978=DIRECTION('ref_axis',(1.,0.,0.));
#3979=DIRECTION('center_axis',(0.,0.,1.));
#3980=DIRECTION('ref_axis',(1.,0.,0.));
#3981=DIRECTION('center_axis',(0.,0.,-1.));
#3982=DIRECTION('ref_axis',(1.,0.,0.));
#3983=DIRECTION('center_axis',(0.,0.,-1.));
#3984=DIRECTION('ref_axis',(1.,0.,0.));
#3985=DIRECTION('',(0.,0.,-1.));
#3986=DIRECTION('center_axis',(0.,0.,-1.));
#3987=DIRECTION('ref_axis',(1.,0.,0.));
#3988=DIRECTION('center_axis',(0.,0.,1.));
#3989=DIRECTION('ref_axis',(1.,0.,0.));
#3990=DIRECTION('center_axis',(0.,0.,1.));
#3991=DIRECTION('ref_axis',(1.,0.,0.));
#3992=DIRECTION('',(1.,0.,0.));
#3993=DIRECTION('',(0.,-1.,0.));
#3994=DIRECTION('',(-1.,0.,0.));
#3995=DIRECTION('',(0.,1.,0.));
#3996=DIRECTION('center_axis',(0.,0.,-1.));
#3997=DIRECTION('ref_axis',(-1.,0.,0.));
#3998=DIRECTION('center_axis',(0.,0.,-1.));
#3999=DIRECTION('ref_axis',(-1.,0.,0.));
#4000=DIRECTION('center_axis',(1.,0.,0.));
#4001=DIRECTION('ref_axis',(0.,0.,-1.));
#4002=DIRECTION('center_axis',(1.,0.,0.));
#4003=DIRECTION('ref_axis',(0.,0.,-1.));
#4004=DIRECTION('',(0.,1.,0.));
#4005=DIRECTION('center_axis',(1.,0.,0.));
#4006=DIRECTION('ref_axis',(0.,0.,-1.));
#4007=DIRECTION('',(0.,0.,-1.));
#4008=DIRECTION('center_axis',(1.,0.,0.));
#4009=DIRECTION('ref_axis',(0.,0.,-1.));
#4010=DIRECTION('',(0.,1.,0.));
#4011=DIRECTION('center_axis',(1.,0.,0.));
#4012=DIRECTION('ref_axis',(0.,0.,-1.));
#4013=DIRECTION('',(0.,0.,1.));
#4014=DIRECTION('center_axis',(0.,0.,-1.));
#4015=DIRECTION('ref_axis',(-1.,0.,0.));
#4016=DIRECTION('',(0.,1.,0.));
#4017=DIRECTION('',(1.,0.,0.));
#4018=DIRECTION('',(1.,0.,0.));
#4019=DIRECTION('center_axis',(1.,0.,0.));
#4020=DIRECTION('ref_axis',(0.,0.,-1.));
#4021=DIRECTION('center_axis',(1.,0.,0.));
#4022=DIRECTION('ref_axis',(0.,0.,-1.));
#4023=DIRECTION('',(1.,0.,0.));
#4024=DIRECTION('center_axis',(0.,1.,0.));
#4025=DIRECTION('ref_axis',(0.,0.,1.));
#4026=DIRECTION('',(1.,0.,0.));
#4027=DIRECTION('',(0.,0.,-1.));
#4028=DIRECTION('center_axis',(1.,0.,0.));
#4029=DIRECTION('ref_axis',(0.,0.,-1.));
#4030=DIRECTION('center_axis',(1.,0.,0.));
#4031=DIRECTION('ref_axis',(0.,0.,-1.));
#4032=DIRECTION('',(1.,0.,0.));
#4033=DIRECTION('center_axis',(0.,0.,1.));
#4034=DIRECTION('ref_axis',(1.,0.,0.));
#4035=DIRECTION('',(1.,0.,0.));
#4036=DIRECTION('',(0.,1.,0.));
#4037=DIRECTION('center_axis',(1.,0.,0.));
#4038=DIRECTION('ref_axis',(0.,0.,-1.));
#4039=DIRECTION('center_axis',(1.,0.,0.));
#4040=DIRECTION('ref_axis',(0.,0.,-1.));
#4041=DIRECTION('',(1.,0.,0.));
#4042=DIRECTION('center_axis',(0.,-1.,0.));
#4043=DIRECTION('ref_axis',(0.,0.,-1.));
#4044=DIRECTION('',(0.,0.,-1.));
#4045=DIRECTION('',(1.,0.,0.));
#4046=DIRECTION('center_axis',(1.,0.,0.));
#4047=DIRECTION('ref_axis',(0.,0.,-1.));
#4048=DIRECTION('center_axis',(1.,0.,0.));
#4049=DIRECTION('ref_axis',(0.,0.,-1.));
#4050=DIRECTION('center_axis',(0.,0.,-1.));
#4051=DIRECTION('ref_axis',(-1.,0.,0.));
#4052=DIRECTION('',(0.,1.,0.));
#4053=DIRECTION('',(-1.,0.,0.));
#4054=DIRECTION('',(0.,1.,0.));
#4055=DIRECTION('',(-1.,0.,0.));
#4056=DIRECTION('',(0.,-1.,0.));
#4057=DIRECTION('',(-1.,0.,0.));
#4058=DIRECTION('',(0.,1.,0.));
#4059=DIRECTION('',(1.,0.,0.));
#4060=DIRECTION('center_axis',(-1.,0.,0.));
#4061=DIRECTION('ref_axis',(0.,0.,1.));
#4062=DIRECTION('',(0.,1.,0.));
#4063=DIRECTION('',(0.,0.,1.));
#4064=DIRECTION('',(0.,-1.,0.));
#4065=DIRECTION('',(0.,0.,1.));
#4066=DIRECTION('',(0.,0.,1.));
#4067=DIRECTION('center_axis',(0.,-1.,0.));
#4068=DIRECTION('ref_axis',(0.,0.,-1.));
#4069=DIRECTION('',(1.,0.,0.));
#4070=DIRECTION('',(0.,0.,1.));
#4071=DIRECTION('',(1.,0.,0.));
#4072=DIRECTION('',(0.,0.,1.));
#4073=DIRECTION('center_axis',(1.,0.,0.));
#4074=DIRECTION('ref_axis',(0.,0.,-1.));
#4075=DIRECTION('',(0.,1.,0.));
#4076=DIRECTION('',(0.,0.,1.));
#4077=DIRECTION('',(0.,1.,0.));
#4078=DIRECTION('',(0.,0.,1.));
#4079=DIRECTION('',(0.,0.,1.));
#4080=DIRECTION('center_axis',(0.,1.,0.));
#4081=DIRECTION('ref_axis',(0.,0.,1.));
#4082=DIRECTION('',(1.,0.,0.));
#4083=DIRECTION('',(-1.,0.,0.));
#4084=DIRECTION('center_axis',(0.,-1.,0.));
#4085=DIRECTION('ref_axis',(0.,0.,-1.));
#4086=DIRECTION('center_axis',(-1.,0.,0.));
#4087=DIRECTION('ref_axis',(0.,0.,1.));
#4088=DIRECTION('center_axis',(0.,-1.,0.));
#4089=DIRECTION('ref_axis',(0.,0.,-1.));
#4090=DIRECTION('center_axis',(-1.73472347597676E-14,-1.,1.73472347597677E-14));
#4091=DIRECTION('ref_axis',(-1.,1.73472347597676E-14,2.08064795982949E-41));
#4092=DIRECTION('',(0.,1.,0.));
#4093=DIRECTION('',(0.,1.,0.));
#4094=DIRECTION('center_axis',(1.,0.,0.));
#4095=DIRECTION('ref_axis',(0.,0.,-1.));
#4096=DIRECTION('center_axis',(1.,0.,0.));
#4097=DIRECTION('ref_axis',(0.,0.,-1.));
#4098=DIRECTION('center_axis',(1.,0.,0.));
#4099=DIRECTION('ref_axis',(0.,-1.,-3.46944695195363E-14));
#4100=DIRECTION('',(1.,0.,0.));
#4101=DIRECTION('',(1.,0.,0.));
#4102=DIRECTION('center_axis',(0.,1.,0.));
#4103=DIRECTION('ref_axis',(0.,0.,1.));
#4104=DIRECTION('center_axis',(0.,1.,0.));
#4105=DIRECTION('ref_axis',(0.,0.,1.));
#4106=DIRECTION('',(0.,1.,0.));
#4107=DIRECTION('center_axis',(1.73472347597676E-14,1.,1.73472347597677E-14));
#4108=DIRECTION('ref_axis',(1.,-1.73472347597676E-14,2.08064795982949E-41));
#4109=DIRECTION('',(0.,1.,0.));
#4110=DIRECTION('center_axis',(-1.,0.,0.));
#4111=DIRECTION('ref_axis',(0.,0.,1.));
#4112=DIRECTION('center_axis',(-1.,0.,0.));
#4113=DIRECTION('ref_axis',(0.,0.,1.));
#4114=DIRECTION('',(1.,0.,0.));
#4115=DIRECTION('',(1.,0.,0.));
#4116=DIRECTION('center_axis',(0.,0.,1.));
#4117=DIRECTION('ref_axis',(1.,0.,0.));
#4118=DIRECTION('',(0.,1.,0.));
#4119=DIRECTION('',(1.,0.,0.));
#4120=DIRECTION('',(0.,1.,0.));
#4121=DIRECTION('',(1.,0.,0.));
#4122=DIRECTION('',(0.,0.,1.));
#4123=DIRECTION('',(0.,0.,1.));
#4124=DIRECTION('center_axis',(-1.,0.,0.));
#4125=DIRECTION('ref_axis',(0.,0.,1.));
#4126=DIRECTION('',(0.,0.,-1.));
#4127=DIRECTION('',(0.,-1.,0.));
#4128=DIRECTION('',(0.,0.,-1.));
#4129=DIRECTION('center_axis',(0.,-1.,0.));
#4130=DIRECTION('ref_axis',(0.,0.,-1.));
#4131=DIRECTION('',(0.,0.,-1.));
#4132=DIRECTION('',(1.,0.,0.));
#4133=DIRECTION('',(0.,0.,-1.));
#4134=DIRECTION('center_axis',(1.,0.,0.));
#4135=DIRECTION('ref_axis',(0.,0.,-1.));
#4136=DIRECTION('',(0.,0.,-1.));
#4137=DIRECTION('',(0.,1.,0.));
#4138=DIRECTION('',(0.,0.,1.));
#4139=DIRECTION('center_axis',(0.,1.,0.));
#4140=DIRECTION('ref_axis',(0.,0.,1.));
#4141=DIRECTION('',(-1.,0.,0.));
#4142=DIRECTION('center_axis',(0.,1.,0.));
#4143=DIRECTION('ref_axis',(0.,0.,1.));
#4144=DIRECTION('',(0.,0.,-1.));
#4145=DIRECTION('',(0.,0.,1.));
#4146=DIRECTION('',(0.,0.,-1.));
#4147=DIRECTION('center_axis',(1.,0.,0.));
#4148=DIRECTION('ref_axis',(0.,0.,-1.));
#4149=DIRECTION('',(0.,0.,1.));
#4150=DIRECTION('',(0.,0.,-1.));
#4151=DIRECTION('center_axis',(0.,-1.,0.));
#4152=DIRECTION('ref_axis',(0.,0.,-1.));
#4153=DIRECTION('',(0.,0.,1.));
#4154=DIRECTION('',(0.,0.,1.));
#4155=DIRECTION('center_axis',(-1.,0.,0.));
#4156=DIRECTION('ref_axis',(0.,0.,1.));
#4157=DIRECTION('',(0.,0.,1.));
#4158=DIRECTION('center_axis',(-1.,0.,0.));
#4159=DIRECTION('ref_axis',(0.,0.,1.));
#4160=DIRECTION('center_axis',(0.,-1.,0.));
#4161=DIRECTION('ref_axis',(0.,0.,-1.));
#4162=DIRECTION('center_axis',(0.,-1.,0.));
#4163=DIRECTION('ref_axis',(0.,0.,-1.));
#4164=DIRECTION('',(0.,1.,0.));
#4165=DIRECTION('center_axis',(1.7347234759767E-14,-1.,1.7347234759767E-14));
#4166=DIRECTION('ref_axis',(3.46944695195376E-14,-1.73472347597664E-14,
-1.));
#4167=DIRECTION('center_axis',(1.,0.,0.));
#4168=DIRECTION('ref_axis',(0.,0.,-1.));
#4169=DIRECTION('center_axis',(1.,0.,0.));
#4170=DIRECTION('ref_axis',(0.,0.,-1.));
#4171=DIRECTION('center_axis',(1.,-1.73472347597681E-14,-1.73472347597681E-14));
#4172=DIRECTION('ref_axis',(-1.73472347597681E-14,0.,-1.));
#4173=DIRECTION('',(1.,0.,0.));
#4174=DIRECTION('center_axis',(0.,1.,0.));
#4175=DIRECTION('ref_axis',(0.,0.,1.));
#4176=DIRECTION('center_axis',(0.,1.,0.));
#4177=DIRECTION('ref_axis',(0.,0.,1.));
#4178=DIRECTION('center_axis',(-1.7347234759767E-14,1.,1.7347234759767E-14));
#4179=DIRECTION('ref_axis',(-3.46944695195376E-14,1.73472347597664E-14,
-1.));
#4180=DIRECTION('',(0.,1.,0.));
#4181=DIRECTION('center_axis',(-1.,0.,0.));
#4182=DIRECTION('ref_axis',(0.,0.,1.));
#4183=DIRECTION('center_axis',(-1.,0.,0.));
#4184=DIRECTION('ref_axis',(0.,0.,1.));
#4185=DIRECTION('',(1.,0.,0.));
#4186=DIRECTION('center_axis',(0.,0.,1.));
#4187=DIRECTION('ref_axis',(1.,0.,0.));
#4188=DIRECTION('center_axis',(0.,1.,0.));
#4189=DIRECTION('ref_axis',(0.,0.,1.));
#4190=DIRECTION('center_axis',(0.,-1.,0.));
#4191=DIRECTION('ref_axis',(0.,0.,-1.));
#4192=DIRECTION('center_axis',(0.,-1.,0.));
#4193=DIRECTION('ref_axis',(0.,0.,-1.));
#4194=DIRECTION('',(0.,-1.,0.));
#4195=DIRECTION('center_axis',(0.,-1.,0.));
#4196=DIRECTION('ref_axis',(0.,0.,-1.));
#4197=DIRECTION('center_axis',(0.,1.,0.));
#4198=DIRECTION('ref_axis',(0.,0.,1.));
#4199=DIRECTION('center_axis',(0.,-1.,0.));
#4200=DIRECTION('ref_axis',(0.,0.,-1.));
#4201=DIRECTION('center_axis',(0.,-1.,0.));
#4202=DIRECTION('ref_axis',(0.,0.,-1.));
#4203=DIRECTION('',(0.,-1.,0.));
#4204=DIRECTION('center_axis',(0.,-1.,0.));
#4205=DIRECTION('ref_axis',(0.,0.,-1.));
#4206=DIRECTION('center_axis',(1.,0.,0.));
#4207=DIRECTION('ref_axis',(0.,0.,-1.));
#4208=DIRECTION('',(1.,0.,0.));
#4209=DIRECTION('center_axis',(1.,0.,0.));
#4210=DIRECTION('ref_axis',(0.,0.,-1.));
#4211=DIRECTION('',(1.,0.,0.));
#4212=DIRECTION('center_axis',(1.,0.,0.));
#4213=DIRECTION('ref_axis',(0.,0.,-1.));
#4214=DIRECTION('center_axis',(0.,-1.,-1.0450141421547E-15));
#4215=DIRECTION('ref_axis',(0.,1.0450141421547E-15,-1.));
#4216=DIRECTION('',(1.,0.,0.));
#4217=DIRECTION('',(0.,-1.33761810195802E-15,-1.));
#4218=DIRECTION('',(0.,-1.33761810195802E-15,1.));
#4219=DIRECTION('center_axis',(1.,0.,0.));
#4220=DIRECTION('ref_axis',(0.,0.,-1.));
#4221=DIRECTION('',(-1.,0.,0.));
#4222=DIRECTION('center_axis',(1.,0.,0.));
#4223=DIRECTION('ref_axis',(0.,0.,-1.));
#4224=DIRECTION('center_axis',(1.,0.,0.));
#4225=DIRECTION('ref_axis',(0.,0.,-1.));
#4226=DIRECTION('center_axis',(0.,0.,-1.));
#4227=DIRECTION('ref_axis',(-1.,0.,0.));
#4228=DIRECTION('',(1.,0.,0.));
#4229=DIRECTION('',(0.,1.,0.));
#4230=DIRECTION('',(0.,1.,0.));
#4231=DIRECTION('center_axis',(1.,0.,0.));
#4232=DIRECTION('ref_axis',(0.,0.,-1.));
#4233=DIRECTION('',(1.,0.,0.));
#4234=DIRECTION('center_axis',(1.,0.,0.));
#4235=DIRECTION('ref_axis',(0.,0.,-1.));
#4236=DIRECTION('center_axis',(1.,0.,0.));
#4237=DIRECTION('ref_axis',(0.,0.,-1.));
#4238=DIRECTION('center_axis',(0.,1.,1.37502123856997E-13));
#4239=DIRECTION('ref_axis',(0.,-1.37502123856997E-13,1.));
#4240=DIRECTION('',(-1.,0.,0.));
#4241=DIRECTION('',(0.,4.20038518273911E-15,1.));
#4242=DIRECTION('',(6.72061629238258E-14,-7.14065481065649E-14,1.));
#4243=DIRECTION('center_axis',(-1.,0.,0.));
#4244=DIRECTION('ref_axis',(0.,0.,1.));
#4245=DIRECTION('',(1.,0.,0.));
#4246=DIRECTION('center_axis',(1.,0.,0.));
#4247=DIRECTION('ref_axis',(0.,0.,-1.));
#4248=DIRECTION('center_axis',(1.,0.,0.));
#4249=DIRECTION('ref_axis',(0.,0.,-1.));
#4250=DIRECTION('center_axis',(0.,0.707106781186549,0.707106781186546));
#4251=DIRECTION('ref_axis',(1.,0.,0.));
#4252=DIRECTION('',(-1.,0.,0.));
#4253=DIRECTION('',(0.,-0.707106781186541,0.707106781186554));
#4254=DIRECTION('',(0.,-0.707106781186547,0.707106781186548));
#4255=DIRECTION('center_axis',(-1.,0.,0.));
#4256=DIRECTION('ref_axis',(0.,0.,1.));
#4257=DIRECTION('',(1.,0.,0.));
#4258=DIRECTION('center_axis',(1.,0.,0.));
#4259=DIRECTION('ref_axis',(0.,0.,-1.));
#4260=DIRECTION('center_axis',(1.,0.,0.));
#4261=DIRECTION('ref_axis',(0.,0.,-1.));
#4262=DIRECTION('center_axis',(0.,7.18999619256075E-15,1.));
#4263=DIRECTION('ref_axis',(1.,0.,0.));
#4264=DIRECTION('',(0.,-1.,2.75323660250956E-15));
#4265=DIRECTION('',(3.81217375732093E-15,1.,-3.60038632635865E-15));
#4266=DIRECTION('center_axis',(1.,0.,0.));
#4267=DIRECTION('ref_axis',(0.,0.,-1.));
#4268=DIRECTION('center_axis',(1.,0.,0.));
#4269=DIRECTION('ref_axis',(0.,0.,-1.));
#4270=DIRECTION('',(1.,0.,0.));
#4271=DIRECTION('center_axis',(1.,0.,0.));
#4272=DIRECTION('ref_axis',(0.,0.,-1.));
#4273=DIRECTION('center_axis',(1.,0.,0.));
#4274=DIRECTION('ref_axis',(0.,0.,-1.));
#4275=DIRECTION('center_axis',(1.,0.,0.));
#4276=DIRECTION('ref_axis',(0.,0.,-1.));
#4277=DIRECTION('',(1.,0.,0.));
#4278=DIRECTION('center_axis',(1.,0.,0.));
#4279=DIRECTION('ref_axis',(0.,0.,-1.));
#4280=DIRECTION('center_axis',(0.,-1.,0.));
#4281=DIRECTION('ref_axis',(0.,0.,-1.));
#4282=DIRECTION('',(-8.65956056235493E-17,-0.707106781186548,0.707106781186547));
#4283=DIRECTION('center_axis',(0.,-1.,0.));
#4284=DIRECTION('ref_axis',(0.,0.,-1.));
#4285=DIRECTION('center_axis',(1.,0.,0.));
#4286=DIRECTION('ref_axis',(0.,0.,-1.));
#4287=DIRECTION('',(0.707106781186559,0.,0.707106781186536));
#4288=DIRECTION('center_axis',(1.,0.,0.));
#4289=DIRECTION('ref_axis',(0.,0.,-1.));
#4290=DIRECTION('',(0.707106781186555,-0.70710678118654,0.));
#4291=DIRECTION('center_axis',(-0.707106781186546,-0.70710678118655,-7.38936586353428E-16));
#4292=DIRECTION('ref_axis',(-1.0450141421547E-15,1.97215226305253E-31,1.));
#4293=DIRECTION('',(0.,0.,1.));
#4294=DIRECTION('',(-0.707106781287033,0.707106781086062,0.));
#4295=DIRECTION('center_axis',(1.,0.,0.));
#4296=DIRECTION('ref_axis',(0.,0.,-1.));
#4297=DIRECTION('center_axis',(1.,0.,0.));
#4298=DIRECTION('ref_axis',(0.,0.,-1.));
#4299=DIRECTION('',(-0.707106781186532,0.,0.707106781186563));
#4300=DIRECTION('center_axis',(-0.707106781186554,0.,-0.707106781186541));
#4301=DIRECTION('ref_axis',(-0.707106781186541,0.,0.707106781186554));
#4302=DIRECTION('',(0.,1.,0.));
#4303=DIRECTION('',(-0.707106781186547,0.,0.707106781186547));
#4304=DIRECTION('center_axis',(1.,0.,0.));
#4305=DIRECTION('ref_axis',(0.,0.,-1.));
#4306=DIRECTION('center_axis',(1.,0.,0.));
#4307=DIRECTION('ref_axis',(0.,0.,-1.));
#4308=DIRECTION('',(-0.707106781186546,-0.707106781186549,0.));
#4309=DIRECTION('center_axis',(-0.707106781186548,0.707106781186547,9.72286842068351E-14));
#4310=DIRECTION('ref_axis',(1.37502123856997E-13,1.26217744835362E-28,1.));
#4311=DIRECTION('',(0.,0.,1.));
#4312=DIRECTION('',(-0.707106781186547,-0.707106781186547,-8.63550852247408E-14));
#4313=DIRECTION('center_axis',(1.,0.,0.));
#4314=DIRECTION('ref_axis',(0.,0.,-1.));
#4315=DIRECTION('center_axis',(1.,0.,0.));
#4316=DIRECTION('ref_axis',(0.,0.,-1.));
#4317=DIRECTION('',(-0.70710678118655,-0.500000000000014,-0.499999999999982));
#4318=DIRECTION('center_axis',(-0.707106781186548,0.5,0.5));
#4319=DIRECTION('ref_axis',(0.577350269189626,3.88578058618805E-16,0.816496580927726));
#4320=DIRECTION('',(0.,-0.707106781186542,0.707106781186553));
#4321=DIRECTION('',(-0.707106781138653,-0.500000000033867,-0.500000000033867));
#4322=DIRECTION('center_axis',(1.,0.,0.));
#4323=DIRECTION('ref_axis',(0.,0.,-1.));
#4324=DIRECTION('center_axis',(1.,0.,0.));
#4325=DIRECTION('ref_axis',(0.,0.,-1.));
#4326=DIRECTION('',(0.707106781186559,0.,0.707106781186536));
#4327=DIRECTION('center_axis',(-0.707106781186541,5.08409506446521E-15,
0.707106781186554));
#4328=DIRECTION('ref_axis',(0.707106781186554,-3.94430452610506E-31,0.707106781186541));
#4329=DIRECTION('',(0.,1.,0.));
#4330=DIRECTION('center_axis',(1.,0.,0.));
#4331=DIRECTION('ref_axis',(0.,0.,-1.));
#4332=DIRECTION('',(0.707106781186548,-8.65956056235493E-17,0.707106781186547));
#4333=DIRECTION('center_axis',(1.,0.,0.));
#4334=DIRECTION('ref_axis',(0.,0.,-1.));
#4335=DIRECTION('center_axis',(1.,0.,0.));
#4336=DIRECTION('ref_axis',(0.,0.,-1.));
#4337=DIRECTION('',(0.707106781186548,-8.65956056235493E-17,0.707106781186547));
#4338=DIRECTION('center_axis',(1.,0.,0.));
#4339=DIRECTION('ref_axis',(0.,0.,-1.));
#4340=DIRECTION('center_axis',(0.,0.,1.));
#4341=DIRECTION('ref_axis',(1.,0.,0.));
#4342=DIRECTION('',(1.,0.,0.));
#4343=DIRECTION('',(0.,1.,0.));
#4344=DIRECTION('',(1.,0.,0.));
#4345=DIRECTION('',(0.,1.,0.));
#4346=DIRECTION('',(0.,0.,-1.));
#4347=DIRECTION('',(0.,0.,-1.));
#4348=DIRECTION('center_axis',(1.,0.,0.));
#4349=DIRECTION('ref_axis',(0.,0.,-1.));
#4350=DIRECTION('',(0.,1.,0.));
#4351=DIRECTION('',(0.,0.,1.));
#4352=DIRECTION('',(0.,0.,1.));
#4353=DIRECTION('center_axis',(0.,1.,0.));
#4354=DIRECTION('ref_axis',(0.,0.,1.));
#4355=DIRECTION('',(-1.,0.,0.));
#4356=DIRECTION('',(0.,0.,1.));
#4357=DIRECTION('',(0.,0.,1.));
#4358=DIRECTION('center_axis',(-1.,0.,0.));
#4359=DIRECTION('ref_axis',(0.,0.,1.));
#4360=DIRECTION('',(0.,-1.,0.));
#4361=DIRECTION('',(0.,0.,1.));
#4362=DIRECTION('',(0.,0.,-1.));
#4363=DIRECTION('center_axis',(0.,-1.,0.));
#4364=DIRECTION('ref_axis',(0.,0.,-1.));
#4365=DIRECTION('',(1.,0.,0.));
#4366=DIRECTION('center_axis',(1.,0.,0.));
#4367=DIRECTION('ref_axis',(0.,0.,-1.));
#4368=DIRECTION('center_axis',(1.,0.,0.));
#4369=DIRECTION('ref_axis',(0.,0.,-1.));
#4370=DIRECTION('center_axis',(1.,0.,0.));
#4371=DIRECTION('ref_axis',(0.,0.,-1.));
#4372=DIRECTION('center_axis',(0.,1.,0.));
#4373=DIRECTION('ref_axis',(0.,0.,1.));
#4374=DIRECTION('center_axis',(0.,1.,0.));
#4375=DIRECTION('ref_axis',(0.,0.,1.));
#4376=DIRECTION('center_axis',(0.,1.,0.));
#4377=DIRECTION('ref_axis',(0.,0.,1.));
#4378=DIRECTION('center_axis',(-1.,0.,0.));
#4379=DIRECTION('ref_axis',(0.,0.,1.));
#4380=DIRECTION('center_axis',(1.,0.,0.));
#4381=DIRECTION('ref_axis',(0.,0.,-1.));
#4382=DIRECTION('center_axis',(1.,0.,0.));
#4383=DIRECTION('ref_axis',(0.,0.,-1.));
#4384=DIRECTION('center_axis',(0.,1.,0.));
#4385=DIRECTION('ref_axis',(0.,0.,1.));
#4386=DIRECTION('center_axis',(1.,0.,0.));
#4387=DIRECTION('ref_axis',(0.,0.,-1.));
#4388=DIRECTION('center_axis',(1.,0.,0.));
#4389=DIRECTION('ref_axis',(0.,0.,-1.));
#4390=DIRECTION('center_axis',(0.,-1.,0.));
#4391=DIRECTION('ref_axis',(0.,0.,-1.));
#4392=DIRECTION('center_axis',(0.,1.,0.));
#4393=DIRECTION('ref_axis',(0.,0.,1.));
#4394=DIRECTION('center_axis',(1.,0.,0.));
#4395=DIRECTION('ref_axis',(0.,0.,-1.));
#4396=DIRECTION('center_axis',(1.,0.,0.));
#4397=DIRECTION('ref_axis',(0.,0.,-1.));
#4398=DIRECTION('',(0.,-0.707106781186549,0.707106781186546));
#4399=DIRECTION('center_axis',(1.,0.,0.));
#4400=DIRECTION('ref_axis',(0.,0.,-1.));
#4401=DIRECTION('',(0.,0.,1.));
#4402=DIRECTION('center_axis',(1.,0.,0.));
#4403=DIRECTION('ref_axis',(0.,0.,-1.));
#4404=DIRECTION('',(0.,1.,-3.81192454806921E-16));
#4405=DIRECTION('center_axis',(1.,0.,0.));
#4406=DIRECTION('ref_axis',(0.,0.,-1.));
#4407=DIRECTION('',(0.,0.,-1.));
#4408=DIRECTION('center_axis',(1.,0.,0.));
#4409=DIRECTION('ref_axis',(0.,0.,-1.));
#4410=DIRECTION('',(0.,-1.,-6.03382078600628E-16));
#4411=DIRECTION('center_axis',(1.,0.,0.));
#4412=DIRECTION('ref_axis',(0.,0.,-1.));
#4413=DIRECTION('',(0.,1.13288063737261E-15,1.));
#4414=DIRECTION('center_axis',(1.,0.,0.));
#4415=DIRECTION('ref_axis',(0.,0.,-1.));
#4416=DIRECTION('',(0.,-1.,0.));
#4417=DIRECTION('center_axis',(1.,0.,0.));
#4418=DIRECTION('ref_axis',(0.,0.,-1.));
#4419=DIRECTION('',(0.,-0.679408031498381,-0.733760674018099));
#4420=DIRECTION('center_axis',(1.,0.,0.));
#4421=DIRECTION('ref_axis',(0.,0.,-1.));
#4422=DIRECTION('',(0.,-1.,4.31602009556662E-16));
#4423=DIRECTION('center_axis',(1.,0.,0.));
#4424=DIRECTION('ref_axis',(0.,0.,-1.));
#4425=DIRECTION('',(1.,0.,0.));
#4426=DIRECTION('center_axis',(1.,0.,0.));
#4427=DIRECTION('ref_axis',(0.,0.,-1.));
#4428=DIRECTION('',(1.,0.,0.));
#4429=DIRECTION('center_axis',(0.,0.707106781186546,0.707106781186549));
#4430=DIRECTION('ref_axis',(1.,0.,0.));
#4431=DIRECTION('',(0.,-0.70710678118655,0.707106781186545));
#4432=DIRECTION('',(1.,0.,0.));
#4433=DIRECTION('center_axis',(1.,0.,0.));
#4434=DIRECTION('ref_axis',(0.,0.,-1.));
#4435=DIRECTION('center_axis',(1.,0.,0.));
#4436=DIRECTION('ref_axis',(0.,0.,-1.));
#4437=DIRECTION('',(1.,0.,0.));
#4438=DIRECTION('center_axis',(0.,1.,1.28358090465185E-15));
#4439=DIRECTION('ref_axis',(0.,-1.28358090465185E-15,1.));
#4440=DIRECTION('',(0.,-1.64298355795435E-15,1.));
#4441=DIRECTION('',(1.,0.,0.));
#4442=DIRECTION('center_axis',(1.,0.,0.));
#4443=DIRECTION('ref_axis',(0.,0.,-1.));
#4444=DIRECTION('center_axis',(1.,0.,0.));
#4445=DIRECTION('ref_axis',(0.,0.,-1.));
#4446=DIRECTION('',(1.,0.,0.));
#4447=DIRECTION('center_axis',(0.,-2.97806605317907E-16,-1.));
#4448=DIRECTION('ref_axis',(-1.,0.,0.));
#4449=DIRECTION('',(0.,1.,-3.81192454806921E-16));
#4450=DIRECTION('',(1.,0.,0.));
#4451=DIRECTION('center_axis',(1.,0.,0.));
#4452=DIRECTION('ref_axis',(0.,0.,-1.));
#4453=DIRECTION('center_axis',(1.,0.,0.));
#4454=DIRECTION('ref_axis',(0.,0.,-1.));
#4455=DIRECTION('',(1.,0.,0.));
#4456=DIRECTION('center_axis',(0.,-1.,0.));
#4457=DIRECTION('ref_axis',(0.,0.,-1.));
#4458=DIRECTION('',(0.,0.,-1.));
#4459=DIRECTION('',(1.,0.,0.));
#4460=DIRECTION('center_axis',(1.,0.,0.));
#4461=DIRECTION('ref_axis',(0.,0.,-1.));
#4462=DIRECTION('center_axis',(1.,0.,0.));
#4463=DIRECTION('ref_axis',(0.,0.,-1.));
#4464=DIRECTION('',(1.,0.,0.));
#4465=DIRECTION('center_axis',(0.,-4.71392248906741E-16,1.));
#4466=DIRECTION('ref_axis',(1.,0.,0.));
#4467=DIRECTION('',(0.,-1.,-6.03382078600629E-16));
#4468=DIRECTION('',(1.,0.,0.));
#4469=DIRECTION('center_axis',(1.,0.,0.));
#4470=DIRECTION('ref_axis',(0.,0.,-1.));
#4471=DIRECTION('center_axis',(1.,0.,0.));
#4472=DIRECTION('ref_axis',(0.,0.,-1.));
#4473=DIRECTION('',(1.,0.,0.));
#4474=DIRECTION('center_axis',(0.,1.,-1.32759449692103E-15));
#4475=DIRECTION('ref_axis',(0.,1.32759449692103E-15,1.));
#4476=DIRECTION('',(0.,1.13288063737261E-15,1.));
#4477=DIRECTION('',(1.,0.,0.));
#4478=DIRECTION('center_axis',(1.,0.,0.));
#4479=DIRECTION('ref_axis',(0.,0.,-1.));
#4480=DIRECTION('center_axis',(-1.,0.,0.));
#4481=DIRECTION('ref_axis',(0.,0.,-1.));
#4482=DIRECTION('',(1.,0.,0.));
#4483=DIRECTION('center_axis',(0.,0.,1.));
#4484=DIRECTION('ref_axis',(1.,0.,0.));
#4485=DIRECTION('',(0.,-1.,0.));
#4486=DIRECTION('',(1.,0.,0.));
#4487=DIRECTION('center_axis',(1.,0.,0.));
#4488=DIRECTION('ref_axis',(0.,0.,-1.));
#4489=DIRECTION('center_axis',(-1.,0.,0.));
#4490=DIRECTION('ref_axis',(0.,0.,-1.));
#4491=DIRECTION('',(1.,0.,0.));
#4492=DIRECTION('center_axis',(0.,-0.7337606740181,0.67940803149838));
#4493=DIRECTION('ref_axis',(1.,0.,0.));
#4494=DIRECTION('',(0.,-0.67940803149838,-0.7337606740181));
#4495=DIRECTION('',(1.,0.,0.));
#4496=DIRECTION('center_axis',(1.,0.,0.));
#4497=DIRECTION('ref_axis',(0.,0.,-1.));
#4498=DIRECTION('center_axis',(1.,0.,0.));
#4499=DIRECTION('ref_axis',(0.,0.,-1.));
#4500=DIRECTION('',(1.,0.,0.));
#4501=DIRECTION('center_axis',(0.,3.37189069966143E-16,1.));
#4502=DIRECTION('ref_axis',(1.,0.,0.));
#4503=DIRECTION('',(0.,-1.,0.));
#4504=DIRECTION('center_axis',(1.,0.,0.));
#4505=DIRECTION('ref_axis',(0.,0.,-1.));
#4506=DIRECTION('',(0.,0.,1.));
#4507=DIRECTION('',(0.,0.,1.));
#4508=DIRECTION('center_axis',(0.,-1.,0.));
#4509=DIRECTION('ref_axis',(0.,0.,-1.));
#4510=DIRECTION('',(-1.,0.,0.));
#4511=DIRECTION('',(0.,0.,1.));
#4512=DIRECTION('',(0.,0.,1.));
#4513=DIRECTION('center_axis',(-1.,0.,0.));
#4514=DIRECTION('ref_axis',(0.,0.,1.));
#4515=DIRECTION('',(0.,1.,0.));
#4516=DIRECTION('',(0.,0.,1.));
#4517=DIRECTION('',(0.,0.,1.));
#4518=DIRECTION('center_axis',(0.,1.,0.));
#4519=DIRECTION('ref_axis',(0.,0.,1.));
#4520=DIRECTION('',(1.,0.,0.));
#4521=DIRECTION('',(0.,0.,1.));
#4522=DIRECTION('',(0.,0.,1.));
#4523=DIRECTION('center_axis',(1.,0.,0.));
#4524=DIRECTION('ref_axis',(0.,0.,-1.));
#4525=DIRECTION('',(0.,-1.,0.));
#4526=DIRECTION('center_axis',(0.,0.,-1.));
#4527=DIRECTION('ref_axis',(-1.,0.,0.));
#4528=DIRECTION('',(0.,1.,0.));
#4529=DIRECTION('',(-1.,0.,0.));
#4530=DIRECTION('',(0.,-1.,0.));
#4531=DIRECTION('',(1.,0.,0.));
#4532=DIRECTION('',(0.707106781186529,0.,0.707106781186566));
#4533=DIRECTION('',(0.,-0.707106781186529,-0.707106781186566));
#4534=DIRECTION('center_axis',(0.,-0.707106781186523,0.707106781186572));
#4535=DIRECTION('ref_axis',(1.,0.,0.));
#4536=DIRECTION('',(0.,-0.707106781186529,-0.707106781186566));
#4537=DIRECTION('center_axis',(-0.707106781186523,0.,0.707106781186572));
#4538=DIRECTION('ref_axis',(0.707106781186572,0.,0.707106781186523));
#4539=DIRECTION('',(0.707106781186529,0.,0.707106781186566));
#4540=DIRECTION('',(0.707106781186529,0.,-0.707106781186566));
#4541=DIRECTION('',(0.,-0.707106781186529,0.707106781186566));
#4542=DIRECTION('center_axis',(0.707106781186523,0.,0.707106781186572));
#4543=DIRECTION('ref_axis',(0.707106781186572,0.,-0.707106781186523));
#4544=DIRECTION('',(0.707106781186529,0.,-0.707106781186566));
#4545=DIRECTION('center_axis',(0.,0.707106781186511,0.707106781186584));
#4546=DIRECTION('ref_axis',(1.,0.,0.));
#4547=DIRECTION('',(0.,-0.707106781186529,0.707106781186566));
#4548=DIRECTION('center_axis',(0.,0.,-1.));
#4549=DIRECTION('ref_axis',(-1.,0.,0.));
#4550=DIRECTION('center_axis',(0.,0.,-1.));
#4551=DIRECTION('ref_axis',(-1.,0.,0.));
#4552=DIRECTION('',(0.,0.,-1.));
#4553=DIRECTION('center_axis',(0.,0.,-1.));
#4554=DIRECTION('ref_axis',(-1.,0.,0.));
#4555=DIRECTION('center_axis',(0.,0.,-1.));
#4556=DIRECTION('ref_axis',(-1.,0.,0.));
#4557=DIRECTION('center_axis',(0.,0.,-1.));
#4558=DIRECTION('ref_axis',(-1.,0.,0.));
#4559=DIRECTION('',(0.,0.,-1.));
#4560=DIRECTION('center_axis',(0.,0.,-1.));
#4561=DIRECTION('ref_axis',(-1.,0.,0.));
#4562=DIRECTION('center_axis',(-0.577350269189626,-0.577350269189626,-0.577350269189626));
#4563=DIRECTION('ref_axis',(-0.707106781186548,0.,0.707106781186548));
#4564=DIRECTION('center_axis',(0.,0.,1.));
#4565=DIRECTION('ref_axis',(1.,0.,0.));
#4566=DIRECTION('center_axis',(4.44089209850062E-16,0.,-1.));
#4567=DIRECTION('ref_axis',(-1.,0.,-4.44089209850062E-16));
#4568=DIRECTION('center_axis',(0.,0.,1.));
#4569=DIRECTION('ref_axis',(1.,0.,0.));
#4570=DIRECTION('center_axis',(0.,-1.,0.));
#4571=DIRECTION('ref_axis',(-1.,0.,0.));
#4572=DIRECTION('center_axis',(0.,0.,1.));
#4573=DIRECTION('ref_axis',(1.,0.,0.));
#4574=DIRECTION('center_axis',(-1.,0.,0.));
#4575=DIRECTION('ref_axis',(0.,0.,1.));
#4576=DIRECTION('center_axis',(0.,0.,1.));
#4577=DIRECTION('ref_axis',(1.,0.,0.));
#4578=DIRECTION('axis',(0.,0.,1.));
#4579=DIRECTION('refdir',(1.,0.,0.));
#4580=DIRECTION('center_axis',(6.92511311947644E-18,0.953739212093984,-0.30063518642093));
#4581=DIRECTION('ref_axis',(0.,0.30063518642093,0.953739212093984));
#4582=DIRECTION('',(0.39920419526889,0.275640991971376,0.874447284874711));
#4583=DIRECTION('',(-0.39920419526889,0.275640991971376,0.874447284874711));
#4584=DIRECTION('',(1.,0.,0.));
#4585=DIRECTION('center_axis',(-0.909688003863034,-3.8668657078151E-17,
-0.415292349589646));
#4586=DIRECTION('ref_axis',(-0.415292349589646,0.,0.909688003863034));
#4587=DIRECTION('',(-0.39920419526889,0.275640991971376,0.874447284874711));
#4588=DIRECTION('',(0.39920419526889,0.275640991971376,-0.874447284874711));
#4589=DIRECTION('',(0.,1.,0.));
#4590=DIRECTION('center_axis',(-9.7649262979483E-17,0.953739212093984,0.30063518642093));
#4591=DIRECTION('ref_axis',(0.,-0.30063518642093,0.953739212093984));
#4592=DIRECTION('',(0.39920419526889,0.275640991971376,-0.874447284874711));
#4593=DIRECTION('',(-1.,-1.05735526154777E-16,0.));
#4594=DIRECTION('',(-0.39920419526889,0.275640991971376,-0.874447284874711));
#4595=DIRECTION('center_axis',(-0.909688003863034,3.98938538331672E-16,
0.415292349589646));
#4596=DIRECTION('ref_axis',(0.415292349589646,0.,0.909688003863034));
#4597=DIRECTION('',(-0.39920419526889,0.275640991971376,-0.874447284874711));
#4598=DIRECTION('',(-3.0626842058625E-16,-1.,0.));
#4599=DIRECTION('',(0.39920419526889,0.275640991971376,0.874447284874711));
#4600=DIRECTION('center_axis',(0.,0.,1.));
#4601=DIRECTION('ref_axis',(1.,0.,0.));
#4602=DIRECTION('',(0.,1.,0.));
#4603=DIRECTION('',(-1.,-1.05735526154777E-16,0.));
#4604=DIRECTION('',(-3.0626842058625E-16,-1.,0.));
#4605=DIRECTION('',(1.,0.,0.));
#4606=DIRECTION('center_axis',(-0.577350269189626,0.577350269189626,-0.577350269189626));
#4607=DIRECTION('ref_axis',(-0.707106781186548,-0.707106781186548,0.));
#4608=DIRECTION('center_axis',(0.,0.,1.));
#4609=DIRECTION('ref_axis',(1.,0.,0.));
#4610=DIRECTION('center_axis',(-2.22044604925031E-16,0.,-1.));
#4611=DIRECTION('ref_axis',(-1.,0.,2.22044604925031E-16));
#4612=DIRECTION('center_axis',(0.,0.,1.));
#4613=DIRECTION('ref_axis',(1.,0.,0.));
#4614=DIRECTION('center_axis',(0.,-1.,0.));
#4615=DIRECTION('ref_axis',(-1.,0.,0.));
#4616=DIRECTION('center_axis',(0.,0.,1.));
#4617=DIRECTION('ref_axis',(1.,0.,0.));
#4618=DIRECTION('center_axis',(-1.,0.,0.));
#4619=DIRECTION('ref_axis',(0.,0.,1.));
#4620=DIRECTION('center_axis',(0.,0.,1.));
#4621=DIRECTION('ref_axis',(1.,0.,0.));
#4622=DIRECTION('',(-1.84889274661187E-32,1.,-2.19331342719252E-48));
#4623=DIRECTION('',(-1.,-1.84889274661187E-32,-4.99600361081321E-16));
#4624=DIRECTION('',(-1.48222906777839E-17,-1.,8.65444471742861E-33));
#4625=DIRECTION('',(1.,-1.48222906777839E-17,-5.83880380270788E-16));
#4626=DIRECTION('',(1.84889274661177E-32,-1.,-2.71777419331986E-47));
#4627=DIRECTION('',(1.,1.84889274661177E-32,-1.58857540082926E-15));
#4628=DIRECTION('axis',(0.,0.,1.));
#4629=DIRECTION('refdir',(1.,0.,0.));
#4630=DIRECTION('center_axis',(1.,2.43695076855011E-17,0.));
#4631=DIRECTION('ref_axis',(0.,0.,-1.));
#4632=DIRECTION('center_axis',(-1.,-2.43695076855011E-17,0.));
#4633=DIRECTION('ref_axis',(2.43695076855011E-17,-1.,1.22464679914735E-16));
#4634=DIRECTION('center_axis',(-2.43695076855011E-17,1.,1.22464679914735E-16));
#4635=DIRECTION('ref_axis',(0.,-1.22464679914735E-16,1.));
#4636=DIRECTION('center_axis',(1.,2.43695076855011E-17,0.));
#4637=DIRECTION('ref_axis',(2.43695076855011E-17,-1.,1.22464679914735E-16));
#4638=DIRECTION('center_axis',(-1.,-2.43695076855011E-17,0.));
#4639=DIRECTION('ref_axis',(2.43695076855011E-17,-1.,1.22464679914735E-16));
#4640=DIRECTION('center_axis',(1.,2.43695076855011E-17,0.));
#4641=DIRECTION('ref_axis',(-2.43695076855011E-17,1.,0.));
#4642=DIRECTION('center_axis',(1.,2.43695076855011E-17,0.));
#4643=DIRECTION('ref_axis',(2.43695076855011E-17,-1.,0.));
#4644=DIRECTION('center_axis',(1.,2.43695076855011E-17,0.));
#4645=DIRECTION('ref_axis',(2.43695076855011E-17,-1.,0.));
#4646=DIRECTION('',(-1.,-2.43695076855011E-17,0.));
#4647=DIRECTION('center_axis',(1.,2.43695076855011E-17,0.));
#4648=DIRECTION('ref_axis',(0.,0.,-1.));
#4649=DIRECTION('center_axis',(1.,2.43695076855011E-17,0.));
#4650=DIRECTION('ref_axis',(-2.43695076855011E-17,1.,0.));
#4651=DIRECTION('center_axis',(-1.,-2.43695076855011E-17,0.));
#4652=DIRECTION('ref_axis',(2.43695076855011E-17,-1.,0.));
#4653=DIRECTION('',(0.707106781186547,-0.707106781186548,8.65956056235494E-17));
#4654=DIRECTION('center_axis',(-1.,-2.43695076855011E-17,0.));
#4655=DIRECTION('ref_axis',(2.43695076855011E-17,-1.,0.));
#4656=DIRECTION('center_axis',(1.,2.43695076855011E-17,0.));
#4657=DIRECTION('ref_axis',(0.,0.,-1.));
#4658=DIRECTION('center_axis',(1.,2.43695076855011E-17,0.));
#4659=DIRECTION('ref_axis',(2.43695076855011E-17,-1.,1.22464679914735E-16));
#4660=DIRECTION('center_axis',(-1.45311258433867E-16,1.,1.22464679914735E-16));
#4661=DIRECTION('ref_axis',(1.22952330578005E-15,-1.22464679914735E-16,
1.));
#4662=DIRECTION('center_axis',(-1.,-2.43695076855011E-17,0.));
#4663=DIRECTION('ref_axis',(2.43695076855011E-17,-1.,1.22464679914735E-16));
#4664=DIRECTION('center_axis',(-1.,-2.43695076855011E-17,0.));
#4665=DIRECTION('ref_axis',(2.43695076855011E-17,-1.,1.22464679914735E-16));
#4666=DIRECTION('center_axis',(-1.,-2.43695076855011E-17,0.));
#4667=DIRECTION('ref_axis',(0.,0.,1.));
#4668=DIRECTION('',(-1.1715413491189E-32,4.80740671595891E-16,1.));
#4669=DIRECTION('',(2.1104612733364E-17,-0.866025403784439,0.5));
#4670=DIRECTION('',(2.1104612733364E-17,-0.866025403784439,-0.5));
#4671=DIRECTION('',(0.,0.,-1.));
#4672=DIRECTION('',(-2.1104612733364E-17,0.866025403784438,-0.5));
#4673=DIRECTION('',(-2.1104612733364E-17,0.866025403784439,0.5));
#4674=DIRECTION('center_axis',(1.,2.43695076855011E-17,0.));
#4675=DIRECTION('ref_axis',(-2.43695076855011E-17,1.,0.));
#4676=DIRECTION('',(-1.,-2.43695076855011E-17,0.));
#4677=DIRECTION('center_axis',(1.21847538427505E-17,-0.5,-0.866025403784438));
#4678=DIRECTION('ref_axis',(-1.,2.46519032881566E-32,-1.40697418222427E-17));
#4679=DIRECTION('',(-1.,-2.43695076855011E-17,0.));
#4680=DIRECTION('',(-1.,-2.43695076855011E-17,0.));
#4681=DIRECTION('center_axis',(-1.21847538427505E-17,0.5,-0.866025403784439));
#4682=DIRECTION('ref_axis',(-1.,3.77482269099898E-32,1.40697418222427E-17));
#4683=DIRECTION('',(-1.,-2.43695076855011E-17,0.));
#4684=DIRECTION('center_axis',(-2.43695076855011E-17,1.,-4.80740671595891E-16));
#4685=DIRECTION('ref_axis',(0.,4.80740671595891E-16,1.));
#4686=DIRECTION('',(-1.,-2.43695076855011E-17,0.));
#4687=DIRECTION('center_axis',(-1.21847538427505E-17,0.5,0.866025403784439));
#4688=DIRECTION('ref_axis',(1.,-3.77482269099898E-32,1.40697418222427E-17));
#4689=DIRECTION('',(1.,2.43695076855011E-17,0.));
#4690=DIRECTION('center_axis',(2.43695076855011E-17,-1.,0.));
#4691=DIRECTION('ref_axis',(0.,0.,-1.));
#4692=DIRECTION('',(-1.,-2.43695076855011E-17,0.));
#4693=DIRECTION('center_axis',(1.21847538427505E-17,-0.5,0.866025403784439));
#4694=DIRECTION('ref_axis',(1.,-3.77482269099898E-32,-1.40697418222427E-17));
#4695=DIRECTION('center_axis',(-1.,-2.43695076855011E-17,0.));
#4696=DIRECTION('ref_axis',(-2.43695076855011E-17,1.,0.));
#4697=DIRECTION('',(-0.499999999999998,-0.86602540378444,1.06057523872491E-16));
#4698=DIRECTION('center_axis',(-0.791780940171887,0.556488708039674,-0.251800040915122));
#4699=DIRECTION('ref_axis',(-0.546028612695043,-0.829623256123789,-0.116524705607389));
#4700=DIRECTION('center_axis',(0.,0.,1.));
#4701=DIRECTION('ref_axis',(1.,0.,0.));
#4702=DIRECTION('',(-2.46716227764584E-16,-4.47364334861717E-17,1.));
#4703=DIRECTION('',(-1.,-2.9974355018215E-32,-2.46716227764584E-16));
#4704=DIRECTION('',(1.,-4.56456956567113E-16,-5.62964257030586E-17));
#4705=DIRECTION('',(-4.46314114835475E-16,-0.933580426497202,-0.3583679495453));
#4706=DIRECTION('',(9.4471896886772E-17,9.44718967659118E-17,1.));
#4707=DIRECTION('',(2.43695076855011E-17,1.,-9.44718967659118E-17));
#4708=DIRECTION('',(9.4471896886772E-17,9.44718967659118E-17,1.));
#4709=DIRECTION('',(2.43695076855011E-17,1.,-9.44718967659118E-17));
#4710=DIRECTION('',(5.69375014099925E-16,0.933580426497202,0.3583679495453));
#4711=DIRECTION('',(7.15357830975327E-16,0.3583679495453,-0.933580426497202));
#4712=DIRECTION('',(5.69375014099925E-16,0.933580426497202,0.3583679495453));
#4713=DIRECTION('',(7.15357830975327E-16,0.3583679495453,-0.933580426497202));
#4714=DIRECTION('center_axis',(0.,0.,1.));
#4715=DIRECTION('ref_axis',(1.,0.,0.));
#4716=DIRECTION('center_axis',(0.,0.,1.));
#4717=DIRECTION('ref_axis',(1.,0.,0.));
#4718=DIRECTION('center_axis',(0.,0.,1.));
#4719=DIRECTION('ref_axis',(1.,0.,0.));
#4720=DIRECTION('center_axis',(0.,0.,1.));
#4721=DIRECTION('ref_axis',(1.,0.,0.));
#4722=DIRECTION('center_axis',(0.,0.,1.));
#4723=DIRECTION('ref_axis',(1.,0.,0.));
#4724=DIRECTION('center_axis',(0.,0.,1.));
#4725=DIRECTION('ref_axis',(1.,0.,0.));
#4726=DIRECTION('center_axis',(0.,0.,1.));
#4727=DIRECTION('ref_axis',(1.,0.,0.));
#4728=DIRECTION('center_axis',(0.,0.,1.));
#4729=DIRECTION('ref_axis',(1.,0.,0.));
#4730=DIRECTION('center_axis',(0.,0.,1.));
#4731=DIRECTION('ref_axis',(1.,0.,0.));
#4732=DIRECTION('center_axis',(0.,0.,1.));
#4733=DIRECTION('ref_axis',(1.,0.,0.));
#4734=DIRECTION('center_axis',(0.,0.,1.));
#4735=DIRECTION('ref_axis',(1.,0.,0.));
#4736=DIRECTION('center_axis',(0.,0.,1.));
#4737=DIRECTION('ref_axis',(1.,0.,0.));
#4738=DIRECTION('center_axis',(0.,0.,1.));
#4739=DIRECTION('ref_axis',(1.,0.,0.));
#4740=DIRECTION('center_axis',(0.,0.,1.));
#4741=DIRECTION('ref_axis',(1.,0.,0.));
#4742=DIRECTION('center_axis',(0.,0.,1.));
#4743=DIRECTION('ref_axis',(1.,0.,0.));
#4744=DIRECTION('center_axis',(0.,0.,1.));
#4745=DIRECTION('ref_axis',(1.,0.,0.));
#4746=DIRECTION('center_axis',(0.,0.,1.));
#4747=DIRECTION('ref_axis',(1.,0.,0.));
#4748=DIRECTION('center_axis',(0.,0.,1.));
#4749=DIRECTION('ref_axis',(1.,0.,0.));
#4750=CARTESIAN_POINT('',(0.,0.,0.));
#4751=CARTESIAN_POINT('',(0.,0.,0.));
#4752=CARTESIAN_POINT('Origin',(-11.5,56.518074133448,-20.1910696949212));
#4753=CARTESIAN_POINT('',(-11.5,57.3444345185086,-23.6191835115544));
#4754=CARTESIAN_POINT('',(-13.5,55.4772736655142,-22.9024476124638));
#4755=CARTESIAN_POINT('Origin',(-11.5,55.4772736655142,-22.9024476124639));
#4756=CARTESIAN_POINT('',(-13.5,56.5523775141501,-20.1017063329722));
#4757=CARTESIAN_POINT('',(-13.5,56.518074133448,-20.1910696949212));
#4758=CARTESIAN_POINT('',(-11.5,58.4195383671445,-20.8184422320628));
#4759=CARTESIAN_POINT('Origin',(-11.5,56.5523775141501,-20.1017063329722));
#4760=CARTESIAN_POINT('',(-11.5,58.3852349864424,-20.9078055940118));
#4761=CARTESIAN_POINT('Origin',(-13.5,28.4597691835722,-6.3095917557772));
#4762=CARTESIAN_POINT('',(-13.5,1.0665282018188,-2.01611930948477));
#4763=CARTESIAN_POINT('',(-13.5,-1.49999999999999,-1.03092143790242));
#4764=CARTESIAN_POINT('',(-13.5,-1.5,1.71820239650403));
#4765=CARTESIAN_POINT('Origin',(-13.5,2.5,1.71820239650403));
#4766=CARTESIAN_POINT('',(-13.5,-1.5,9.));
#4767=CARTESIAN_POINT('',(-13.5,-1.5,11.));
#4768=CARTESIAN_POINT('',(-13.5,1.5,9.));
#4769=CARTESIAN_POINT('',(-13.5,14.9798845917861,9.));
#4770=CARTESIAN_POINT('',(-13.5,1.5,2.40548335510565));
#4771=CARTESIAN_POINT('',(-13.5,1.5,1.03092143790242));
#4772=CARTESIAN_POINT('',(-13.5,2.7832641009094,0.538322502111246));
#4773=CARTESIAN_POINT('Origin',(-13.5,3.5,2.40548335510565));
#4774=CARTESIAN_POINT('',(-13.5,58.4195383671445,-20.8184422320628));
#4775=CARTESIAN_POINT('Origin',(0.,-1.5,-1.03092143790242));
#4776=CARTESIAN_POINT('',(11.5,57.3444345185086,-23.6191835115544));
#4777=CARTESIAN_POINT('',(0.,57.3444345185086,-23.6191835115544));
#4778=CARTESIAN_POINT('',(13.5,55.4772736655142,-22.9024476124638));
#4779=CARTESIAN_POINT('Origin',(11.5,55.4772736655142,-22.9024476124639));
#4780=CARTESIAN_POINT('',(13.5,1.0665282018188,-2.01611930948477));
#4781=CARTESIAN_POINT('',(13.5,-1.49999999999999,-1.03092143790242));
#4782=CARTESIAN_POINT('',(0.,1.0665282018188,-2.01611930948477));
#4783=CARTESIAN_POINT('',(8.5,43.8075183342992,-18.4228482431475));
#4784=CARTESIAN_POINT('Origin',(10.,43.8075183342992,-18.4228482431475));
#4785=CARTESIAN_POINT('',(-1.5,34.4717140693271,-14.8391687476945));
#4786=CARTESIAN_POINT('Origin',(0.,34.4717140693271,-14.8391687476945));
#4787=CARTESIAN_POINT('',(-11.5,43.8075183342992,-18.4228482431475));
#4788=CARTESIAN_POINT('Origin',(-10.,43.8075183342992,-18.4228482431475));
#4789=CARTESIAN_POINT('',(-1.5,53.1433225992712,-22.0065277386005));
#4790=CARTESIAN_POINT('Origin',(-2.22044604925031E-15,53.1433225992712,
-22.0065277386005));
#4791=CARTESIAN_POINT('Origin',(11.5,56.518074133448,-20.1910696949212));
#4792=CARTESIAN_POINT('',(11.5,58.4195383671445,-20.8184422320628));
#4793=CARTESIAN_POINT('',(13.5,56.5523775141501,-20.1017063329722));
#4794=CARTESIAN_POINT('Origin',(11.5,56.5523775141501,-20.1017063329722));
#4795=CARTESIAN_POINT('',(13.5,56.518074133448,-20.1910696949212));
#4796=CARTESIAN_POINT('',(11.5,58.3852349864424,-20.9078055940118));
#4797=CARTESIAN_POINT('Origin',(13.5,28.4597691835722,-6.3095917557772));
#4798=CARTESIAN_POINT('',(13.5,2.7832641009094,0.538322502111246));
#4799=CARTESIAN_POINT('',(13.5,58.4195383671445,-20.8184422320628));
#4800=CARTESIAN_POINT('',(13.5,1.5,2.40548335510565));
#4801=CARTESIAN_POINT('Origin',(13.5,3.5,2.40548335510565));
#4802=CARTESIAN_POINT('',(13.5,1.5,9.));
#4803=CARTESIAN_POINT('',(13.5,1.5,1.03092143790242));
#4804=CARTESIAN_POINT('',(13.5,-1.5,9.));
#4805=CARTESIAN_POINT('',(13.5,14.9798845917861,9.));
#4806=CARTESIAN_POINT('',(13.5,-1.5,1.71820239650403));
#4807=CARTESIAN_POINT('',(13.5,-1.5,11.));
#4808=CARTESIAN_POINT('Origin',(13.5,2.5,1.71820239650403));
#4809=CARTESIAN_POINT('Origin',(-11.5,14.9798845917861,9.));
#4810=CARTESIAN_POINT('',(-11.5,1.5,11.));
#4811=CARTESIAN_POINT('Origin',(-11.5,1.5,9.));
#4812=CARTESIAN_POINT('',(-11.5,-1.5,11.));
#4813=CARTESIAN_POINT('Origin',(-11.5,-1.5,9.));
#4814=CARTESIAN_POINT('',(-11.5,14.9798845917861,11.));
#4815=CARTESIAN_POINT('Origin',(0.,1.5,11.));
#4816=CARTESIAN_POINT('',(11.5,-1.5,11.));
#4817=CARTESIAN_POINT('',(0.,-1.5,11.));
#4818=CARTESIAN_POINT('',(11.5,1.5,11.));
#4819=CARTESIAN_POINT('',(11.5,14.9798845917861,11.));
#4820=CARTESIAN_POINT('',(0.,1.5,11.));
#4821=CARTESIAN_POINT('Origin',(0.,-1.5,11.));
#4822=CARTESIAN_POINT('',(0.,-1.5,1.71820239650403));
#4823=CARTESIAN_POINT('Origin',(11.5,-1.5,9.));
#4824=CARTESIAN_POINT('',(-10.5,-1.5,6.5));
#4825=CARTESIAN_POINT('Origin',(-9.,-1.5,6.5));
#4826=CARTESIAN_POINT('',(7.5,-1.5,6.5));
#4827=CARTESIAN_POINT('Origin',(9.,-1.5,6.5));
#4828=CARTESIAN_POINT('Origin',(11.5,14.9798845917861,9.));
#4829=CARTESIAN_POINT('Origin',(11.5,1.5,9.));
#4830=CARTESIAN_POINT('Origin',(10.,18.2622776581064,-84.9704753836686));
#4831=CARTESIAN_POINT('',(8.5,44.8826221829351,-15.6221069636559));
#4832=CARTESIAN_POINT('',(8.5,18.2622776581064,-84.9704753836686));
#4833=CARTESIAN_POINT('Origin',(10.,44.8826221829351,-15.6221069636559));
#4834=CARTESIAN_POINT('Origin',(0.,8.9264733931344,-81.3867958882156));
#4835=CARTESIAN_POINT('',(-1.5,35.546817917963,-12.0384274682029));
#4836=CARTESIAN_POINT('',(-1.5,8.9264733931344,-81.3867958882156));
#4837=CARTESIAN_POINT('Origin',(0.,35.546817917963,-12.0384274682029));
#4838=CARTESIAN_POINT('Origin',(-10.,18.2622776581064,-84.9704753836686));
#4839=CARTESIAN_POINT('',(-11.5,44.8826221829351,-15.6221069636559));
#4840=CARTESIAN_POINT('',(-11.5,18.2622776581064,-84.9704753836686));
#4841=CARTESIAN_POINT('Origin',(-10.,44.8826221829351,-15.6221069636559));
#4842=CARTESIAN_POINT('Origin',(-2.22044604925031E-15,27.5980819230784,
-88.5541548791216));
#4843=CARTESIAN_POINT('',(-1.5,54.2184264479071,-19.2057864591089));
#4844=CARTESIAN_POINT('',(-1.5,27.5980819230784,-88.5541548791216));
#4845=CARTESIAN_POINT('Origin',(-2.22044604925031E-15,54.2184264479071,
-19.2057864591089));
#4846=CARTESIAN_POINT('Origin',(-9.,-72.7821576499928,6.49999999999999));
#4847=CARTESIAN_POINT('',(-10.5,1.5,6.5));
#4848=CARTESIAN_POINT('',(-10.5,-72.7821576499928,6.49999999999999));
#4849=CARTESIAN_POINT('Origin',(-9.,1.5,6.5));
#4850=CARTESIAN_POINT('Origin',(9.,-72.7821576499928,6.49999999999999));
#4851=CARTESIAN_POINT('',(7.5,1.5,6.5));
#4852=CARTESIAN_POINT('',(7.5,-72.7821576499928,6.49999999999999));
#4853=CARTESIAN_POINT('Origin',(9.,1.5,6.5));
#4854=CARTESIAN_POINT('Origin',(0.,2.5,1.71820239650403));
#4855=CARTESIAN_POINT('Origin',(0.,3.5,2.40548335510565));
#4856=CARTESIAN_POINT('',(0.,2.7832641009094,0.53832250211124));
#4857=CARTESIAN_POINT('',(0.,1.5,2.40548335510565));
#4858=CARTESIAN_POINT('Origin',(0.,58.4195383671445,-20.8184422320628));
#4859=CARTESIAN_POINT('',(0.,58.4195383671445,-20.8184422320628));
#4860=CARTESIAN_POINT('Origin',(0.,57.3444345185086,-23.6191835115544));
#4861=CARTESIAN_POINT('Origin',(0.,1.5,1.03092143790242));
#4862=CARTESIAN_POINT('Origin',(9.80776221726431,-9.80776221726431,9.80776221726431));
#4863=CARTESIAN_POINT('Origin',(-13.9055118110236,-10.,16.9875424688562));
#4864=CARTESIAN_POINT('',(0.,0.,0.));
#4865=CARTESIAN_POINT('Origin',(2.61331282407732E-14,0.,117.693146607172));
#4866=CARTESIAN_POINT('Origin',(-13.9055118110236,-10.,117.693146607172));
#4867=CARTESIAN_POINT('',(0.,0.,0.));
#4868=CARTESIAN_POINT('Origin',(0.,117.693146607172,0.));
#4869=CARTESIAN_POINT('Origin',(-13.9055118110236,-10.,117.693146607172));
#4870=CARTESIAN_POINT('',(0.,0.,0.));
#4871=CARTESIAN_POINT('Origin',(117.693146607172,0.,0.));
#4872=CARTESIAN_POINT('Origin',(-13.9055118110236,-10.,117.693146607172));
#4873=CARTESIAN_POINT('',(0.,0.,0.));
#4874=CARTESIAN_POINT('',(0.,0.,0.));
#4875=CARTESIAN_POINT('',(0.,0.,0.));
#4876=CARTESIAN_POINT('Origin',(9.,0.,-0.07));
#4877=CARTESIAN_POINT('',(4.,6.12323399573677E-16,-0.07));
#4878=CARTESIAN_POINT('Origin',(9.,0.,-0.07));
#4879=CARTESIAN_POINT('',(4.,6.12323399573677E-16,-3.77));
#4880=CARTESIAN_POINT('',(4.,6.12323399573677E-16,-0.07));
#4881=CARTESIAN_POINT('Origin',(9.,0.,-3.77));
#4882=CARTESIAN_POINT('Origin',(9.,0.,-3.77));
#4883=CARTESIAN_POINT('Origin',(-9.,2.22044604925031E-15,-0.07));
#4884=CARTESIAN_POINT('',(-14.,2.83276944882399E-15,-0.07));
#4885=CARTESIAN_POINT('Origin',(-9.,2.22044604925031E-15,-0.07));
#4886=CARTESIAN_POINT('',(-14.,2.83276944882399E-15,-3.77));
#4887=CARTESIAN_POINT('',(-14.,2.83276944882399E-15,-0.07));
#4888=CARTESIAN_POINT('Origin',(-9.,2.22044604925031E-15,-3.77));
#4889=CARTESIAN_POINT('Origin',(-9.,2.22044604925031E-15,-3.77));
#4890=CARTESIAN_POINT('Origin',(18.9449510801086,18.9449510801086,-23.));
#4891=CARTESIAN_POINT('',(-13.,18.,-23.));
#4892=CARTESIAN_POINT('',(13.,18.,-23.));
#4893=CARTESIAN_POINT('',(-13.,18.,-23.));
#4894=CARTESIAN_POINT('',(18.,13.,-23.));
#4895=CARTESIAN_POINT('Ctrl Pts',(13.,18.,-23.));
#4896=CARTESIAN_POINT('Ctrl Pts',(13.1718220459148,18.0000000053854,-23.));
#4897=CARTESIAN_POINT('Ctrl Pts',(13.3436601636576,18.0000680088967,-22.9999999999673));
#4898=CARTESIAN_POINT('Ctrl Pts',(13.5153137385986,17.9977493877095,-22.9999999998363));
#4899=CARTESIAN_POINT('Ctrl Pts',(13.686990375701,17.9954304550088,-22.9999999997053));
#4900=CARTESIAN_POINT('Ctrl Pts',(13.8584828852767,17.9907234800553,-22.9999999996856));
#4901=CARTESIAN_POINT('Ctrl Pts',(14.0294188448185,17.9807403234804,-22.9999999998952));
#4902=CARTESIAN_POINT('Ctrl Pts',(14.1881716852916,17.9714686964488,-23.0000000000899));
#4903=CARTESIAN_POINT('Ctrl Pts',(14.3464783219261,17.9576977890052,-23.0000000000021));
#4904=CARTESIAN_POINT('Ctrl Pts',(14.5045564005933,17.9368630835457,-22.9999999999978));
#4905=CARTESIAN_POINT('Ctrl Pts',(14.5166763040989,17.9352656791373,-22.9999999999975));
#4906=CARTESIAN_POINT('Ctrl Pts',(14.5287948616226,17.933626724793,-22.9999999999971));
#4907=CARTESIAN_POINT('Ctrl Pts',(14.5409121699303,17.9319450502212,-22.9999999999966));
#4908=CARTESIAN_POINT('Ctrl Pts',(14.6435762078673,17.9176970425237,-22.9999999999924));
#4909=CARTESIAN_POINT('Ctrl Pts',(14.7461509093461,17.9003852123199,-22.9999999999482));
#4910=CARTESIAN_POINT('Ctrl Pts',(14.8481252494154,17.879506330951,-22.9999999999166));
#4911=CARTESIAN_POINT('Ctrl Pts',(14.9151693009047,17.8657793012238,-22.9999999998958));
#4912=CARTESIAN_POINT('Ctrl Pts',(14.9819537915353,17.8505111927852,-22.9999999999036));
#4913=CARTESIAN_POINT('Ctrl Pts',(15.0483347895422,17.8335715078573,-22.9999999999462));
#4914=CARTESIAN_POINT('Ctrl Pts',(15.132095381487,17.8121967458092,-23.0000000000001));
#4915=CARTESIAN_POINT('Ctrl Pts',(15.2154597907555,17.7881156321133,-22.999999999998));
#4916=CARTESIAN_POINT('Ctrl Pts',(15.2975825808232,17.7614273912395,-22.999999999991));
#4917=CARTESIAN_POINT('Ctrl Pts',(15.3795344265892,17.734794703796,-22.9999999999839));
#4918=CARTESIAN_POINT('Ctrl Pts',(15.4602487917131,17.7055659063534,-22.9999999999997));
#4919=CARTESIAN_POINT('Ctrl Pts',(15.5398625952751,17.673681242687,-22.9999999997219));
#4920=CARTESIAN_POINT('Ctrl Pts',(15.6333056566965,17.6362580767023,-22.9999999993958));
#4921=CARTESIAN_POINT('Ctrl Pts',(15.7249077184309,17.5952643145928,-22.9999999994358));
#4922=CARTESIAN_POINT('Ctrl Pts',(15.8148850519524,17.5505639490494,-22.9999999996289));
#4923=CARTESIAN_POINT('Ctrl Pts',(15.8783896098784,17.5190151484586,-22.9999999997652));
#4924=CARTESIAN_POINT('Ctrl Pts',(15.9410845146085,17.4856190298122,-22.9999999998938));
#4925=CARTESIAN_POINT('Ctrl Pts',(16.0030414688594,17.450312677087,-22.9999999999419));
#4926=CARTESIAN_POINT('Ctrl Pts',(16.1187964483516,17.3843493613453,-23.0000000000317));
#4927=CARTESIAN_POINT('Ctrl Pts',(16.2319639871209,17.3117104667138,-23.0000000000022));
#4928=CARTESIAN_POINT('Ctrl Pts',(16.3406978041602,17.2337573923594,-22.9999999999963));
#4929=CARTESIAN_POINT('Ctrl Pts',(16.3726229002125,17.2108697622356,-22.9999999999945));
#4930=CARTESIAN_POINT('Ctrl Pts',(16.4041659162441,17.1875243422015,-22.9999999999913));
#4931=CARTESIAN_POINT('Ctrl Pts',(16.4352805759944,17.1637562993751,-22.9999999999841));
#4932=CARTESIAN_POINT('Ctrl Pts',(16.5393703840263,17.0842435862378,-22.9999999999599));
#4933=CARTESIAN_POINT('Ctrl Pts',(16.6386624704746,16.9999932652548,-22.9999999999548));
#4934=CARTESIAN_POINT('Ctrl Pts',(16.7335858974613,16.9109052098836,-22.9999999999722));
#4935=CARTESIAN_POINT('Ctrl Pts',(16.7636783849957,16.882662643419,-22.9999999999778));
#4936=CARTESIAN_POINT('Ctrl Pts',(16.7933315559576,16.8539335850225,-22.9999999999841));
#4937=CARTESIAN_POINT('Ctrl Pts',(16.8225583813472,16.8247140170515,-22.9999999999893));
#4938=CARTESIAN_POINT('Ctrl Pts',(16.8914652299379,16.7558242789691,-23.0000000000015));
#4939=CARTESIAN_POINT('Ctrl Pts',(16.9580034349157,16.6842106268264,-22.9999999999966));
#4940=CARTESIAN_POINT('Ctrl Pts',(17.0218478248917,16.610071048247,-22.9999999999948));
#4941=CARTESIAN_POINT('Ctrl Pts',(17.0705025772142,16.5535705031806,-22.9999999999935));
#4942=CARTESIAN_POINT('Ctrl Pts',(17.1175934042069,16.4956037825662,-22.9999999999928));
#4943=CARTESIAN_POINT('Ctrl Pts',(17.162990948451,16.4362727946997,-22.9999999999961));
#4944=CARTESIAN_POINT('Ctrl Pts',(17.2155382430453,16.3675976504844,-23.));
#4945=CARTESIAN_POINT('Ctrl Pts',(17.265997563345,16.2968698707015,-23.0000000000018));
#4946=CARTESIAN_POINT('Ctrl Pts',(17.3137869440507,16.2248613776673,-22.9999999999964));
#4947=CARTESIAN_POINT('Ctrl Pts',(17.3614610620802,16.1530265611173,-22.999999999991));
#4948=CARTESIAN_POINT('Ctrl Pts',(17.4064772443122,16.0799182798226,-22.9999999999998));
#4949=CARTESIAN_POINT('Ctrl Pts',(17.4489740744246,16.0054194290129,-22.9999999998241));
#4950=CARTESIAN_POINT('Ctrl Pts',(17.4974110423076,15.9205072500471,-22.9999999996238));
#4951=CARTESIAN_POINT('Ctrl Pts',(17.5423671403891,15.8340923946185,-22.9999999996724));
#4952=CARTESIAN_POINT('Ctrl Pts',(17.5839413992043,15.7459248310435,-22.9999999997934));
#4953=CARTESIAN_POINT('Ctrl Pts',(17.615406807158,15.6791953586431,-22.999999999885));
#4954=CARTESIAN_POINT('Ctrl Pts',(17.6449341884946,15.6114614345022,-22.9999999999571));
#4955=CARTESIAN_POINT('Ctrl Pts',(17.6725499077113,15.5426035957589,-22.999999999977));
#4956=CARTESIAN_POINT('Ctrl Pts',(17.7237371942019,15.4149717245328,-23.0000000000138));
#4957=CARTESIAN_POINT('Ctrl Pts',(17.7683474812542,15.2834834193073,-22.999999999966));
#4958=CARTESIAN_POINT('Ctrl Pts',(17.8060324340587,15.1505327849178,-22.9999999999579));
#4959=CARTESIAN_POINT('Ctrl Pts',(17.815541574121,15.1169850129372,-22.9999999999559));
#4960=CARTESIAN_POINT('Ctrl Pts',(17.8246099479079,15.0833443260493,-22.9999999999578));
#4961=CARTESIAN_POINT('Ctrl Pts',(17.8332323441945,15.0496495020644,-22.9999999999649));
#4962=CARTESIAN_POINT('Ctrl Pts',(17.8760199252657,14.8824430822933,-23.));
#4963=CARTESIAN_POINT('Ctrl Pts',(17.9078614587181,14.713895195372,-23.0000000000128));
#4964=CARTESIAN_POINT('Ctrl Pts',(17.9314806710559,14.5443156526895,-22.9999999999713));
#4965=CARTESIAN_POINT('Ctrl Pts',(17.9551060448513,14.3746918724109,-22.9999999999298));
#4966=CARTESIAN_POINT('Ctrl Pts',(17.9705050422431,14.2040356753551,-23.0000000000002));
#4967=CARTESIAN_POINT('Ctrl Pts',(17.9806143054279,14.0326938152969,-22.9999999986365));
#4968=CARTESIAN_POINT('Ctrl Pts',(17.99072299495,13.8613616782466,-22.999999997273));
#4969=CARTESIAN_POINT('Ctrl Pts',(17.9954554228055,13.6892586748096,-22.9999999980615));
#4970=CARTESIAN_POINT('Ctrl Pts',(17.9977744447759,13.5169855847683,-22.9999999989563));
#4971=CARTESIAN_POINT('Ctrl Pts',(18.0000931251214,13.3447378729954,-22.999999999851));
#4972=CARTESIAN_POINT('Ctrl Pts',(18.0000000054037,13.1723190395158,-23.));
#4973=CARTESIAN_POINT('Ctrl Pts',(18.,13.,-23.));
#4974=CARTESIAN_POINT('',(18.,-13.,-23.));
#4975=CARTESIAN_POINT('',(18.,13.,-23.));
#4976=CARTESIAN_POINT('',(13.,-18.,-23.));
#4977=CARTESIAN_POINT('Ctrl Pts',(18.,-13.,-23.));
#4978=CARTESIAN_POINT('Ctrl Pts',(18.0000000053854,-13.1718220459148,-23.));
#4979=CARTESIAN_POINT('Ctrl Pts',(18.0000680088967,-13.3436601636576,-22.9999999999673));
#4980=CARTESIAN_POINT('Ctrl Pts',(17.9977493877095,-13.5153137385986,-22.9999999998363));
#4981=CARTESIAN_POINT('Ctrl Pts',(17.9954304550088,-13.686990375701,-22.9999999997053));
#4982=CARTESIAN_POINT('Ctrl Pts',(17.9907234800553,-13.8584828852767,-22.9999999996856));
#4983=CARTESIAN_POINT('Ctrl Pts',(17.9807403234804,-14.0294188448185,-22.9999999998952));
#4984=CARTESIAN_POINT('Ctrl Pts',(17.9714686964488,-14.1881716852916,-23.0000000000899));
#4985=CARTESIAN_POINT('Ctrl Pts',(17.9576977890052,-14.3464783219261,-23.0000000000021));
#4986=CARTESIAN_POINT('Ctrl Pts',(17.9368630835457,-14.5045564005933,-22.9999999999978));
#4987=CARTESIAN_POINT('Ctrl Pts',(17.9352656791373,-14.5166763040989,-22.9999999999975));
#4988=CARTESIAN_POINT('Ctrl Pts',(17.933626724793,-14.5287948616226,-22.9999999999971));
#4989=CARTESIAN_POINT('Ctrl Pts',(17.9319450502212,-14.5409121699303,-22.9999999999966));
#4990=CARTESIAN_POINT('Ctrl Pts',(17.9176970425237,-14.6435762078673,-22.9999999999924));
#4991=CARTESIAN_POINT('Ctrl Pts',(17.9003852123199,-14.7461509093461,-22.9999999999482));
#4992=CARTESIAN_POINT('Ctrl Pts',(17.879506330951,-14.8481252494154,-22.9999999999166));
#4993=CARTESIAN_POINT('Ctrl Pts',(17.8657793012238,-14.9151693009047,-22.9999999998958));
#4994=CARTESIAN_POINT('Ctrl Pts',(17.8505111927852,-14.9819537915353,-22.9999999999036));
#4995=CARTESIAN_POINT('Ctrl Pts',(17.8335715078573,-15.0483347895422,-22.9999999999462));
#4996=CARTESIAN_POINT('Ctrl Pts',(17.8121967458092,-15.132095381487,-23.0000000000001));
#4997=CARTESIAN_POINT('Ctrl Pts',(17.7881156321133,-15.2154597907555,-22.999999999998));
#4998=CARTESIAN_POINT('Ctrl Pts',(17.7614273912395,-15.2975825808232,-22.999999999991));
#4999=CARTESIAN_POINT('Ctrl Pts',(17.734794703796,-15.3795344265892,-22.9999999999839));
#5000=CARTESIAN_POINT('Ctrl Pts',(17.7055659063534,-15.4602487917131,-22.9999999999997));
#5001=CARTESIAN_POINT('Ctrl Pts',(17.673681242687,-15.5398625952751,-22.9999999997219));
#5002=CARTESIAN_POINT('Ctrl Pts',(17.6362580767023,-15.6333056566965,-22.9999999993958));
#5003=CARTESIAN_POINT('Ctrl Pts',(17.5952643145928,-15.7249077184309,-22.9999999994358));
#5004=CARTESIAN_POINT('Ctrl Pts',(17.5505639490494,-15.8148850519524,-22.9999999996289));
#5005=CARTESIAN_POINT('Ctrl Pts',(17.5190151484586,-15.8783896098784,-22.9999999997652));
#5006=CARTESIAN_POINT('Ctrl Pts',(17.4856190298122,-15.9410845146085,-22.9999999998938));
#5007=CARTESIAN_POINT('Ctrl Pts',(17.450312677087,-16.0030414688594,-22.9999999999419));
#5008=CARTESIAN_POINT('Ctrl Pts',(17.3843493613453,-16.1187964483516,-23.0000000000317));
#5009=CARTESIAN_POINT('Ctrl Pts',(17.3117104667138,-16.2319639871209,-23.0000000000022));
#5010=CARTESIAN_POINT('Ctrl Pts',(17.2337573923594,-16.3406978041602,-22.9999999999963));
#5011=CARTESIAN_POINT('Ctrl Pts',(17.2108697622356,-16.3726229002125,-22.9999999999945));
#5012=CARTESIAN_POINT('Ctrl Pts',(17.1875243422015,-16.4041659162441,-22.9999999999913));
#5013=CARTESIAN_POINT('Ctrl Pts',(17.1637562993751,-16.4352805759944,-22.9999999999841));
#5014=CARTESIAN_POINT('Ctrl Pts',(17.0842435862378,-16.5393703840263,-22.9999999999599));
#5015=CARTESIAN_POINT('Ctrl Pts',(16.9999932652548,-16.6386624704746,-22.9999999999548));
#5016=CARTESIAN_POINT('Ctrl Pts',(16.9109052098836,-16.7335858974613,-22.9999999999722));
#5017=CARTESIAN_POINT('Ctrl Pts',(16.882662643419,-16.7636783849957,-22.9999999999778));
#5018=CARTESIAN_POINT('Ctrl Pts',(16.8539335850225,-16.7933315559576,-22.9999999999841));
#5019=CARTESIAN_POINT('Ctrl Pts',(16.8247140170515,-16.8225583813472,-22.9999999999893));
#5020=CARTESIAN_POINT('Ctrl Pts',(16.7558242789691,-16.8914652299379,-23.0000000000015));
#5021=CARTESIAN_POINT('Ctrl Pts',(16.6842106268264,-16.9580034349157,-22.9999999999966));
#5022=CARTESIAN_POINT('Ctrl Pts',(16.610071048247,-17.0218478248917,-22.9999999999948));
#5023=CARTESIAN_POINT('Ctrl Pts',(16.5535705031806,-17.0705025772142,-22.9999999999935));
#5024=CARTESIAN_POINT('Ctrl Pts',(16.4956037825662,-17.1175934042069,-22.9999999999928));
#5025=CARTESIAN_POINT('Ctrl Pts',(16.4362727946997,-17.162990948451,-22.9999999999961));
#5026=CARTESIAN_POINT('Ctrl Pts',(16.3675976504844,-17.2155382430453,-23.));
#5027=CARTESIAN_POINT('Ctrl Pts',(16.2968698707015,-17.265997563345,-23.0000000000018));
#5028=CARTESIAN_POINT('Ctrl Pts',(16.2248613776673,-17.3137869440507,-22.9999999999964));
#5029=CARTESIAN_POINT('Ctrl Pts',(16.1530265611173,-17.3614610620802,-22.999999999991));
#5030=CARTESIAN_POINT('Ctrl Pts',(16.0799182798226,-17.4064772443122,-22.9999999999998));
#5031=CARTESIAN_POINT('Ctrl Pts',(16.0054194290129,-17.4489740744246,-22.9999999998241));
#5032=CARTESIAN_POINT('Ctrl Pts',(15.9205072500471,-17.4974110423076,-22.9999999996238));
#5033=CARTESIAN_POINT('Ctrl Pts',(15.8340923946185,-17.5423671403891,-22.9999999996724));
#5034=CARTESIAN_POINT('Ctrl Pts',(15.7459248310435,-17.5839413992043,-22.9999999997934));
#5035=CARTESIAN_POINT('Ctrl Pts',(15.6791953586431,-17.615406807158,-22.999999999885));
#5036=CARTESIAN_POINT('Ctrl Pts',(15.6114614345022,-17.6449341884946,-22.9999999999571));
#5037=CARTESIAN_POINT('Ctrl Pts',(15.5426035957589,-17.6725499077113,-22.999999999977));
#5038=CARTESIAN_POINT('Ctrl Pts',(15.4149717245328,-17.7237371942019,-23.0000000000138));
#5039=CARTESIAN_POINT('Ctrl Pts',(15.2834834193073,-17.7683474812542,-22.999999999966));
#5040=CARTESIAN_POINT('Ctrl Pts',(15.1505327849178,-17.8060324340587,-22.9999999999579));
#5041=CARTESIAN_POINT('Ctrl Pts',(15.1169850129372,-17.815541574121,-22.9999999999559));
#5042=CARTESIAN_POINT('Ctrl Pts',(15.0833443260493,-17.8246099479079,-22.9999999999578));
#5043=CARTESIAN_POINT('Ctrl Pts',(15.0496495020644,-17.8332323441945,-22.9999999999649));
#5044=CARTESIAN_POINT('Ctrl Pts',(14.8824430822933,-17.8760199252657,-23.));
#5045=CARTESIAN_POINT('Ctrl Pts',(14.713895195372,-17.9078614587181,-23.0000000000128));
#5046=CARTESIAN_POINT('Ctrl Pts',(14.5443156526895,-17.9314806710559,-22.9999999999713));
#5047=CARTESIAN_POINT('Ctrl Pts',(14.3746918724109,-17.9551060448513,-22.9999999999298));
#5048=CARTESIAN_POINT('Ctrl Pts',(14.2040356753551,-17.9705050422431,-23.0000000000002));
#5049=CARTESIAN_POINT('Ctrl Pts',(14.0326938152969,-17.9806143054279,-22.9999999986365));
#5050=CARTESIAN_POINT('Ctrl Pts',(13.8613616782466,-17.99072299495,-22.999999997273));
#5051=CARTESIAN_POINT('Ctrl Pts',(13.6892586748096,-17.9954554228055,-22.9999999980615));
#5052=CARTESIAN_POINT('Ctrl Pts',(13.5169855847683,-17.9977744447759,-22.9999999989563));
#5053=CARTESIAN_POINT('Ctrl Pts',(13.3447378729954,-18.0000931251214,-22.999999999851));
#5054=CARTESIAN_POINT('Ctrl Pts',(13.1723190395158,-18.0000000054037,-23.));
#5055=CARTESIAN_POINT('Ctrl Pts',(13.,-18.,-23.));
#5056=CARTESIAN_POINT('',(-13.,-18.,-23.));
#5057=CARTESIAN_POINT('',(13.,-18.,-23.));
#5058=CARTESIAN_POINT('',(-18.,-13.,-23.));
#5059=CARTESIAN_POINT('Ctrl Pts',(-13.,-18.,-23.));
#5060=CARTESIAN_POINT('Ctrl Pts',(-13.1718220459148,-18.0000000053854,-23.));
#5061=CARTESIAN_POINT('Ctrl Pts',(-13.3436601636576,-18.0000680088967,-22.9999999999673));
#5062=CARTESIAN_POINT('Ctrl Pts',(-13.5153137385986,-17.9977493877095,-22.9999999998363));
#5063=CARTESIAN_POINT('Ctrl Pts',(-13.686990375701,-17.9954304550088,-22.9999999997053));
#5064=CARTESIAN_POINT('Ctrl Pts',(-13.8584828852767,-17.9907234800553,-22.9999999996856));
#5065=CARTESIAN_POINT('Ctrl Pts',(-14.0294188448185,-17.9807403234804,-22.9999999998952));
#5066=CARTESIAN_POINT('Ctrl Pts',(-14.1881716852916,-17.9714686964488,-23.0000000000899));
#5067=CARTESIAN_POINT('Ctrl Pts',(-14.3464783219261,-17.9576977890052,-23.0000000000021));
#5068=CARTESIAN_POINT('Ctrl Pts',(-14.5045564005933,-17.9368630835457,-22.9999999999978));
#5069=CARTESIAN_POINT('Ctrl Pts',(-14.5166763040989,-17.9352656791373,-22.9999999999975));
#5070=CARTESIAN_POINT('Ctrl Pts',(-14.5287948616226,-17.933626724793,-22.9999999999971));
#5071=CARTESIAN_POINT('Ctrl Pts',(-14.5409121699303,-17.9319450502212,-22.9999999999966));
#5072=CARTESIAN_POINT('Ctrl Pts',(-14.6435762078673,-17.9176970425237,-22.9999999999924));
#5073=CARTESIAN_POINT('Ctrl Pts',(-14.7461509093461,-17.9003852123199,-22.9999999999482));
#5074=CARTESIAN_POINT('Ctrl Pts',(-14.8481252494154,-17.879506330951,-22.9999999999166));
#5075=CARTESIAN_POINT('Ctrl Pts',(-14.9151693009047,-17.8657793012238,-22.9999999998958));
#5076=CARTESIAN_POINT('Ctrl Pts',(-14.9819537915353,-17.8505111927852,-22.9999999999036));
#5077=CARTESIAN_POINT('Ctrl Pts',(-15.0483347895422,-17.8335715078573,-22.9999999999462));
#5078=CARTESIAN_POINT('Ctrl Pts',(-15.132095381487,-17.8121967458092,-23.0000000000001));
#5079=CARTESIAN_POINT('Ctrl Pts',(-15.2154597907555,-17.7881156321133,-22.999999999998));
#5080=CARTESIAN_POINT('Ctrl Pts',(-15.2975825808232,-17.7614273912395,-22.999999999991));
#5081=CARTESIAN_POINT('Ctrl Pts',(-15.3795344265892,-17.734794703796,-22.9999999999839));
#5082=CARTESIAN_POINT('Ctrl Pts',(-15.4602487917131,-17.7055659063534,-22.9999999999997));
#5083=CARTESIAN_POINT('Ctrl Pts',(-15.5398625952751,-17.673681242687,-22.9999999997219));
#5084=CARTESIAN_POINT('Ctrl Pts',(-15.6333056566965,-17.6362580767023,-22.9999999993958));
#5085=CARTESIAN_POINT('Ctrl Pts',(-15.7249077184309,-17.5952643145928,-22.9999999994358));
#5086=CARTESIAN_POINT('Ctrl Pts',(-15.8148850519524,-17.5505639490494,-22.9999999996289));
#5087=CARTESIAN_POINT('Ctrl Pts',(-15.8783896098784,-17.5190151484586,-22.9999999997652));
#5088=CARTESIAN_POINT('Ctrl Pts',(-15.9410845146085,-17.4856190298122,-22.9999999998938));
#5089=CARTESIAN_POINT('Ctrl Pts',(-16.0030414688594,-17.450312677087,-22.9999999999419));
#5090=CARTESIAN_POINT('Ctrl Pts',(-16.1187964483516,-17.3843493613453,-23.0000000000317));
#5091=CARTESIAN_POINT('Ctrl Pts',(-16.2319639871209,-17.3117104667138,-23.0000000000022));
#5092=CARTESIAN_POINT('Ctrl Pts',(-16.3406978041602,-17.2337573923594,-22.9999999999963));
#5093=CARTESIAN_POINT('Ctrl Pts',(-16.3726229002125,-17.2108697622356,-22.9999999999945));
#5094=CARTESIAN_POINT('Ctrl Pts',(-16.4041659162441,-17.1875243422015,-22.9999999999913));
#5095=CARTESIAN_POINT('Ctrl Pts',(-16.4352805759944,-17.1637562993751,-22.9999999999841));
#5096=CARTESIAN_POINT('Ctrl Pts',(-16.5393703840263,-17.0842435862378,-22.9999999999599));
#5097=CARTESIAN_POINT('Ctrl Pts',(-16.6386624704746,-16.9999932652548,-22.9999999999548));
#5098=CARTESIAN_POINT('Ctrl Pts',(-16.7335858974613,-16.9109052098836,-22.9999999999722));
#5099=CARTESIAN_POINT('Ctrl Pts',(-16.7636783849957,-16.882662643419,-22.9999999999778));
#5100=CARTESIAN_POINT('Ctrl Pts',(-16.7933315559576,-16.8539335850225,-22.9999999999841));
#5101=CARTESIAN_POINT('Ctrl Pts',(-16.8225583813472,-16.8247140170515,-22.9999999999893));
#5102=CARTESIAN_POINT('Ctrl Pts',(-16.8914652299379,-16.7558242789691,-23.0000000000015));
#5103=CARTESIAN_POINT('Ctrl Pts',(-16.9580034349157,-16.6842106268264,-22.9999999999966));
#5104=CARTESIAN_POINT('Ctrl Pts',(-17.0218478248917,-16.610071048247,-22.9999999999948));
#5105=CARTESIAN_POINT('Ctrl Pts',(-17.0705025772142,-16.5535705031806,-22.9999999999935));
#5106=CARTESIAN_POINT('Ctrl Pts',(-17.1175934042069,-16.4956037825662,-22.9999999999928));
#5107=CARTESIAN_POINT('Ctrl Pts',(-17.162990948451,-16.4362727946997,-22.9999999999961));
#5108=CARTESIAN_POINT('Ctrl Pts',(-17.2155382430453,-16.3675976504844,-23.));
#5109=CARTESIAN_POINT('Ctrl Pts',(-17.265997563345,-16.2968698707015,-23.0000000000018));
#5110=CARTESIAN_POINT('Ctrl Pts',(-17.3137869440507,-16.2248613776673,-22.9999999999964));
#5111=CARTESIAN_POINT('Ctrl Pts',(-17.3614610620802,-16.1530265611173,-22.999999999991));
#5112=CARTESIAN_POINT('Ctrl Pts',(-17.4064772443122,-16.0799182798226,-22.9999999999998));
#5113=CARTESIAN_POINT('Ctrl Pts',(-17.4489740744246,-16.0054194290129,-22.9999999998241));
#5114=CARTESIAN_POINT('Ctrl Pts',(-17.4974110423076,-15.9205072500471,-22.9999999996238));
#5115=CARTESIAN_POINT('Ctrl Pts',(-17.5423671403891,-15.8340923946185,-22.9999999996724));
#5116=CARTESIAN_POINT('Ctrl Pts',(-17.5839413992043,-15.7459248310435,-22.9999999997934));
#5117=CARTESIAN_POINT('Ctrl Pts',(-17.615406807158,-15.6791953586431,-22.999999999885));
#5118=CARTESIAN_POINT('Ctrl Pts',(-17.6449341884946,-15.6114614345022,-22.9999999999571));
#5119=CARTESIAN_POINT('Ctrl Pts',(-17.6725499077113,-15.5426035957589,-22.999999999977));
#5120=CARTESIAN_POINT('Ctrl Pts',(-17.7237371942019,-15.4149717245328,-23.0000000000138));
#5121=CARTESIAN_POINT('Ctrl Pts',(-17.7683474812542,-15.2834834193073,-22.999999999966));
#5122=CARTESIAN_POINT('Ctrl Pts',(-17.8060324340587,-15.1505327849178,-22.9999999999579));
#5123=CARTESIAN_POINT('Ctrl Pts',(-17.815541574121,-15.1169850129372,-22.9999999999559));
#5124=CARTESIAN_POINT('Ctrl Pts',(-17.8246099479079,-15.0833443260493,-22.9999999999578));
#5125=CARTESIAN_POINT('Ctrl Pts',(-17.8332323441945,-15.0496495020644,-22.9999999999649));
#5126=CARTESIAN_POINT('Ctrl Pts',(-17.8760199252657,-14.8824430822933,-23.));
#5127=CARTESIAN_POINT('Ctrl Pts',(-17.9078614587181,-14.713895195372,-23.0000000000128));
#5128=CARTESIAN_POINT('Ctrl Pts',(-17.9314806710559,-14.5443156526895,-22.9999999999713));
#5129=CARTESIAN_POINT('Ctrl Pts',(-17.9551060448513,-14.3746918724109,-22.9999999999298));
#5130=CARTESIAN_POINT('Ctrl Pts',(-17.9705050422431,-14.2040356753551,-23.0000000000002));
#5131=CARTESIAN_POINT('Ctrl Pts',(-17.9806143054279,-14.0326938152969,-22.9999999986365));
#5132=CARTESIAN_POINT('Ctrl Pts',(-17.99072299495,-13.8613616782466,-22.999999997273));
#5133=CARTESIAN_POINT('Ctrl Pts',(-17.9954554228055,-13.6892586748096,-22.9999999980615));
#5134=CARTESIAN_POINT('Ctrl Pts',(-17.9977744447759,-13.5169855847683,-22.9999999989563));
#5135=CARTESIAN_POINT('Ctrl Pts',(-18.0000931251214,-13.3447378729954,-22.999999999851));
#5136=CARTESIAN_POINT('Ctrl Pts',(-18.0000000054037,-13.1723190395158,-23.));
#5137=CARTESIAN_POINT('Ctrl Pts',(-18.,-13.,-23.));
#5138=CARTESIAN_POINT('',(-18.,13.,-23.));
#5139=CARTESIAN_POINT('',(-18.,-13.,-23.));
#5140=CARTESIAN_POINT('Ctrl Pts',(-18.,13.,-23.));
#5141=CARTESIAN_POINT('Ctrl Pts',(-18.0000000053854,13.1718220459148,-23.));
#5142=CARTESIAN_POINT('Ctrl Pts',(-18.0000680088967,13.3436601636576,-22.9999999999673));
#5143=CARTESIAN_POINT('Ctrl Pts',(-17.9977493877095,13.5153137385986,-22.9999999998363));
#5144=CARTESIAN_POINT('Ctrl Pts',(-17.9954304550088,13.686990375701,-22.9999999997053));
#5145=CARTESIAN_POINT('Ctrl Pts',(-17.9907234800553,13.8584828852767,-22.9999999996856));
#5146=CARTESIAN_POINT('Ctrl Pts',(-17.9807403234804,14.0294188448185,-22.9999999998952));
#5147=CARTESIAN_POINT('Ctrl Pts',(-17.9714686964488,14.1881716852916,-23.0000000000899));
#5148=CARTESIAN_POINT('Ctrl Pts',(-17.9576977890052,14.3464783219261,-23.0000000000021));
#5149=CARTESIAN_POINT('Ctrl Pts',(-17.9368630835457,14.5045564005933,-22.9999999999978));
#5150=CARTESIAN_POINT('Ctrl Pts',(-17.9352656791373,14.5166763040989,-22.9999999999975));
#5151=CARTESIAN_POINT('Ctrl Pts',(-17.933626724793,14.5287948616226,-22.9999999999971));
#5152=CARTESIAN_POINT('Ctrl Pts',(-17.9319450502212,14.5409121699303,-22.9999999999966));
#5153=CARTESIAN_POINT('Ctrl Pts',(-17.9176970425237,14.6435762078673,-22.9999999999924));
#5154=CARTESIAN_POINT('Ctrl Pts',(-17.9003852123199,14.7461509093461,-22.9999999999482));
#5155=CARTESIAN_POINT('Ctrl Pts',(-17.879506330951,14.8481252494154,-22.9999999999166));
#5156=CARTESIAN_POINT('Ctrl Pts',(-17.8657793012238,14.9151693009047,-22.9999999998958));
#5157=CARTESIAN_POINT('Ctrl Pts',(-17.8505111927852,14.9819537915353,-22.9999999999036));
#5158=CARTESIAN_POINT('Ctrl Pts',(-17.8335715078573,15.0483347895422,-22.9999999999462));
#5159=CARTESIAN_POINT('Ctrl Pts',(-17.8121967458092,15.132095381487,-23.0000000000001));
#5160=CARTESIAN_POINT('Ctrl Pts',(-17.7881156321133,15.2154597907555,-22.999999999998));
#5161=CARTESIAN_POINT('Ctrl Pts',(-17.7614273912395,15.2975825808232,-22.999999999991));
#5162=CARTESIAN_POINT('Ctrl Pts',(-17.734794703796,15.3795344265892,-22.9999999999839));
#5163=CARTESIAN_POINT('Ctrl Pts',(-17.7055659063534,15.4602487917131,-22.9999999999997));
#5164=CARTESIAN_POINT('Ctrl Pts',(-17.673681242687,15.5398625952751,-22.9999999997219));
#5165=CARTESIAN_POINT('Ctrl Pts',(-17.6362580767023,15.6333056566965,-22.9999999993958));
#5166=CARTESIAN_POINT('Ctrl Pts',(-17.5952643145928,15.7249077184309,-22.9999999994358));
#5167=CARTESIAN_POINT('Ctrl Pts',(-17.5505639490494,15.8148850519524,-22.9999999996289));
#5168=CARTESIAN_POINT('Ctrl Pts',(-17.5190151484586,15.8783896098784,-22.9999999997652));
#5169=CARTESIAN_POINT('Ctrl Pts',(-17.4856190298122,15.9410845146085,-22.9999999998938));
#5170=CARTESIAN_POINT('Ctrl Pts',(-17.450312677087,16.0030414688594,-22.9999999999419));
#5171=CARTESIAN_POINT('Ctrl Pts',(-17.3843493613453,16.1187964483516,-23.0000000000317));
#5172=CARTESIAN_POINT('Ctrl Pts',(-17.3117104667138,16.2319639871209,-23.0000000000022));
#5173=CARTESIAN_POINT('Ctrl Pts',(-17.2337573923594,16.3406978041602,-22.9999999999963));
#5174=CARTESIAN_POINT('Ctrl Pts',(-17.2108697622356,16.3726229002125,-22.9999999999945));
#5175=CARTESIAN_POINT('Ctrl Pts',(-17.1875243422015,16.4041659162441,-22.9999999999913));
#5176=CARTESIAN_POINT('Ctrl Pts',(-17.1637562993751,16.4352805759944,-22.9999999999841));
#5177=CARTESIAN_POINT('Ctrl Pts',(-17.0842435862378,16.5393703840263,-22.9999999999599));
#5178=CARTESIAN_POINT('Ctrl Pts',(-16.9999932652548,16.6386624704746,-22.9999999999548));
#5179=CARTESIAN_POINT('Ctrl Pts',(-16.9109052098836,16.7335858974613,-22.9999999999722));
#5180=CARTESIAN_POINT('Ctrl Pts',(-16.882662643419,16.7636783849957,-22.9999999999778));
#5181=CARTESIAN_POINT('Ctrl Pts',(-16.8539335850225,16.7933315559576,-22.9999999999841));
#5182=CARTESIAN_POINT('Ctrl Pts',(-16.8247140170515,16.8225583813472,-22.9999999999893));
#5183=CARTESIAN_POINT('Ctrl Pts',(-16.7558242789691,16.8914652299379,-23.0000000000015));
#5184=CARTESIAN_POINT('Ctrl Pts',(-16.6842106268264,16.9580034349157,-22.9999999999966));
#5185=CARTESIAN_POINT('Ctrl Pts',(-16.610071048247,17.0218478248917,-22.9999999999948));
#5186=CARTESIAN_POINT('Ctrl Pts',(-16.5535705031806,17.0705025772142,-22.9999999999935));
#5187=CARTESIAN_POINT('Ctrl Pts',(-16.4956037825662,17.1175934042069,-22.9999999999928));
#5188=CARTESIAN_POINT('Ctrl Pts',(-16.4362727946997,17.162990948451,-22.9999999999961));
#5189=CARTESIAN_POINT('Ctrl Pts',(-16.3675976504844,17.2155382430453,-23.));
#5190=CARTESIAN_POINT('Ctrl Pts',(-16.2968698707015,17.265997563345,-23.0000000000018));
#5191=CARTESIAN_POINT('Ctrl Pts',(-16.2248613776673,17.3137869440507,-22.9999999999964));
#5192=CARTESIAN_POINT('Ctrl Pts',(-16.1530265611173,17.3614610620802,-22.999999999991));
#5193=CARTESIAN_POINT('Ctrl Pts',(-16.0799182798226,17.4064772443122,-22.9999999999998));
#5194=CARTESIAN_POINT('Ctrl Pts',(-16.0054194290129,17.4489740744246,-22.9999999998241));
#5195=CARTESIAN_POINT('Ctrl Pts',(-15.9205072500471,17.4974110423076,-22.9999999996238));
#5196=CARTESIAN_POINT('Ctrl Pts',(-15.8340923946185,17.5423671403891,-22.9999999996724));
#5197=CARTESIAN_POINT('Ctrl Pts',(-15.7459248310435,17.5839413992043,-22.9999999997934));
#5198=CARTESIAN_POINT('Ctrl Pts',(-15.6791953586431,17.615406807158,-22.999999999885));
#5199=CARTESIAN_POINT('Ctrl Pts',(-15.6114614345022,17.6449341884946,-22.9999999999571));
#5200=CARTESIAN_POINT('Ctrl Pts',(-15.5426035957589,17.6725499077113,-22.999999999977));
#5201=CARTESIAN_POINT('Ctrl Pts',(-15.4149717245328,17.7237371942019,-23.0000000000138));
#5202=CARTESIAN_POINT('Ctrl Pts',(-15.2834834193073,17.7683474812542,-22.999999999966));
#5203=CARTESIAN_POINT('Ctrl Pts',(-15.1505327849178,17.8060324340587,-22.9999999999579));
#5204=CARTESIAN_POINT('Ctrl Pts',(-15.1169850129372,17.815541574121,-22.9999999999559));
#5205=CARTESIAN_POINT('Ctrl Pts',(-15.0833443260493,17.8246099479079,-22.9999999999578));
#5206=CARTESIAN_POINT('Ctrl Pts',(-15.0496495020644,17.8332323441945,-22.9999999999649));
#5207=CARTESIAN_POINT('Ctrl Pts',(-14.8824430822933,17.8760199252657,-23.));
#5208=CARTESIAN_POINT('Ctrl Pts',(-14.713895195372,17.9078614587181,-23.0000000000128));
#5209=CARTESIAN_POINT('Ctrl Pts',(-14.5443156526895,17.9314806710559,-22.9999999999713));
#5210=CARTESIAN_POINT('Ctrl Pts',(-14.3746918724109,17.9551060448513,-22.9999999999298));
#5211=CARTESIAN_POINT('Ctrl Pts',(-14.2040356753551,17.9705050422431,-23.0000000000002));
#5212=CARTESIAN_POINT('Ctrl Pts',(-14.0326938152969,17.9806143054279,-22.9999999986365));
#5213=CARTESIAN_POINT('Ctrl Pts',(-13.8613616782466,17.99072299495,-22.999999997273));
#5214=CARTESIAN_POINT('Ctrl Pts',(-13.6892586748096,17.9954554228055,-22.9999999980615));
#5215=CARTESIAN_POINT('Ctrl Pts',(-13.5169855847683,17.9977744447759,-22.9999999989563));
#5216=CARTESIAN_POINT('Ctrl Pts',(-13.3447378729954,18.0000931251214,-22.999999999851));
#5217=CARTESIAN_POINT('Ctrl Pts',(-13.1723190395158,18.0000000054037,-23.));
#5218=CARTESIAN_POINT('Ctrl Pts',(-13.,18.,-23.));
#5219=CARTESIAN_POINT('',(-8.75,7.14280888094985E-16,-23.));
#5220=CARTESIAN_POINT('Origin',(-10.,8.67361737988404E-16,-23.));
#5221=CARTESIAN_POINT('',(11.25,7.14280888094985E-16,-23.));
#5222=CARTESIAN_POINT('Origin',(10.,8.67361737988404E-16,-23.));
#5223=CARTESIAN_POINT('Origin',(-21.09,0.,0.));
#5224=CARTESIAN_POINT('',(-21.09,9.5,-17.85));
#5225=CARTESIAN_POINT('',(-21.09,10.,-17.35));
#5226=CARTESIAN_POINT('Origin',(-21.09,9.5,-17.35));
#5227=CARTESIAN_POINT('',(-21.09,-9.5,-17.85));
#5228=CARTESIAN_POINT('',(-21.09,-9.5,-17.85));
#5229=CARTESIAN_POINT('',(-21.09,-10.,-17.35));
#5230=CARTESIAN_POINT('Origin',(-21.09,-9.5,-17.35));
#5231=CARTESIAN_POINT('',(-21.09,-10.,-11.95));
#5232=CARTESIAN_POINT('',(-21.09,-10.,-11.95));
#5233=CARTESIAN_POINT('',(-21.09,-9.5,-11.45));
#5234=CARTESIAN_POINT('Origin',(-21.09,-9.5,-11.95));
#5235=CARTESIAN_POINT('',(-21.09,9.5,-11.45));
#5236=CARTESIAN_POINT('',(-21.09,-9.5,-11.45));
#5237=CARTESIAN_POINT('',(-21.09,10.,-11.95));
#5238=CARTESIAN_POINT('Origin',(-21.09,9.5,-11.95));
#5239=CARTESIAN_POINT('',(-21.09,10.,-17.35));
#5240=CARTESIAN_POINT('Origin',(-21.09,10.,-17.85));
#5241=CARTESIAN_POINT('',(-21.,-9.5,-17.85));
#5242=CARTESIAN_POINT('',(-21.,9.5,-17.85));
#5243=CARTESIAN_POINT('',(-21.,-9.5,-17.85));
#5244=CARTESIAN_POINT('',(-21.09,-9.5,-17.85));
#5245=CARTESIAN_POINT('',(-21.09,9.5,-17.85));
#5246=CARTESIAN_POINT('Origin',(-21.09,9.5,-17.35));
#5247=CARTESIAN_POINT('',(-21.,10.,-17.35));
#5248=CARTESIAN_POINT('Origin',(-21.,9.5,-17.35));
#5249=CARTESIAN_POINT('',(-21.09,10.,-17.35));
#5250=CARTESIAN_POINT('Origin',(-21.09,10.,-17.85));
#5251=CARTESIAN_POINT('',(-21.,10.,-11.95));
#5252=CARTESIAN_POINT('',(-21.09,10.,-11.95));
#5253=CARTESIAN_POINT('',(-21.,10.,-11.95));
#5254=CARTESIAN_POINT('Origin',(-21.09,9.5,-11.95));
#5255=CARTESIAN_POINT('',(-21.,9.5,-11.45));
#5256=CARTESIAN_POINT('Origin',(-21.,9.5,-11.95));
#5257=CARTESIAN_POINT('',(-21.09,9.5,-11.45));
#5258=CARTESIAN_POINT('Origin',(-21.09,10.,-11.45));
#5259=CARTESIAN_POINT('',(-21.,-9.5,-11.45));
#5260=CARTESIAN_POINT('',(-21.09,-9.5,-11.45));
#5261=CARTESIAN_POINT('',(-21.,-9.5,-11.45));
#5262=CARTESIAN_POINT('Origin',(-21.09,-9.5,-11.95));
#5263=CARTESIAN_POINT('',(-21.,-10.,-11.95));
#5264=CARTESIAN_POINT('Origin',(-21.,-9.5,-11.95));
#5265=CARTESIAN_POINT('',(-21.09,-10.,-11.95));
#5266=CARTESIAN_POINT('Origin',(-21.09,-10.,-17.85));
#5267=CARTESIAN_POINT('',(-21.,-10.,-17.35));
#5268=CARTESIAN_POINT('',(-21.,-10.,-11.95));
#5269=CARTESIAN_POINT('',(-21.09,-10.,-17.35));
#5270=CARTESIAN_POINT('Origin',(-21.09,-9.5,-17.35));
#5271=CARTESIAN_POINT('Origin',(-21.,-9.5,-17.35));
#5272=CARTESIAN_POINT('Origin',(-18.2322090487658,18.243471965242,-0.87));
#5273=CARTESIAN_POINT('',(-20.,-13.,-0.87));
#5274=CARTESIAN_POINT('',(-20.,13.,-0.87));
#5275=CARTESIAN_POINT('',(-20.,-13.,-0.87));
#5276=CARTESIAN_POINT('',(-13.,-20.,-0.87));
#5277=CARTESIAN_POINT('Ctrl Pts',(-13.,-20.,-0.87));
#5278=CARTESIAN_POINT('Ctrl Pts',(-13.476168021072,-20.,-0.87));
#5279=CARTESIAN_POINT('Ctrl Pts',(-13.9522253361128,-19.998706801584,-0.87));
#5280=CARTESIAN_POINT('Ctrl Pts',(-14.6611234258354,-19.9361654106764,-0.87));
#5281=CARTESIAN_POINT('Ctrl Pts',(-14.8965835839993,-19.9055152130447,-0.87));
#5282=CARTESIAN_POINT('Ctrl Pts',(-15.3652965911638,-19.8184304166473,-0.87));
#5283=CARTESIAN_POINT('Ctrl Pts',(-15.5996173071186,-19.7615599452162,-0.87));
#5284=CARTESIAN_POINT('Ctrl Pts',(-16.2821376045619,-19.5514706339651,-0.87));
#5285=CARTESIAN_POINT('Ctrl Pts',(-16.7144510645657,-19.3587449641396,-0.87));
#5286=CARTESIAN_POINT('Ctrl Pts',(-17.3277621008253,-18.988084182582,-0.87));
#5287=CARTESIAN_POINT('Ctrl Pts',(-17.5256884561849,-18.8510122505604,-0.87));
#5288=CARTESIAN_POINT('Ctrl Pts',(-17.8991487449191,-18.557381435231,-0.87));
#5289=CARTESIAN_POINT('Ctrl Pts',(-18.076125067919,-18.4000072834209,-0.87));
#5290=CARTESIAN_POINT('Ctrl Pts',(-18.5781657598883,-17.8966125794557,-0.87));
#5291=CARTESIAN_POINT('Ctrl Pts',(-18.8769123650819,-17.5144772293181,-0.87));
#5292=CARTESIAN_POINT('Ctrl Pts',(-19.2428118528834,-16.9048165534323,-0.87));
#5293=CARTESIAN_POINT('Ctrl Pts',(-19.3519650110479,-16.6947900236625,-0.87));
#5294=CARTESIAN_POINT('Ctrl Pts',(-19.544436399826,-16.2610137339891,-0.87));
#5295=CARTESIAN_POINT('Ctrl Pts',(-19.6281364328302,-16.0358036723292,-0.87));
#5296=CARTESIAN_POINT('Ctrl Pts',(-19.8367182945478,-15.3496104871379,-0.87));
#5297=CARTESIAN_POINT('Ctrl Pts',(-19.9168542848988,-14.8852485872333,-0.87));
#5298=CARTESIAN_POINT('Ctrl Pts',(-19.998667647106,-13.9473367369013,-0.87));
#5299=CARTESIAN_POINT('Ctrl Pts',(-20.,-13.4737463823511,-0.87));
#5300=CARTESIAN_POINT('Ctrl Pts',(-20.,-13.,-0.87));
#5301=CARTESIAN_POINT('',(13.,-20.,-0.87));
#5302=CARTESIAN_POINT('',(13.,-20.,-0.87));
#5303=CARTESIAN_POINT('',(20.,-13.,-0.87));
#5304=CARTESIAN_POINT('Ctrl Pts',(20.,-13.,-0.869999999999999));
#5305=CARTESIAN_POINT('Ctrl Pts',(20.,-13.476168021072,-0.869999999999999));
#5306=CARTESIAN_POINT('Ctrl Pts',(19.998706801584,-13.9522253361128,-0.869999999999999));
#5307=CARTESIAN_POINT('Ctrl Pts',(19.9361654106763,-14.6611234258354,-0.869999999999999));
#5308=CARTESIAN_POINT('Ctrl Pts',(19.9055152130447,-14.8965835839993,-0.869999999999999));
#5309=CARTESIAN_POINT('Ctrl Pts',(19.8184304166473,-15.3652965911638,-0.869999999999999));
#5310=CARTESIAN_POINT('Ctrl Pts',(19.7615599452161,-15.5996173071186,-0.869999999999999));
#5311=CARTESIAN_POINT('Ctrl Pts',(19.5514706339651,-16.2821376045618,-0.869999999999999));
#5312=CARTESIAN_POINT('Ctrl Pts',(19.3587449641396,-16.7144510645657,-0.869999999999999));
#5313=CARTESIAN_POINT('Ctrl Pts',(18.9880841825819,-17.3277621008253,-0.869999999999999));
#5314=CARTESIAN_POINT('Ctrl Pts',(18.8510122505603,-17.5256884561849,-0.869999999999999));
#5315=CARTESIAN_POINT('Ctrl Pts',(18.557381435231,-17.8991487449191,-0.869999999999999));
#5316=CARTESIAN_POINT('Ctrl Pts',(18.4000072834209,-18.0761250679189,-0.869999999999999));
#5317=CARTESIAN_POINT('Ctrl Pts',(17.8966125794557,-18.5781657598883,-0.869999999999999));
#5318=CARTESIAN_POINT('Ctrl Pts',(17.5144772293181,-18.8769123650819,-0.869999999999999));
#5319=CARTESIAN_POINT('Ctrl Pts',(16.9048165534323,-19.2428118528834,-0.869999999999999));
#5320=CARTESIAN_POINT('Ctrl Pts',(16.6947900236625,-19.3519650110479,-0.869999999999999));
#5321=CARTESIAN_POINT('Ctrl Pts',(16.2610137339891,-19.544436399826,-0.869999999999999));
#5322=CARTESIAN_POINT('Ctrl Pts',(16.0358036723292,-19.6281364328302,-0.869999999999999));
#5323=CARTESIAN_POINT('Ctrl Pts',(15.3496104871378,-19.8367182945478,-0.869999999999999));
#5324=CARTESIAN_POINT('Ctrl Pts',(14.8852485872333,-19.9168542848988,-0.869999999999999));
#5325=CARTESIAN_POINT('Ctrl Pts',(13.9473367369013,-19.998667647106,-0.869999999999999));
#5326=CARTESIAN_POINT('Ctrl Pts',(13.4737463823511,-20.,-0.869999999999999));
#5327=CARTESIAN_POINT('Ctrl Pts',(13.,-20.,-0.869999999999999));
#5328=CARTESIAN_POINT('',(20.,13.,-0.87));
#5329=CARTESIAN_POINT('',(20.,-13.,-0.87));
#5330=CARTESIAN_POINT('',(13.,20.,-0.87));
#5331=CARTESIAN_POINT('Ctrl Pts',(13.,20.,-0.87));
#5332=CARTESIAN_POINT('Ctrl Pts',(13.476168021072,20.,-0.87));
#5333=CARTESIAN_POINT('Ctrl Pts',(13.9522253361128,19.998706801584,-0.87));
#5334=CARTESIAN_POINT('Ctrl Pts',(14.6611234258354,19.9361654106763,-0.87));
#5335=CARTESIAN_POINT('Ctrl Pts',(14.8965835839993,19.9055152130447,-0.87));
#5336=CARTESIAN_POINT('Ctrl Pts',(15.3652965911638,19.8184304166472,-0.87));
#5337=CARTESIAN_POINT('Ctrl Pts',(15.5996173071186,19.7615599452161,-0.87));
#5338=CARTESIAN_POINT('Ctrl Pts',(16.2821376045618,19.551470633965,-0.87));
#5339=CARTESIAN_POINT('Ctrl Pts',(16.7144510645656,19.3587449641395,-0.87));
#5340=CARTESIAN_POINT('Ctrl Pts',(17.3277621008253,18.9880841825819,-0.87));
#5341=CARTESIAN_POINT('Ctrl Pts',(17.5256884561849,18.8510122505603,-0.87));
#5342=CARTESIAN_POINT('Ctrl Pts',(17.899148744919,18.5573814352309,-0.87));
#5343=CARTESIAN_POINT('Ctrl Pts',(18.0761250679188,18.4000072834208,-0.87));
#5344=CARTESIAN_POINT('Ctrl Pts',(18.5781657598883,17.8966125794556,-0.87));
#5345=CARTESIAN_POINT('Ctrl Pts',(18.8769123650819,17.5144772293181,-0.87));
#5346=CARTESIAN_POINT('Ctrl Pts',(19.2428118528834,16.9048165534323,-0.87));
#5347=CARTESIAN_POINT('Ctrl Pts',(19.3519650110479,16.6947900236625,-0.87));
#5348=CARTESIAN_POINT('Ctrl Pts',(19.544436399826,16.2610137339891,-0.87));
#5349=CARTESIAN_POINT('Ctrl Pts',(19.6281364328302,16.0358036723292,-0.87));
#5350=CARTESIAN_POINT('Ctrl Pts',(19.8367182945478,15.3496104871378,-0.87));
#5351=CARTESIAN_POINT('Ctrl Pts',(19.9168542848988,14.8852485872333,-0.87));
#5352=CARTESIAN_POINT('Ctrl Pts',(19.998667647106,13.9473367369013,-0.87));
#5353=CARTESIAN_POINT('Ctrl Pts',(20.,13.4737463823511,-0.87));
#5354=CARTESIAN_POINT('Ctrl Pts',(20.,13.,-0.87));
#5355=CARTESIAN_POINT('',(-13.,20.,-0.87));
#5356=CARTESIAN_POINT('',(13.,20.,-0.87));
#5357=CARTESIAN_POINT('Ctrl Pts',(-20.,13.,-0.87));
#5358=CARTESIAN_POINT('Ctrl Pts',(-20.,13.476168021072,-0.87));
#5359=CARTESIAN_POINT('Ctrl Pts',(-19.998706801584,13.9522253361128,-0.87));
#5360=CARTESIAN_POINT('Ctrl Pts',(-19.9361654106763,14.6611234258354,-0.87));
#5361=CARTESIAN_POINT('Ctrl Pts',(-19.9055152130447,14.8965835839993,-0.87));
#5362=CARTESIAN_POINT('Ctrl Pts',(-19.8184304166473,15.3652965911638,-0.87));
#5363=CARTESIAN_POINT('Ctrl Pts',(-19.7615599452161,15.5996173071186,-0.87));
#5364=CARTESIAN_POINT('Ctrl Pts',(-19.5514706339651,16.2821376045619,-0.87));
#5365=CARTESIAN_POINT('Ctrl Pts',(-19.3587449641395,16.7144510645656,-0.87));
#5366=CARTESIAN_POINT('Ctrl Pts',(-18.9880841825819,17.3277621008253,-0.87));
#5367=CARTESIAN_POINT('Ctrl Pts',(-18.8510122505604,17.5256884561849,-0.87));
#5368=CARTESIAN_POINT('Ctrl Pts',(-18.557381435231,17.899148744919,-0.87));
#5369=CARTESIAN_POINT('Ctrl Pts',(-18.4000072834209,18.0761250679189,-0.87));
#5370=CARTESIAN_POINT('Ctrl Pts',(-17.8966125794557,18.5781657598883,-0.87));
#5371=CARTESIAN_POINT('Ctrl Pts',(-17.5144772293181,18.8769123650819,-0.87));
#5372=CARTESIAN_POINT('Ctrl Pts',(-16.9048165534323,19.2428118528834,-0.87));
#5373=CARTESIAN_POINT('Ctrl Pts',(-16.6947900236625,19.3519650110479,-0.87));
#5374=CARTESIAN_POINT('Ctrl Pts',(-16.2610137339891,19.544436399826,-0.87));
#5375=CARTESIAN_POINT('Ctrl Pts',(-16.0358036723292,19.6281364328302,-0.87));
#5376=CARTESIAN_POINT('Ctrl Pts',(-15.3496104871378,19.8367182945478,-0.87));
#5377=CARTESIAN_POINT('Ctrl Pts',(-14.8852485872333,19.9168542848988,-0.87));
#5378=CARTESIAN_POINT('Ctrl Pts',(-13.9473367369013,19.998667647106,-0.87));
#5379=CARTESIAN_POINT('Ctrl Pts',(-13.4737463823511,20.,-0.87));
#5380=CARTESIAN_POINT('Ctrl Pts',(-13.,20.,-0.87));
#5381=CARTESIAN_POINT('',(19.93,13.,-0.87));
#5382=CARTESIAN_POINT('',(19.93,-13.,-0.87));
#5383=CARTESIAN_POINT('',(19.93,13.,-0.87));
#5384=CARTESIAN_POINT('',(13.,-19.93,-0.87));
#5385=CARTESIAN_POINT('Ctrl Pts',(13.,-19.93,-0.87));
#5386=CARTESIAN_POINT('Ctrl Pts',(13.4694478834967,-19.93,-0.87));
#5387=CARTESIAN_POINT('Ctrl Pts',(14.1737264501672,-19.9280163303704,-0.87));
#5388=CARTESIAN_POINT('Ctrl Pts',(15.0984231926098,-19.8090777464157,-0.87));
#5389=CARTESIAN_POINT('Ctrl Pts',(15.7869365194666,-19.6457844925865,-0.87));
#5390=CARTESIAN_POINT('Ctrl Pts',(16.4535071981255,-19.3981792440205,-0.87));
#5391=CARTESIAN_POINT('Ctrl Pts',(17.2856828023098,-18.9667085900054,-0.87));
#5392=CARTESIAN_POINT('Ctrl Pts',(18.0399592467896,-18.3764719937738,-0.87));
#5393=CARTESIAN_POINT('Ctrl Pts',(18.6614263151367,-17.6767899962386,-0.87));
#5394=CARTESIAN_POINT('Ctrl Pts',(19.2037473226121,-16.8919390611761,-0.87));
#5395=CARTESIAN_POINT('Ctrl Pts',(19.5844776155948,-16.0356037810128,-0.87));
#5396=CARTESIAN_POINT('Ctrl Pts',(19.8078838884432,-15.1089800996434,-0.87));
#5397=CARTESIAN_POINT('Ctrl Pts',(19.9277563448723,-14.1782766386665,-0.87));
#5398=CARTESIAN_POINT('Ctrl Pts',(19.93,-13.4712353617578,-0.87));
#5399=CARTESIAN_POINT('Ctrl Pts',(19.93,-13.,-0.87));
#5400=CARTESIAN_POINT('',(-13.,-19.93,-0.87));
#5401=CARTESIAN_POINT('',(13.,-19.93,-0.87));
#5402=CARTESIAN_POINT('',(-19.93,-13.,-0.87));
#5403=CARTESIAN_POINT('Ctrl Pts',(-19.93,-13.,-0.87));
#5404=CARTESIAN_POINT('Ctrl Pts',(-19.93,-13.4694478834967,-0.87));
#5405=CARTESIAN_POINT('Ctrl Pts',(-19.9280163303704,-14.1737264501672,-0.87));
#5406=CARTESIAN_POINT('Ctrl Pts',(-19.8090777464157,-15.0984231926097,-0.87));
#5407=CARTESIAN_POINT('Ctrl Pts',(-19.6457844925865,-15.7869365194666,-0.87));
#5408=CARTESIAN_POINT('Ctrl Pts',(-19.3981792440206,-16.4535071981255,-0.87));
#5409=CARTESIAN_POINT('Ctrl Pts',(-18.9667085900054,-17.2856828023097,-0.87));
#5410=CARTESIAN_POINT('Ctrl Pts',(-18.3764719937739,-18.0399592467895,-0.87));
#5411=CARTESIAN_POINT('Ctrl Pts',(-17.6767899962387,-18.6614263151367,-0.87));
#5412=CARTESIAN_POINT('Ctrl Pts',(-16.8919390611762,-19.203747322612,-0.87));
#5413=CARTESIAN_POINT('Ctrl Pts',(-16.0356037810129,-19.5844776155948,-0.87));
#5414=CARTESIAN_POINT('Ctrl Pts',(-15.1089800996434,-19.8078838884433,-0.87));
#5415=CARTESIAN_POINT('Ctrl Pts',(-14.1782766386666,-19.9277563448723,-0.87));
#5416=CARTESIAN_POINT('Ctrl Pts',(-13.4712353617578,-19.93,-0.87));
#5417=CARTESIAN_POINT('Ctrl Pts',(-13.,-19.93,-0.87));
#5418=CARTESIAN_POINT('',(-19.93,13.,-0.87));
#5419=CARTESIAN_POINT('',(-19.93,-13.,-0.87));
#5420=CARTESIAN_POINT('',(-13.,19.93,-0.87));
#5421=CARTESIAN_POINT('Ctrl Pts',(-13.,19.93,-0.87));
#5422=CARTESIAN_POINT('Ctrl Pts',(-13.4694478834967,19.93,-0.87));
#5423=CARTESIAN_POINT('Ctrl Pts',(-14.1737264501672,19.9280163303704,-0.87));
#5424=CARTESIAN_POINT('Ctrl Pts',(-15.0984231926098,19.8090777464157,-0.87));
#5425=CARTESIAN_POINT('Ctrl Pts',(-15.7869365194666,19.6457844925866,-0.87));
#5426=CARTESIAN_POINT('Ctrl Pts',(-16.4535071981255,19.3981792440206,-0.87));
#5427=CARTESIAN_POINT('Ctrl Pts',(-17.2856828023097,18.9667085900053,-0.87));
#5428=CARTESIAN_POINT('Ctrl Pts',(-18.0399592467895,18.3764719937738,-0.87));
#5429=CARTESIAN_POINT('Ctrl Pts',(-18.6614263151367,17.6767899962387,-0.87));
#5430=CARTESIAN_POINT('Ctrl Pts',(-19.2037473226119,16.8919390611762,-0.87));
#5431=CARTESIAN_POINT('Ctrl Pts',(-19.5844776155948,16.0356037810129,-0.87));
#5432=CARTESIAN_POINT('Ctrl Pts',(-19.8078838884433,15.1089800996434,-0.87));
#5433=CARTESIAN_POINT('Ctrl Pts',(-19.9277563448723,14.1782766386665,-0.87));
#5434=CARTESIAN_POINT('Ctrl Pts',(-19.93,13.4712353617578,-0.87));
#5435=CARTESIAN_POINT('Ctrl Pts',(-19.93,13.,-0.87));
#5436=CARTESIAN_POINT('',(13.,19.93,-0.87));
#5437=CARTESIAN_POINT('',(-13.,19.93,-0.87));
#5438=CARTESIAN_POINT('Ctrl Pts',(19.93,13.,-0.87));
#5439=CARTESIAN_POINT('Ctrl Pts',(19.93,13.4694478834967,-0.87));
#5440=CARTESIAN_POINT('Ctrl Pts',(19.9280163303704,14.1737264501672,-0.87));
#5441=CARTESIAN_POINT('Ctrl Pts',(19.8090777464157,15.0984231926097,-0.87));
#5442=CARTESIAN_POINT('Ctrl Pts',(19.6457844925866,15.7869365194665,-0.87));
#5443=CARTESIAN_POINT('Ctrl Pts',(19.3981792440205,16.4535071981254,-0.87));
#5444=CARTESIAN_POINT('Ctrl Pts',(18.9667085900053,17.2856828023097,-0.87));
#5445=CARTESIAN_POINT('Ctrl Pts',(18.3764719937738,18.0399592467895,-0.87));
#5446=CARTESIAN_POINT('Ctrl Pts',(17.6767899962386,18.6614263151366,-0.87));
#5447=CARTESIAN_POINT('Ctrl Pts',(16.8919390611761,19.203747322612,-0.87));
#5448=CARTESIAN_POINT('Ctrl Pts',(16.0356037810128,19.5844776155947,-0.87));
#5449=CARTESIAN_POINT('Ctrl Pts',(15.1089800996434,19.8078838884432,-0.87));
#5450=CARTESIAN_POINT('Ctrl Pts',(14.1782766386666,19.9277563448723,-0.87));
#5451=CARTESIAN_POINT('Ctrl Pts',(13.4712353617578,19.93,-0.87));
#5452=CARTESIAN_POINT('Ctrl Pts',(13.,19.93,-0.87));
#5453=CARTESIAN_POINT('Origin',(-19.88,-13.,-23.002));
#5454=CARTESIAN_POINT('',(-19.88,-13.,-9.3));
#5455=CARTESIAN_POINT('',(-19.88,13.,-9.3));
#5456=CARTESIAN_POINT('',(-19.88,-13.,-9.3));
#5457=CARTESIAN_POINT('',(-19.88,-13.,-9.));
#5458=CARTESIAN_POINT('',(-19.88,-13.,-9.3));
#5459=CARTESIAN_POINT('',(-19.88,13.,-9.));
#5460=CARTESIAN_POINT('',(-19.88,13.,-9.));
#5461=CARTESIAN_POINT('',(-19.88,13.,-9.3));
#5462=CARTESIAN_POINT('Ctrl Pts',(-19.88,-13.,-9.3));
#5463=CARTESIAN_POINT('Ctrl Pts',(-19.88,-13.,-8.67792));
#5464=CARTESIAN_POINT('Ctrl Pts',(-19.88,-13.4659692075501,-9.3));
#5465=CARTESIAN_POINT('Ctrl Pts',(-19.88,-13.4659692075501,-8.67792));
#5466=CARTESIAN_POINT('Ctrl Pts',(-19.8782052183169,-14.1649099194809,-9.3));
#5467=CARTESIAN_POINT('Ctrl Pts',(-19.8782052183169,-14.1649099194809,-8.67792));
#5468=CARTESIAN_POINT('Ctrl Pts',(-19.7609137348161,-15.082856386669,-9.3));
#5469=CARTESIAN_POINT('Ctrl Pts',(-19.7609137348161,-15.082856386669,-8.67792));
#5470=CARTESIAN_POINT('Ctrl Pts',(-19.6001389017367,-15.764881937463,-9.3));
#5471=CARTESIAN_POINT('Ctrl Pts',(-19.6001389017367,-15.764881937463,-8.67792));
#5472=CARTESIAN_POINT('Ctrl Pts',(-19.3540818664814,-16.429769754382,-9.3));
#5473=CARTESIAN_POINT('Ctrl Pts',(-19.3540818664814,-16.429769754382,-8.67792));
#5474=CARTESIAN_POINT('Ctrl Pts',(-18.9269304760515,-17.2544745522455,-9.3));
#5475=CARTESIAN_POINT('Ctrl Pts',(-18.9269304760515,-17.2544745522455,-8.67792));
#5476=CARTESIAN_POINT('Ctrl Pts',(-18.3407102342297,-18.0048042873539,-9.3));
#5477=CARTESIAN_POINT('Ctrl Pts',(-18.3407102342297,-18.0048042873539,-8.67792));
#5478=CARTESIAN_POINT('Ctrl Pts',(-17.6461206669082,-18.621807946274,-9.3));
#5479=CARTESIAN_POINT('Ctrl Pts',(-17.6461206669082,-18.621807946274,-8.67792));
#5480=CARTESIAN_POINT('Ctrl Pts',(-16.8669181575016,-19.1602557354129,-9.3));
#5481=CARTESIAN_POINT('Ctrl Pts',(-16.8669181575016,-19.1602557354129,-8.67792));
#5482=CARTESIAN_POINT('Ctrl Pts',(-16.0159657756818,-19.5381785881833,-9.3));
#5483=CARTESIAN_POINT('Ctrl Pts',(-16.0159657756818,-19.5381785881833,-8.67792));
#5484=CARTESIAN_POINT('Ctrl Pts',(-15.0957361233907,-19.7593963746997,-9.3));
#5485=CARTESIAN_POINT('Ctrl Pts',(-15.0957361233907,-19.7593963746997,-8.67792));
#5486=CARTESIAN_POINT('Ctrl Pts',(-14.1704830913727,-19.877931610175,-9.3));
#5487=CARTESIAN_POINT('Ctrl Pts',(-14.1704830913727,-19.877931610175,-8.67792));
#5488=CARTESIAN_POINT('Ctrl Pts',(-13.46814872878,-19.88,-9.3));
#5489=CARTESIAN_POINT('Ctrl Pts',(-13.46814872878,-19.88,-8.67792));
#5490=CARTESIAN_POINT('Ctrl Pts',(-13.,-19.88,-9.3));
#5491=CARTESIAN_POINT('Ctrl Pts',(-13.,-19.88,-8.67792));
#5492=CARTESIAN_POINT('',(-13.,-19.88,-9.3));
#5493=CARTESIAN_POINT('Ctrl Pts',(-13.,-19.88,-9.3));
#5494=CARTESIAN_POINT('Ctrl Pts',(-13.46814872878,-19.88,-9.3));
#5495=CARTESIAN_POINT('Ctrl Pts',(-14.1704830913727,-19.877931610175,-9.3));
#5496=CARTESIAN_POINT('Ctrl Pts',(-15.0957361233907,-19.7593963746997,-9.3));
#5497=CARTESIAN_POINT('Ctrl Pts',(-16.0159657756818,-19.5381785881833,-9.3));
#5498=CARTESIAN_POINT('Ctrl Pts',(-16.8669181575016,-19.1602557354129,-9.3));
#5499=CARTESIAN_POINT('Ctrl Pts',(-17.6461206669082,-18.621807946274,-9.3));
#5500=CARTESIAN_POINT('Ctrl Pts',(-18.3407102342297,-18.0048042873539,-9.3));
#5501=CARTESIAN_POINT('Ctrl Pts',(-18.9269304760515,-17.2544745522455,-9.3));
#5502=CARTESIAN_POINT('Ctrl Pts',(-19.3540818664814,-16.429769754382,-9.3));
#5503=CARTESIAN_POINT('Ctrl Pts',(-19.6001389017367,-15.764881937463,-9.3));
#5504=CARTESIAN_POINT('Ctrl Pts',(-19.7609137348161,-15.082856386669,-9.3));
#5505=CARTESIAN_POINT('Ctrl Pts',(-19.8782052183169,-14.1649099194809,-9.3));
#5506=CARTESIAN_POINT('Ctrl Pts',(-19.88,-13.4659692075501,-9.3));
#5507=CARTESIAN_POINT('Ctrl Pts',(-19.88,-13.,-9.3));
#5508=CARTESIAN_POINT('',(-13.,-19.88,-9.));
#5509=CARTESIAN_POINT('',(-13.,-19.88,-9.3));
#5510=CARTESIAN_POINT('Ctrl Pts',(-19.88,-13.,-9.));
#5511=CARTESIAN_POINT('Ctrl Pts',(-19.88,-13.4659692075501,-9.));
#5512=CARTESIAN_POINT('Ctrl Pts',(-19.8782052183169,-14.1649099194809,-9.));
#5513=CARTESIAN_POINT('Ctrl Pts',(-19.7609137348161,-15.082856386669,-9.));
#5514=CARTESIAN_POINT('Ctrl Pts',(-19.6001389017367,-15.764881937463,-9.));
#5515=CARTESIAN_POINT('Ctrl Pts',(-19.3540818664814,-16.429769754382,-9.));
#5516=CARTESIAN_POINT('Ctrl Pts',(-18.9269304760515,-17.2544745522455,-9.));
#5517=CARTESIAN_POINT('Ctrl Pts',(-18.3407102342297,-18.0048042873539,-9.));
#5518=CARTESIAN_POINT('Ctrl Pts',(-17.6461206669082,-18.621807946274,-9.));
#5519=CARTESIAN_POINT('Ctrl Pts',(-16.8669181575016,-19.1602557354129,-9.));
#5520=CARTESIAN_POINT('Ctrl Pts',(-16.0159657756818,-19.5381785881833,-9.));
#5521=CARTESIAN_POINT('Ctrl Pts',(-15.0957361233907,-19.7593963746997,-9.));
#5522=CARTESIAN_POINT('Ctrl Pts',(-14.1704830913727,-19.877931610175,-9.));
#5523=CARTESIAN_POINT('Ctrl Pts',(-13.46814872878,-19.88,-9.));
#5524=CARTESIAN_POINT('Ctrl Pts',(-13.,-19.88,-9.));
#5525=CARTESIAN_POINT('Origin',(13.,-19.88,-23.002));
#5526=CARTESIAN_POINT('',(13.,-19.88,-9.3));
#5527=CARTESIAN_POINT('',(-13.,-19.88,-9.3));
#5528=CARTESIAN_POINT('',(13.,-19.88,-9.));
#5529=CARTESIAN_POINT('',(13.,-19.88,-9.3));
#5530=CARTESIAN_POINT('',(-13.,-19.88,-9.));
#5531=CARTESIAN_POINT('Ctrl Pts',(13.,-19.88,-9.3));
#5532=CARTESIAN_POINT('Ctrl Pts',(13.,-19.88,-8.67792));
#5533=CARTESIAN_POINT('Ctrl Pts',(13.4659692075501,-19.88,-9.3));
#5534=CARTESIAN_POINT('Ctrl Pts',(13.4659692075501,-19.88,-8.67792));
#5535=CARTESIAN_POINT('Ctrl Pts',(14.1649099194809,-19.8782052183169,-9.3));
#5536=CARTESIAN_POINT('Ctrl Pts',(14.1649099194809,-19.8782052183169,-8.67792));
#5537=CARTESIAN_POINT('Ctrl Pts',(15.082856386669,-19.7609137348161,-9.3));
#5538=CARTESIAN_POINT('Ctrl Pts',(15.082856386669,-19.7609137348161,-8.67792));
#5539=CARTESIAN_POINT('Ctrl Pts',(15.764881937463,-19.6001389017367,-9.3));
#5540=CARTESIAN_POINT('Ctrl Pts',(15.764881937463,-19.6001389017367,-8.67792));
#5541=CARTESIAN_POINT('Ctrl Pts',(16.429769754382,-19.3540818664814,-9.3));
#5542=CARTESIAN_POINT('Ctrl Pts',(16.429769754382,-19.3540818664814,-8.67792));
#5543=CARTESIAN_POINT('Ctrl Pts',(17.2544745522455,-18.9269304760515,-9.3));
#5544=CARTESIAN_POINT('Ctrl Pts',(17.2544745522455,-18.9269304760515,-8.67792));
#5545=CARTESIAN_POINT('Ctrl Pts',(18.0048042873539,-18.3407102342297,-9.3));
#5546=CARTESIAN_POINT('Ctrl Pts',(18.0048042873539,-18.3407102342297,-8.67792));
#5547=CARTESIAN_POINT('Ctrl Pts',(18.621807946274,-17.6461206669082,-9.3));
#5548=CARTESIAN_POINT('Ctrl Pts',(18.621807946274,-17.6461206669082,-8.67792));
#5549=CARTESIAN_POINT('Ctrl Pts',(19.1602557354129,-16.8669181575016,-9.3));
#5550=CARTESIAN_POINT('Ctrl Pts',(19.1602557354129,-16.8669181575016,-8.67792));
#5551=CARTESIAN_POINT('Ctrl Pts',(19.5381785881833,-16.0159657756818,-9.3));
#5552=CARTESIAN_POINT('Ctrl Pts',(19.5381785881833,-16.0159657756818,-8.67792));
#5553=CARTESIAN_POINT('Ctrl Pts',(19.7593963746997,-15.0957361233907,-9.3));
#5554=CARTESIAN_POINT('Ctrl Pts',(19.7593963746997,-15.0957361233907,-8.67792));
#5555=CARTESIAN_POINT('Ctrl Pts',(19.877931610175,-14.1704830913727,-9.3));
#5556=CARTESIAN_POINT('Ctrl Pts',(19.877931610175,-14.1704830913727,-8.67792));
#5557=CARTESIAN_POINT('Ctrl Pts',(19.88,-13.46814872878,-9.3));
#5558=CARTESIAN_POINT('Ctrl Pts',(19.88,-13.46814872878,-8.67792));
#5559=CARTESIAN_POINT('Ctrl Pts',(19.88,-13.,-9.3));
#5560=CARTESIAN_POINT('Ctrl Pts',(19.88,-13.,-8.67792));
#5561=CARTESIAN_POINT('',(19.88,-13.,-9.3));
#5562=CARTESIAN_POINT('Ctrl Pts',(19.88,-13.,-9.3));
#5563=CARTESIAN_POINT('Ctrl Pts',(19.88,-13.46814872878,-9.3));
#5564=CARTESIAN_POINT('Ctrl Pts',(19.877931610175,-14.1704830913727,-9.3));
#5565=CARTESIAN_POINT('Ctrl Pts',(19.7593963746997,-15.0957361233907,-9.3));
#5566=CARTESIAN_POINT('Ctrl Pts',(19.5381785881833,-16.0159657756818,-9.3));
#5567=CARTESIAN_POINT('Ctrl Pts',(19.1602557354129,-16.8669181575016,-9.3));
#5568=CARTESIAN_POINT('Ctrl Pts',(18.621807946274,-17.6461206669082,-9.3));
#5569=CARTESIAN_POINT('Ctrl Pts',(18.0048042873539,-18.3407102342297,-9.3));
#5570=CARTESIAN_POINT('Ctrl Pts',(17.2544745522455,-18.9269304760515,-9.3));
#5571=CARTESIAN_POINT('Ctrl Pts',(16.429769754382,-19.3540818664814,-9.3));
#5572=CARTESIAN_POINT('Ctrl Pts',(15.764881937463,-19.6001389017367,-9.3));
#5573=CARTESIAN_POINT('Ctrl Pts',(15.082856386669,-19.7609137348161,-9.3));
#5574=CARTESIAN_POINT('Ctrl Pts',(14.1649099194809,-19.8782052183169,-9.3));
#5575=CARTESIAN_POINT('Ctrl Pts',(13.4659692075501,-19.88,-9.3));
#5576=CARTESIAN_POINT('Ctrl Pts',(13.,-19.88,-9.3));
#5577=CARTESIAN_POINT('',(19.88,-13.,-9.));
#5578=CARTESIAN_POINT('',(19.88,-13.,-9.3));
#5579=CARTESIAN_POINT('Ctrl Pts',(13.,-19.88,-9.));
#5580=CARTESIAN_POINT('Ctrl Pts',(13.4659692075501,-19.88,-9.));
#5581=CARTESIAN_POINT('Ctrl Pts',(14.1649099194809,-19.8782052183169,-9.));
#5582=CARTESIAN_POINT('Ctrl Pts',(15.082856386669,-19.7609137348161,-9.));
#5583=CARTESIAN_POINT('Ctrl Pts',(15.764881937463,-19.6001389017367,-9.));
#5584=CARTESIAN_POINT('Ctrl Pts',(16.429769754382,-19.3540818664814,-9.));
#5585=CARTESIAN_POINT('Ctrl Pts',(17.2544745522455,-18.9269304760515,-9.));
#5586=CARTESIAN_POINT('Ctrl Pts',(18.0048042873539,-18.3407102342297,-9.));
#5587=CARTESIAN_POINT('Ctrl Pts',(18.621807946274,-17.6461206669082,-9.));
#5588=CARTESIAN_POINT('Ctrl Pts',(19.1602557354129,-16.8669181575016,-9.));
#5589=CARTESIAN_POINT('Ctrl Pts',(19.5381785881833,-16.0159657756818,-9.));
#5590=CARTESIAN_POINT('Ctrl Pts',(19.7593963746997,-15.0957361233907,-9.));
#5591=CARTESIAN_POINT('Ctrl Pts',(19.877931610175,-14.1704830913727,-9.));
#5592=CARTESIAN_POINT('Ctrl Pts',(19.88,-13.46814872878,-9.));
#5593=CARTESIAN_POINT('Ctrl Pts',(19.88,-13.,-9.));
#5594=CARTESIAN_POINT('Origin',(19.88,13.,-23.002));
#5595=CARTESIAN_POINT('',(19.88,13.,-9.3));
#5596=CARTESIAN_POINT('',(19.88,-13.,-9.3));
#5597=CARTESIAN_POINT('',(19.88,13.,-9.));
#5598=CARTESIAN_POINT('',(19.88,13.,-9.3));
#5599=CARTESIAN_POINT('',(19.88,-13.,-9.));
#5600=CARTESIAN_POINT('Ctrl Pts',(19.88,13.,-9.3));
#5601=CARTESIAN_POINT('Ctrl Pts',(19.88,13.,-8.67792));
#5602=CARTESIAN_POINT('Ctrl Pts',(19.88,13.4659692075501,-9.3));
#5603=CARTESIAN_POINT('Ctrl Pts',(19.88,13.4659692075501,-8.67792));
#5604=CARTESIAN_POINT('Ctrl Pts',(19.8782052183169,14.1649099194809,-9.3));
#5605=CARTESIAN_POINT('Ctrl Pts',(19.8782052183169,14.1649099194809,-8.67792));
#5606=CARTESIAN_POINT('Ctrl Pts',(19.7609137348161,15.082856386669,-9.3));
#5607=CARTESIAN_POINT('Ctrl Pts',(19.7609137348161,15.082856386669,-8.67792));
#5608=CARTESIAN_POINT('Ctrl Pts',(19.6001389017367,15.764881937463,-9.3));
#5609=CARTESIAN_POINT('Ctrl Pts',(19.6001389017367,15.764881937463,-8.67792));
#5610=CARTESIAN_POINT('Ctrl Pts',(19.3540818664814,16.429769754382,-9.3));
#5611=CARTESIAN_POINT('Ctrl Pts',(19.3540818664814,16.429769754382,-8.67792));
#5612=CARTESIAN_POINT('Ctrl Pts',(18.9269304760515,17.2544745522455,-9.3));
#5613=CARTESIAN_POINT('Ctrl Pts',(18.9269304760515,17.2544745522455,-8.67792));
#5614=CARTESIAN_POINT('Ctrl Pts',(18.3407102342298,18.0048042873539,-9.3));
#5615=CARTESIAN_POINT('Ctrl Pts',(18.3407102342298,18.0048042873539,-8.67792));
#5616=CARTESIAN_POINT('Ctrl Pts',(17.6461206669082,18.621807946274,-9.3));
#5617=CARTESIAN_POINT('Ctrl Pts',(17.6461206669082,18.621807946274,-8.67792));
#5618=CARTESIAN_POINT('Ctrl Pts',(16.8669181575016,19.1602557354129,-9.3));
#5619=CARTESIAN_POINT('Ctrl Pts',(16.8669181575016,19.1602557354129,-8.67792));
#5620=CARTESIAN_POINT('Ctrl Pts',(16.0159657756817,19.5381785881833,-9.3));
#5621=CARTESIAN_POINT('Ctrl Pts',(16.0159657756817,19.5381785881833,-8.67792));
#5622=CARTESIAN_POINT('Ctrl Pts',(15.0957361233907,19.7593963746997,-9.3));
#5623=CARTESIAN_POINT('Ctrl Pts',(15.0957361233907,19.7593963746997,-8.67792));
#5624=CARTESIAN_POINT('Ctrl Pts',(14.1704830913728,19.877931610175,-9.3));
#5625=CARTESIAN_POINT('Ctrl Pts',(14.1704830913728,19.877931610175,-8.67792));
#5626=CARTESIAN_POINT('Ctrl Pts',(13.46814872878,19.88,-9.3));
#5627=CARTESIAN_POINT('Ctrl Pts',(13.46814872878,19.88,-8.67792));
#5628=CARTESIAN_POINT('Ctrl Pts',(13.,19.88,-9.3));
#5629=CARTESIAN_POINT('Ctrl Pts',(13.,19.88,-8.67792));
#5630=CARTESIAN_POINT('',(13.,19.88,-9.3));
#5631=CARTESIAN_POINT('Ctrl Pts',(13.,19.88,-9.3));
#5632=CARTESIAN_POINT('Ctrl Pts',(13.46814872878,19.88,-9.3));
#5633=CARTESIAN_POINT('Ctrl Pts',(14.1704830913728,19.877931610175,-9.3));
#5634=CARTESIAN_POINT('Ctrl Pts',(15.0957361233907,19.7593963746997,-9.3));
#5635=CARTESIAN_POINT('Ctrl Pts',(16.0159657756817,19.5381785881833,-9.3));
#5636=CARTESIAN_POINT('Ctrl Pts',(16.8669181575016,19.1602557354129,-9.3));
#5637=CARTESIAN_POINT('Ctrl Pts',(17.6461206669082,18.621807946274,-9.3));
#5638=CARTESIAN_POINT('Ctrl Pts',(18.3407102342298,18.0048042873539,-9.3));
#5639=CARTESIAN_POINT('Ctrl Pts',(18.9269304760515,17.2544745522455,-9.3));
#5640=CARTESIAN_POINT('Ctrl Pts',(19.3540818664814,16.429769754382,-9.3));
#5641=CARTESIAN_POINT('Ctrl Pts',(19.6001389017367,15.764881937463,-9.3));
#5642=CARTESIAN_POINT('Ctrl Pts',(19.7609137348161,15.082856386669,-9.3));
#5643=CARTESIAN_POINT('Ctrl Pts',(19.8782052183169,14.1649099194809,-9.3));
#5644=CARTESIAN_POINT('Ctrl Pts',(19.88,13.4659692075501,-9.3));
#5645=CARTESIAN_POINT('Ctrl Pts',(19.88,13.,-9.3));
#5646=CARTESIAN_POINT('',(13.,19.88,-9.));
#5647=CARTESIAN_POINT('',(13.,19.88,-9.3));
#5648=CARTESIAN_POINT('Ctrl Pts',(19.88,13.,-9.));
#5649=CARTESIAN_POINT('Ctrl Pts',(19.88,13.4659692075501,-9.));
#5650=CARTESIAN_POINT('Ctrl Pts',(19.8782052183169,14.1649099194809,-9.));
#5651=CARTESIAN_POINT('Ctrl Pts',(19.7609137348161,15.082856386669,-9.));
#5652=CARTESIAN_POINT('Ctrl Pts',(19.6001389017367,15.764881937463,-9.));
#5653=CARTESIAN_POINT('Ctrl Pts',(19.3540818664814,16.429769754382,-9.));
#5654=CARTESIAN_POINT('Ctrl Pts',(18.9269304760515,17.2544745522455,-9.));
#5655=CARTESIAN_POINT('Ctrl Pts',(18.3407102342298,18.0048042873539,-9.));
#5656=CARTESIAN_POINT('Ctrl Pts',(17.6461206669082,18.621807946274,-9.));
#5657=CARTESIAN_POINT('Ctrl Pts',(16.8669181575016,19.1602557354129,-9.));
#5658=CARTESIAN_POINT('Ctrl Pts',(16.0159657756817,19.5381785881833,-9.));
#5659=CARTESIAN_POINT('Ctrl Pts',(15.0957361233907,19.7593963746997,-9.));
#5660=CARTESIAN_POINT('Ctrl Pts',(14.1704830913728,19.877931610175,-9.));
#5661=CARTESIAN_POINT('Ctrl Pts',(13.46814872878,19.88,-9.));
#5662=CARTESIAN_POINT('Ctrl Pts',(13.,19.88,-9.));
#5663=CARTESIAN_POINT('Ctrl Pts',(-13.,19.88,-9.3));
#5664=CARTESIAN_POINT('Ctrl Pts',(-13.,19.88,-8.67792));
#5665=CARTESIAN_POINT('Ctrl Pts',(-13.4659692075501,19.88,-9.3));
#5666=CARTESIAN_POINT('Ctrl Pts',(-13.4659692075501,19.88,-8.67792));
#5667=CARTESIAN_POINT('Ctrl Pts',(-14.1649099194809,19.8782052183169,-9.3));
#5668=CARTESIAN_POINT('Ctrl Pts',(-14.1649099194809,19.8782052183169,-8.67792));
#5669=CARTESIAN_POINT('Ctrl Pts',(-15.082856386669,19.7609137348161,-9.3));
#5670=CARTESIAN_POINT('Ctrl Pts',(-15.082856386669,19.7609137348161,-8.67792));
#5671=CARTESIAN_POINT('Ctrl Pts',(-15.764881937463,19.6001389017367,-9.3));
#5672=CARTESIAN_POINT('Ctrl Pts',(-15.764881937463,19.6001389017367,-8.67792));
#5673=CARTESIAN_POINT('Ctrl Pts',(-16.429769754382,19.3540818664814,-9.3));
#5674=CARTESIAN_POINT('Ctrl Pts',(-16.429769754382,19.3540818664814,-8.67792));
#5675=CARTESIAN_POINT('Ctrl Pts',(-17.2544745522455,18.9269304760515,-9.3));
#5676=CARTESIAN_POINT('Ctrl Pts',(-17.2544745522455,18.9269304760515,-8.67792));
#5677=CARTESIAN_POINT('Ctrl Pts',(-18.0048042873539,18.3407102342297,-9.3));
#5678=CARTESIAN_POINT('Ctrl Pts',(-18.0048042873539,18.3407102342297,-8.67792));
#5679=CARTESIAN_POINT('Ctrl Pts',(-18.621807946274,17.6461206669083,-9.3));
#5680=CARTESIAN_POINT('Ctrl Pts',(-18.621807946274,17.6461206669083,-8.67792));
#5681=CARTESIAN_POINT('Ctrl Pts',(-19.1602557354129,16.8669181575016,-9.3));
#5682=CARTESIAN_POINT('Ctrl Pts',(-19.1602557354129,16.8669181575016,-8.67792));
#5683=CARTESIAN_POINT('Ctrl Pts',(-19.5381785881833,16.0159657756817,-9.30000000000001));
#5684=CARTESIAN_POINT('Ctrl Pts',(-19.5381785881833,16.0159657756817,-8.67792000000001));
#5685=CARTESIAN_POINT('Ctrl Pts',(-19.7593963746997,15.0957361233907,-9.3));
#5686=CARTESIAN_POINT('Ctrl Pts',(-19.7593963746997,15.0957361233907,-8.67792));
#5687=CARTESIAN_POINT('Ctrl Pts',(-19.877931610175,14.1704830913728,-9.3));
#5688=CARTESIAN_POINT('Ctrl Pts',(-19.877931610175,14.1704830913728,-8.67792));
#5689=CARTESIAN_POINT('Ctrl Pts',(-19.88,13.46814872878,-9.3));
#5690=CARTESIAN_POINT('Ctrl Pts',(-19.88,13.46814872878,-8.67792));
#5691=CARTESIAN_POINT('Ctrl Pts',(-19.88,13.,-9.3));
#5692=CARTESIAN_POINT('Ctrl Pts',(-19.88,13.,-8.67792));
#5693=CARTESIAN_POINT('',(-13.,19.88,-9.3));
#5694=CARTESIAN_POINT('Ctrl Pts',(-19.88,13.,-9.3));
#5695=CARTESIAN_POINT('Ctrl Pts',(-19.88,13.46814872878,-9.3));
#5696=CARTESIAN_POINT('Ctrl Pts',(-19.877931610175,14.1704830913728,-9.3));
#5697=CARTESIAN_POINT('Ctrl Pts',(-19.7593963746997,15.0957361233907,-9.3));
#5698=CARTESIAN_POINT('Ctrl Pts',(-19.5381785881833,16.0159657756817,-9.30000000000001));
#5699=CARTESIAN_POINT('Ctrl Pts',(-19.1602557354129,16.8669181575016,-9.3));
#5700=CARTESIAN_POINT('Ctrl Pts',(-18.621807946274,17.6461206669083,-9.3));
#5701=CARTESIAN_POINT('Ctrl Pts',(-18.0048042873539,18.3407102342297,-9.3));
#5702=CARTESIAN_POINT('Ctrl Pts',(-17.2544745522455,18.9269304760515,-9.3));
#5703=CARTESIAN_POINT('Ctrl Pts',(-16.429769754382,19.3540818664814,-9.3));
#5704=CARTESIAN_POINT('Ctrl Pts',(-15.764881937463,19.6001389017367,-9.3));
#5705=CARTESIAN_POINT('Ctrl Pts',(-15.082856386669,19.7609137348161,-9.3));
#5706=CARTESIAN_POINT('Ctrl Pts',(-14.1649099194809,19.8782052183169,-9.3));
#5707=CARTESIAN_POINT('Ctrl Pts',(-13.4659692075501,19.88,-9.3));
#5708=CARTESIAN_POINT('Ctrl Pts',(-13.,19.88,-9.3));
#5709=CARTESIAN_POINT('',(-13.,19.88,-9.));
#5710=CARTESIAN_POINT('Ctrl Pts',(-13.,19.88,-9.));
#5711=CARTESIAN_POINT('Ctrl Pts',(-13.4659692075501,19.88,-9.));
#5712=CARTESIAN_POINT('Ctrl Pts',(-14.1649099194809,19.8782052183169,-9.));
#5713=CARTESIAN_POINT('Ctrl Pts',(-15.082856386669,19.7609137348161,-9.));
#5714=CARTESIAN_POINT('Ctrl Pts',(-15.764881937463,19.6001389017367,-9.));
#5715=CARTESIAN_POINT('Ctrl Pts',(-16.429769754382,19.3540818664814,-9.));
#5716=CARTESIAN_POINT('Ctrl Pts',(-17.2544745522455,18.9269304760515,-9.));
#5717=CARTESIAN_POINT('Ctrl Pts',(-18.0048042873539,18.3407102342297,-9.));
#5718=CARTESIAN_POINT('Ctrl Pts',(-18.621807946274,17.6461206669083,-9.));
#5719=CARTESIAN_POINT('Ctrl Pts',(-19.1602557354129,16.8669181575016,-9.));
#5720=CARTESIAN_POINT('Ctrl Pts',(-19.5381785881833,16.0159657756817,-9.));
#5721=CARTESIAN_POINT('Ctrl Pts',(-19.7593963746997,15.0957361233907,-9.));
#5722=CARTESIAN_POINT('Ctrl Pts',(-19.877931610175,14.1704830913728,-9.));
#5723=CARTESIAN_POINT('Ctrl Pts',(-19.88,13.46814872878,-9.));
#5724=CARTESIAN_POINT('Ctrl Pts',(-19.88,13.,-9.));
#5725=CARTESIAN_POINT('',(-13.,19.88,-9.3));
#5726=CARTESIAN_POINT('Origin',(-13.,19.88,-23.002));
#5727=CARTESIAN_POINT('',(-13.,19.88,-9.3));
#5728=CARTESIAN_POINT('',(13.,19.88,-9.));
#5729=CARTESIAN_POINT('Ctrl Pts',(-13.,21.,-0.100000000000003));
#5730=CARTESIAN_POINT('Ctrl Pts',(-13.,21.,-4.32325616278595E-15));
#5731=CARTESIAN_POINT('Ctrl Pts',(-13.,20.9,-4.32325616278595E-15));
#5732=CARTESIAN_POINT('Ctrl Pts',(-13.532407301077,21.,-0.100000000000003));
#5733=CARTESIAN_POINT('Ctrl Pts',(-13.5324073008367,21.0000000166752,3.70081769559351E-12));
#5734=CARTESIAN_POINT('Ctrl Pts',(-13.5324025199868,20.9000000166751,-4.32325616278595E-15));
#5735=CARTESIAN_POINT('Ctrl Pts',(-14.0680712639953,20.9968808579116,-0.100000000000003));
#5736=CARTESIAN_POINT('Ctrl Pts',(-14.0680712643643,20.9968808616931,-4.36507858534935E-14));
#5737=CARTESIAN_POINT('Ctrl Pts',(-14.0640668175178,20.8967973219915,-4.29615110847381E-15));
#5738=CARTESIAN_POINT('Ctrl Pts',(-15.1304320827602,20.8933407810559,-0.100000000000003));
#5739=CARTESIAN_POINT('Ctrl Pts',(-15.1304320823912,20.8933407772744,3.5058483636546E-14));
#5740=CARTESIAN_POINT('Ctrl Pts',(-15.1150360029799,20.7943674919714,-4.29615110847381E-15));
#5741=CARTESIAN_POINT('Ctrl Pts',(-15.6571353623314,20.794563481105,-0.100000000000003));
#5742=CARTESIAN_POINT('Ctrl Pts',(-15.6571353628906,20.79456348287,-4.29615110847381E-15));
#5743=CARTESIAN_POINT('Ctrl Pts',(-15.63441075087,20.6968646296485,-4.29615110847381E-15));
#5744=CARTESIAN_POINT('Ctrl Pts',(-16.434671175946,20.5482549315291,-0.100000000000003));
#5745=CARTESIAN_POINT('Ctrl Pts',(-16.4346711756664,20.5482549306466,-4.29615110847381E-15));
#5746=CARTESIAN_POINT('Ctrl Pts',(-16.4007348708301,20.4541077284322,-4.29615110847381E-15));
#5747=CARTESIAN_POINT('Ctrl Pts',(-16.6915656901697,20.4497580690793,-0.100000000000003));
#5748=CARTESIAN_POINT('Ctrl Pts',(-16.6915656900766,20.4497580688747,-4.29615110847381E-15));
#5749=CARTESIAN_POINT('Ctrl Pts',(-16.6538408945815,20.3570604110317,-4.29615110847381E-15));
#5750=CARTESIAN_POINT('Ctrl Pts',(-17.1852220397811,20.225447318156,-0.100000000000003));
#5751=CARTESIAN_POINT('Ctrl Pts',(-17.1852220398741,20.2254473183607,-4.29615110847381E-15));
#5752=CARTESIAN_POINT('Ctrl Pts',(-17.1402102434914,20.1360607748998,-4.29615110847381E-15));
#5753=CARTESIAN_POINT('Ctrl Pts',(-17.4240316973329,20.0990969135604,-0.100000000000003));
#5754=CARTESIAN_POINT('Ctrl Pts',(-17.4240316973349,20.0990969135637,-4.30970363562988E-15));
#5755=CARTESIAN_POINT('Ctrl Pts',(-17.3754898246456,20.0115786346602,-4.30970363562988E-15));
#5756=CARTESIAN_POINT('Ctrl Pts',(-17.8858031179922,19.8184631037582,-0.100000000000003));
#5757=CARTESIAN_POINT('Ctrl Pts',(-17.8858031179902,19.8184631037548,-4.30970363562988E-15));
#5758=CARTESIAN_POINT('Ctrl Pts',(-17.8304756554367,19.7350686528919,-4.30970363562988E-15));
#5759=CARTESIAN_POINT('Ctrl Pts',(-18.1087751378406,19.6641952049084,-0.100000000000003));
#5760=CARTESIAN_POINT('Ctrl Pts',(-18.1087751380688,19.6641952051993,-6.62473241708427E-16));
#5761=CARTESIAN_POINT('Ctrl Pts',(-18.0501904215018,19.5830558750041,-4.30970363562988E-15));
#5762=CARTESIAN_POINT('Ctrl Pts',(-18.5385586791573,19.3271576921295,-0.100000000000003));
#5763=CARTESIAN_POINT('Ctrl Pts',(-18.5385586789291,19.3271576918385,-7.95693402955133E-15));
#5764=CARTESIAN_POINT('Ctrl Pts',(-18.4737262045095,19.2509178716708,-4.30970363562988E-15));
#5765=CARTESIAN_POINT('Ctrl Pts',(-18.7433262198263,19.1457866319833,-0.100000000000003));
#5766=CARTESIAN_POINT('Ctrl Pts',(-18.7433262196871,19.1457866318435,-6.11740140233608E-15));
#5767=CARTESIAN_POINT('Ctrl Pts',(-18.6755318046864,19.0721711070162,-4.30970363562988E-15));
#5768=CARTESIAN_POINT('Ctrl Pts',(-19.3186873487471,18.5727341570919,-0.100000000000003));
#5769=CARTESIAN_POINT('Ctrl Pts',(-19.3186873490254,18.5727341573714,-6.94308102217471E-16));
#5770=CARTESIAN_POINT('Ctrl Pts',(-19.2425710211415,18.5074071534861,-4.30970363562988E-15));
#5771=CARTESIAN_POINT('Ctrl Pts',(-19.6552595795498,18.1492152309456,-0.100000000000003));
#5772=CARTESIAN_POINT('Ctrl Pts',(-19.6552595788222,18.1492152304987,-6.51685005003468E-16));
#5773=CARTESIAN_POINT('Ctrl Pts',(-19.5742615579589,18.090019931629,-4.30970363562988E-15));
#5774=CARTESIAN_POINT('Ctrl Pts',(-20.2287540600251,17.2155259591233,-0.100000000000003));
#5775=CARTESIAN_POINT('Ctrl Pts',(-20.2287540607526,17.2155259595702,-7.96772226625629E-15));
#5776=CARTESIAN_POINT('Ctrl Pts',(-20.1393322037392,17.1700452572529,-4.30970363562988E-15));
#5777=CARTESIAN_POINT('Ctrl Pts',(-20.4537370126258,16.723751107614,-0.100000000000003));
#5778=CARTESIAN_POINT('Ctrl Pts',(-20.4537370122758,16.7237511075012,-1.15249413152749E-14));
#5779=CARTESIAN_POINT('Ctrl Pts',(-20.360957607699,16.6856312203082,-4.29615110847381E-15));
#5780=CARTESIAN_POINT('Ctrl Pts',(-20.702781398456,15.951080072613,-0.100000000000003));
#5781=CARTESIAN_POINT('Ctrl Pts',(-20.702781398631,15.9510800726694,-6.81756005073243E-16));
#5782=CARTESIAN_POINT('Ctrl Pts',(-20.6064037811313,15.9241237973803,-4.29615110847381E-15));
#5783=CARTESIAN_POINT('Ctrl Pts',(-20.7711516668794,15.6865896033139,-0.100000000000003));
#5784=CARTESIAN_POINT('Ctrl Pts',(-20.7711516655683,15.6865896030508,3.94570489404503E-14));
#5785=CARTESIAN_POINT('Ctrl Pts',(-20.6738153967757,15.663377490507,-4.32325616278595E-15));
#5786=CARTESIAN_POINT('Ctrl Pts',(-20.8784077996311,15.1515790809437,-0.100000000000003));
#5787=CARTESIAN_POINT('Ctrl Pts',(-20.8784078009423,15.1515790812068,-4.8103561266022E-14));
#5788=CARTESIAN_POINT('Ctrl Pts',(-20.779645860679,15.135478442574,-4.32325616278595E-15));
#5789=CARTESIAN_POINT('Ctrl Pts',(-20.9169937515972,14.8831242385851,-0.100000000000003));
#5790=CARTESIAN_POINT('Ctrl Pts',(-20.9169937496152,14.8831242383887,-4.96760156403004E-16));
#5791=CARTESIAN_POINT('Ctrl Pts',(-20.8177685360977,14.8703628552727,-4.29615110847381E-15));
#5792=CARTESIAN_POINT('Ctrl Pts',(-20.9969433648961,14.0762946758282,-0.100000000000003));
#5793=CARTESIAN_POINT('Ctrl Pts',(-20.9969433688601,14.076294676221,-1.13663844535287E-14));
#5794=CARTESIAN_POINT('Ctrl Pts',(-20.8968558937029,14.0722349991005,-4.29615110847381E-15));
#5795=CARTESIAN_POINT('Ctrl Pts',(-21.,13.5363393177902,-0.100000000000003));
#5796=CARTESIAN_POINT('Ctrl Pts',(-21.0000000168049,13.5363393175311,-1.64500148177536E-12));
#5797=CARTESIAN_POINT('Ctrl Pts',(-20.9000000168019,13.5363333043872,-5.7327189870171E-15));
#5798=CARTESIAN_POINT('Ctrl Pts',(-21.,13.,-0.100000000000003));
#5799=CARTESIAN_POINT('Ctrl Pts',(-21.,13.,-2.26327203506349E-15));
#5800=CARTESIAN_POINT('Ctrl Pts',(-20.9,13.,-5.7327189870171E-15));
#5801=CARTESIAN_POINT('',(-20.9,13.,-1.43317974675428E-15));
#5802=CARTESIAN_POINT('',(-21.,13.,-0.100000000000003));
#5803=CARTESIAN_POINT('Origin',(-20.9,13.,-0.1));
#5804=CARTESIAN_POINT('',(-13.,20.9,-1.07742590890747E-15));
#5805=CARTESIAN_POINT('Ctrl Pts',(-13.,20.9,-4.31946145518225E-15));
#5806=CARTESIAN_POINT('Ctrl Pts',(-13.5324025199868,20.9000000166751,-4.31946145518225E-15));
#5807=CARTESIAN_POINT('Ctrl Pts',(-14.0640668175178,20.8967973219915,-4.29235640087011E-15));
#5808=CARTESIAN_POINT('Ctrl Pts',(-15.1150360029799,20.7943674919714,-4.30211422042248E-15));
#5809=CARTESIAN_POINT('Ctrl Pts',(-15.63441075087,20.6968646296485,-4.30211422042248E-15));
#5810=CARTESIAN_POINT('Ctrl Pts',(-16.4007348708301,20.4541077284322,-4.30211422042248E-15));
#5811=CARTESIAN_POINT('Ctrl Pts',(-16.6538408945815,20.3570604110317,-4.30211422042248E-15));
#5812=CARTESIAN_POINT('Ctrl Pts',(-17.1402102434914,20.1360607748998,-4.30211422042248E-15));
#5813=CARTESIAN_POINT('Ctrl Pts',(-17.3754898246456,20.0115786346602,-4.31566674757855E-15));
#5814=CARTESIAN_POINT('Ctrl Pts',(-17.8304756554367,19.7350686528919,-4.31946145518225E-15));
#5815=CARTESIAN_POINT('Ctrl Pts',(-18.0501904215018,19.5830558750041,-4.31946145518225E-15));
#5816=CARTESIAN_POINT('Ctrl Pts',(-18.4737262045095,19.2509178716708,-4.31946145518225E-15));
#5817=CARTESIAN_POINT('Ctrl Pts',(-18.6755318046864,19.0721711070162,-4.31946145518225E-15));
#5818=CARTESIAN_POINT('Ctrl Pts',(-19.2425710211415,18.5074071534861,-4.31946145518225E-15));
#5819=CARTESIAN_POINT('Ctrl Pts',(-19.5742615579589,18.090019931629,-4.31946145518225E-15));
#5820=CARTESIAN_POINT('Ctrl Pts',(-20.1393322037392,17.1700452572529,-4.31946145518225E-15));
#5821=CARTESIAN_POINT('Ctrl Pts',(-20.360957607699,16.6856312203082,-4.30590892802618E-15));
#5822=CARTESIAN_POINT('Ctrl Pts',(-20.6064037811313,15.9241237973803,-4.30211422042248E-15));
#5823=CARTESIAN_POINT('Ctrl Pts',(-20.6738153967757,15.663377490507,-4.32921927473462E-15));
#5824=CARTESIAN_POINT('Ctrl Pts',(-20.779645860679,15.135478442574,-4.31946145518225E-15));
#5825=CARTESIAN_POINT('Ctrl Pts',(-20.8177685360977,14.8703628552727,-4.29235640087011E-15));
#5826=CARTESIAN_POINT('Ctrl Pts',(-20.8968558937029,14.0722349991005,-4.30211422042248E-15));
#5827=CARTESIAN_POINT('Ctrl Pts',(-20.9000000168019,13.5363333043872,-5.73868209896577E-15));
#5828=CARTESIAN_POINT('Ctrl Pts',(-20.9,13.,-5.73868209896577E-15));
#5829=CARTESIAN_POINT('',(-13.,21.,-0.100000000000003));
#5830=CARTESIAN_POINT('Origin',(-13.,20.9,-0.1));
#5831=CARTESIAN_POINT('Ctrl Pts',(-21.,13.,-0.100000000000003));
#5832=CARTESIAN_POINT('Ctrl Pts',(-21.,15.4895373825391,-0.100000000000003));
#5833=CARTESIAN_POINT('Ctrl Pts',(-21.,17.9790747650782,-0.100000000000003));
#5834=CARTESIAN_POINT('Ctrl Pts',(-17.9790747650782,21.,-0.100000000000003));
#5835=CARTESIAN_POINT('Ctrl Pts',(-15.4895373825391,21.,-0.100000000000003));
#5836=CARTESIAN_POINT('Ctrl Pts',(-13.,21.,-0.100000000000003));
#5837=CARTESIAN_POINT('Origin',(-20.9,-18.9449510801087,-0.1));
#5838=CARTESIAN_POINT('',(-20.9,-13.,-2.33442280263285E-15));
#5839=CARTESIAN_POINT('',(-21.,-13.,-0.100000000000003));
#5840=CARTESIAN_POINT('Origin',(-20.9,-13.,-0.100000000000003));
#5841=CARTESIAN_POINT('',(-20.9,-13.,0.));
#5842=CARTESIAN_POINT('',(-21.,-13.,-0.100000000000003));
#5843=CARTESIAN_POINT('Ctrl Pts',(-21.,-13.,-0.100000000000003));
#5844=CARTESIAN_POINT('Ctrl Pts',(-21.,-13.,-8.53809210832335E-16));
#5845=CARTESIAN_POINT('Ctrl Pts',(-20.9,-13.,-4.32325616278595E-15));
#5846=CARTESIAN_POINT('Ctrl Pts',(-21.,-13.5324073010761,-0.100000000000003));
#5847=CARTESIAN_POINT('Ctrl Pts',(-21.0000000166752,-13.532407300836,-2.7607689290647E-12));
#5848=CARTESIAN_POINT('Ctrl Pts',(-20.9000000166751,-13.5324025199858,-4.32325616278595E-15));
#5849=CARTESIAN_POINT('Ctrl Pts',(-20.9968808579115,-14.0680712639965,-0.100000000000003));
#5850=CARTESIAN_POINT('Ctrl Pts',(-20.9968808616949,-14.0680712643652,-9.23777079042001E-13));
#5851=CARTESIAN_POINT('Ctrl Pts',(-20.8967973219934,-14.0640668175191,-4.30970363562988E-15));
#5852=CARTESIAN_POINT('Ctrl Pts',(-20.893340781056,-15.130432082759,-0.100000000000003));
#5853=CARTESIAN_POINT('Ctrl Pts',(-20.8933407772725,-15.1304320823902,9.15157671770742E-13));
#5854=CARTESIAN_POINT('Ctrl Pts',(-20.7943674919695,-15.1150360029786,-4.30970363562988E-15));
#5855=CARTESIAN_POINT('Ctrl Pts',(-20.7945634811046,-15.6571353623326,-0.100000000000003));
#5856=CARTESIAN_POINT('Ctrl Pts',(-20.7945634828747,-15.6571353628933,-6.64726879703988E-16));
#5857=CARTESIAN_POINT('Ctrl Pts',(-20.6968646296523,-15.6344107508737,-4.29615110847381E-15));
#5858=CARTESIAN_POINT('Ctrl Pts',(-20.5482549315293,-16.4346711759454,-0.100000000000003));
#5859=CARTESIAN_POINT('Ctrl Pts',(-20.5482549306443,-16.4346711756649,-6.11186322285872E-15));
#5860=CARTESIAN_POINT('Ctrl Pts',(-20.4541077284303,-16.4007348708283,-4.29615110847381E-15));
#5861=CARTESIAN_POINT('Ctrl Pts',(-20.4497580690789,-16.6915656901707,-0.100000000000003));
#5862=CARTESIAN_POINT('Ctrl Pts',(-20.4497580688719,-16.6915656900766,-2.49968009740451E-15));
#5863=CARTESIAN_POINT('Ctrl Pts',(-20.357060411029,-16.6538408945815,-4.30970363562988E-15));
#5864=CARTESIAN_POINT('Ctrl Pts',(-20.2254473181565,-17.1852220397801,-0.100000000000003));
#5865=CARTESIAN_POINT('Ctrl Pts',(-20.2254473183635,-17.1852220398741,-6.11972717385524E-15));
#5866=CARTESIAN_POINT('Ctrl Pts',(-20.1360607749027,-17.1402102434914,-4.30970363562988E-15));
#5867=CARTESIAN_POINT('Ctrl Pts',(-20.0990969135602,-17.424031697333,-0.100000000000003));
#5868=CARTESIAN_POINT('Ctrl Pts',(-20.0990969135633,-17.4240316973349,-2.505798263595E-15));
#5869=CARTESIAN_POINT('Ctrl Pts',(-20.0115786346597,-17.3754898246461,-4.30970363562988E-15));
#5870=CARTESIAN_POINT('Ctrl Pts',(-19.8184631037584,-17.8858031179921,-0.100000000000003));
#5871=CARTESIAN_POINT('Ctrl Pts',(-19.8184631037553,-17.8858031179902,-6.11360900766475E-15));
#5872=CARTESIAN_POINT('Ctrl Pts',(-19.7350686528924,-17.8304756554362,-4.30970363562988E-15));
#5873=CARTESIAN_POINT('Ctrl Pts',(-19.6641952049093,-18.1087751378396,-0.100000000000003));
#5874=CARTESIAN_POINT('Ctrl Pts',(-19.6641952051999,-18.1087751380675,-2.48608843866915E-15));
#5875=CARTESIAN_POINT('Ctrl Pts',(-19.5830558750046,-18.0501904215009,-4.30970363562988E-15));
#5876=CARTESIAN_POINT('Ctrl Pts',(-19.3271576921287,-18.5385586791584,-0.100000000000003));
#5877=CARTESIAN_POINT('Ctrl Pts',(-19.327157691838,-18.5385586789305,-6.13331883259061E-15));
#5878=CARTESIAN_POINT('Ctrl Pts',(-19.2509178716703,-18.4737262045104,-4.30970363562988E-15));
#5879=CARTESIAN_POINT('Ctrl Pts',(-19.1457866319829,-18.7433262198268,-0.100000000000003));
#5880=CARTESIAN_POINT('Ctrl Pts',(-19.1457866318412,-18.7433262196857,-6.11740140233608E-15));
#5881=CARTESIAN_POINT('Ctrl Pts',(-19.0721711070139,-18.6755318046851,-4.30970363562988E-15));
#5882=CARTESIAN_POINT('Ctrl Pts',(-18.5727341570929,-19.3186873487462,-0.100000000000003));
#5883=CARTESIAN_POINT('Ctrl Pts',(-18.5727341573761,-19.3186873490282,-6.94308102217471E-16));
#5884=CARTESIAN_POINT('Ctrl Pts',(-18.5074071534907,-19.2425710211443,-4.30970363562988E-15));
#5885=CARTESIAN_POINT('Ctrl Pts',(-18.1492152309439,-19.6552595795509,-0.100000000000003));
#5886=CARTESIAN_POINT('Ctrl Pts',(-18.1492152304969,-19.6552595788232,-4.29615110847381E-15));
#5887=CARTESIAN_POINT('Ctrl Pts',(-18.0900199316272,-19.57426155796,-4.29615110847381E-15));
#5888=CARTESIAN_POINT('Ctrl Pts',(-17.2155259591251,-20.2287540600241,-0.100000000000003));
#5889=CARTESIAN_POINT('Ctrl Pts',(-17.2155259595721,-20.2287540607517,-4.29615110847381E-15));
#5890=CARTESIAN_POINT('Ctrl Pts',(-17.1700452572548,-20.1393322037383,-4.29615110847381E-15));
#5891=CARTESIAN_POINT('Ctrl Pts',(-16.7237511076132,-20.4537370126261,-0.100000000000003));
#5892=CARTESIAN_POINT('Ctrl Pts',(-16.7237511074994,-20.4537370122731,-6.95308532229313E-16));
#5893=CARTESIAN_POINT('Ctrl Pts',(-16.6856312203063,-20.3609576076954,-4.30970363562988E-15));
#5894=CARTESIAN_POINT('Ctrl Pts',(-15.9510800726135,-20.7027813984559,-0.100000000000003));
#5895=CARTESIAN_POINT('Ctrl Pts',(-15.9510800726704,-20.7027813986324,-6.11690118733016E-15));
#5896=CARTESIAN_POINT('Ctrl Pts',(-15.9241237973812,-20.6064037811332,-4.30970363562988E-15));
#5897=CARTESIAN_POINT('Ctrl Pts',(-15.6865896033139,-20.7711516668794,-0.100000000000003));
#5898=CARTESIAN_POINT('Ctrl Pts',(-15.6865896030511,-20.7711516655683,-6.14743554208746E-15));
#5899=CARTESIAN_POINT('Ctrl Pts',(-15.663377490507,-20.6738153967757,-4.32325616278595E-15));
#5900=CARTESIAN_POINT('Ctrl Pts',(-15.1515790809437,-20.8784077996312,-0.100000000000003));
#5901=CARTESIAN_POINT('Ctrl Pts',(-15.1515790812066,-20.8784078009423,-2.49907678348445E-15));
#5902=CARTESIAN_POINT('Ctrl Pts',(-15.135478442574,-20.7796458606791,-4.32325616278595E-15));
#5903=CARTESIAN_POINT('Ctrl Pts',(-14.8831242385856,-20.9169937515972,-0.100000000000003));
#5904=CARTESIAN_POINT('Ctrl Pts',(-14.8831242383891,-20.9169937496166,1.76057278116505E-14));
#5905=CARTESIAN_POINT('Ctrl Pts',(-14.8703628552731,-20.8177685360991,-4.30970363562988E-15));
#5906=CARTESIAN_POINT('Ctrl Pts',(-14.0762946758271,-20.9969433648963,-0.100000000000003));
#5907=CARTESIAN_POINT('Ctrl Pts',(-14.0762946762201,-20.9969433688574,-4.7612017971104E-14));
#5908=CARTESIAN_POINT('Ctrl Pts',(-14.0722349990996,-20.8968558937002,-4.30970363562988E-15));
#5909=CARTESIAN_POINT('Ctrl Pts',(-13.5363393177911,-21.,-0.100000000000003));
#5910=CARTESIAN_POINT('Ctrl Pts',(-13.5363393175318,-21.0000000168049,1.15724067843117E-12));
#5911=CARTESIAN_POINT('Ctrl Pts',(-13.5363333043879,-20.900000016802,-5.75982404132924E-15));
#5912=CARTESIAN_POINT('Ctrl Pts',(-13.,-21.,-0.100000000000003));
#5913=CARTESIAN_POINT('Ctrl Pts',(-13.,-21.,-5.75982404132924E-15));
#5914=CARTESIAN_POINT('Ctrl Pts',(-13.,-20.9,-5.75982404132924E-15));
#5915=CARTESIAN_POINT('',(-13.,-20.9,-1.43995601033231E-15));
#5916=CARTESIAN_POINT('',(-13.,-21.,-0.100000000000003));
#5917=CARTESIAN_POINT('Origin',(-13.,-20.9,-0.1));
#5918=CARTESIAN_POINT('Ctrl Pts',(-20.9,-13.,-4.31946145518225E-15));
#5919=CARTESIAN_POINT('Ctrl Pts',(-20.9000000166751,-13.5324025199858,-4.31946145518225E-15));
#5920=CARTESIAN_POINT('Ctrl Pts',(-20.8967973219934,-14.0640668175191,-4.30590892802618E-15));
#5921=CARTESIAN_POINT('Ctrl Pts',(-20.7943674919695,-15.1150360029786,-4.31946145518225E-15));
#5922=CARTESIAN_POINT('Ctrl Pts',(-20.6968646296523,-15.6344107508737,-4.30590892802618E-15));
#5923=CARTESIAN_POINT('Ctrl Pts',(-20.4541077284303,-16.4007348708283,-4.30211422042248E-15));
#5924=CARTESIAN_POINT('Ctrl Pts',(-20.357060411029,-16.6538408945815,-4.31566674757855E-15));
#5925=CARTESIAN_POINT('Ctrl Pts',(-20.1360607749027,-17.1402102434914,-4.31946145518225E-15));
#5926=CARTESIAN_POINT('Ctrl Pts',(-20.0115786346597,-17.3754898246461,-4.31946145518225E-15));
#5927=CARTESIAN_POINT('Ctrl Pts',(-19.7350686528924,-17.8304756554362,-4.31946145518225E-15));
#5928=CARTESIAN_POINT('Ctrl Pts',(-19.5830558750046,-18.0501904215009,-4.31946145518225E-15));
#5929=CARTESIAN_POINT('Ctrl Pts',(-19.2509178716703,-18.4737262045104,-4.31946145518225E-15));
#5930=CARTESIAN_POINT('Ctrl Pts',(-19.0721711070139,-18.6755318046851,-4.31946145518225E-15));
#5931=CARTESIAN_POINT('Ctrl Pts',(-18.5074071534907,-19.2425710211443,-4.31946145518225E-15));
#5932=CARTESIAN_POINT('Ctrl Pts',(-18.0900199316272,-19.57426155796,-4.30590892802618E-15));
#5933=CARTESIAN_POINT('Ctrl Pts',(-17.1700452572548,-20.1393322037383,-4.30211422042248E-15));
#5934=CARTESIAN_POINT('Ctrl Pts',(-16.6856312203063,-20.3609576076954,-4.31566674757855E-15));
#5935=CARTESIAN_POINT('Ctrl Pts',(-15.9241237973812,-20.6064037811332,-4.31946145518225E-15));
#5936=CARTESIAN_POINT('Ctrl Pts',(-15.663377490507,-20.6738153967757,-4.33301398233832E-15));
#5937=CARTESIAN_POINT('Ctrl Pts',(-15.135478442574,-20.7796458606791,-4.31946145518225E-15));
#5938=CARTESIAN_POINT('Ctrl Pts',(-14.8703628552731,-20.8177685360991,-4.30590892802618E-15));
#5939=CARTESIAN_POINT('Ctrl Pts',(-14.0722349990996,-20.8968558937002,-4.30211422042248E-15));
#5940=CARTESIAN_POINT('Ctrl Pts',(-13.5363333043879,-20.900000016802,-5.75223462612184E-15));
#5941=CARTESIAN_POINT('Ctrl Pts',(-13.,-20.9,-5.75223462612184E-15));
#5942=CARTESIAN_POINT('Ctrl Pts',(-13.,-21.,-0.100000000000003));
#5943=CARTESIAN_POINT('Ctrl Pts',(-15.4895373825391,-21.,-0.100000000000003));
#5944=CARTESIAN_POINT('Ctrl Pts',(-17.9790747650783,-21.,-0.100000000000003));
#5945=CARTESIAN_POINT('Ctrl Pts',(-21.,-17.9790747650783,-0.100000000000003));
#5946=CARTESIAN_POINT('Ctrl Pts',(-21.,-15.4895373825391,-0.100000000000003));
#5947=CARTESIAN_POINT('Ctrl Pts',(-21.,-13.,-0.100000000000003));
#5948=CARTESIAN_POINT('Origin',(-18.9449510801087,-20.9,-0.1));
#5949=CARTESIAN_POINT('',(13.,-20.9,-1.53821183221381E-15));
#5950=CARTESIAN_POINT('',(13.,-21.,-0.100000000000003));
#5951=CARTESIAN_POINT('Origin',(13.,-20.9,-0.1));
#5952=CARTESIAN_POINT('',(-13.,-20.9,0.));
#5953=CARTESIAN_POINT('',(-13.,-21.,-0.100000000000003));
#5954=CARTESIAN_POINT('Ctrl Pts',(13.,-21.,-0.100000000000003));
#5955=CARTESIAN_POINT('Ctrl Pts',(13.,-21.,-4.30970363562988E-15));
#5956=CARTESIAN_POINT('Ctrl Pts',(13.,-20.9,-4.30970363562988E-15));
#5957=CARTESIAN_POINT('Ctrl Pts',(13.5324073010783,-21.,-0.100000000000003));
#5958=CARTESIAN_POINT('Ctrl Pts',(13.5324073008384,-21.0000000166752,3.68640031940134E-12));
#5959=CARTESIAN_POINT('Ctrl Pts',(13.5324025199886,-20.9000000166751,-4.30970363562988E-15));
#5960=CARTESIAN_POINT('Ctrl Pts',(14.0680712639936,-20.9968808579118,-0.100000000000003));
#5961=CARTESIAN_POINT('Ctrl Pts',(14.068071264362,-20.9968808616913,-7.32009567900812E-16));
#5962=CARTESIAN_POINT('Ctrl Pts',(14.0640668175155,-20.8967973219897,-4.30970363562988E-15));
#5963=CARTESIAN_POINT('Ctrl Pts',(15.1304320827618,-20.8933407810557,-0.100000000000003));
#5964=CARTESIAN_POINT('Ctrl Pts',(15.1304320823935,-20.8933407772762,-7.88739770335894E-15));
#5965=CARTESIAN_POINT('Ctrl Pts',(15.1150360029822,-20.7943674919732,-4.30970363562988E-15));
#5966=CARTESIAN_POINT('Ctrl Pts',(15.6571353623298,-20.7945634811055,-0.100000000000003));
#5967=CARTESIAN_POINT('Ctrl Pts',(15.6571353628896,-20.7945634828729,-4.32325616278595E-15));
#5968=CARTESIAN_POINT('Ctrl Pts',(15.6344107508691,-20.6968646296514,-4.32325616278595E-15));
#5969=CARTESIAN_POINT('Ctrl Pts',(16.4346711759468,-20.5482549315289,-0.100000000000003));
#5970=CARTESIAN_POINT('Ctrl Pts',(16.4346711756668,-20.5482549306452,-4.32325616278595E-15));
#5971=CARTESIAN_POINT('Ctrl Pts',(16.4007348708306,-20.4541077284308,-4.32325616278595E-15));
#5972=CARTESIAN_POINT('Ctrl Pts',(16.69156569017,-20.4497580690792,-0.100000000000003));
#5973=CARTESIAN_POINT('Ctrl Pts',(16.6915656900762,-20.4497580688728,-2.49968009740451E-15));
#5974=CARTESIAN_POINT('Ctrl Pts',(16.6538408945811,-20.3570604110299,-4.30970363562988E-15));
#5975=CARTESIAN_POINT('Ctrl Pts',(17.1852220397808,-20.2254473181562,-0.100000000000003));
#5976=CARTESIAN_POINT('Ctrl Pts',(17.1852220398746,-20.2254473183626,-6.11972717385524E-15));
#5977=CARTESIAN_POINT('Ctrl Pts',(17.1402102434919,-20.1360607749018,-4.30970363562988E-15));
#5978=CARTESIAN_POINT('Ctrl Pts',(17.4240316973334,-20.09909691356,-0.100000000000003));
#5979=CARTESIAN_POINT('Ctrl Pts',(17.4240316973353,-20.0990969135633,-2.51935079075107E-15));
#5980=CARTESIAN_POINT('Ctrl Pts',(17.3754898246461,-20.0115786346597,-4.32325616278595E-15));
#5981=CARTESIAN_POINT('Ctrl Pts',(17.8858031179917,-19.8184631037585,-0.100000000000003));
#5982=CARTESIAN_POINT('Ctrl Pts',(17.8858031179897,-19.8184631037553,-6.12716153482082E-15));
#5983=CARTESIAN_POINT('Ctrl Pts',(17.8304756554361,-19.7350686528924,-4.32325616278595E-15));
#5984=CARTESIAN_POINT('Ctrl Pts',(18.1087751378406,-19.6641952049084,-0.100000000000003));
#5985=CARTESIAN_POINT('Ctrl Pts',(18.1087751380684,-19.6641952051989,-4.29615110847381E-15));
#5986=CARTESIAN_POINT('Ctrl Pts',(18.0501904215013,-19.5830558750037,-4.29615110847381E-15));
#5987=CARTESIAN_POINT('Ctrl Pts',(18.5385586791573,-19.3271576921294,-0.100000000000003));
#5988=CARTESIAN_POINT('Ctrl Pts',(18.5385586789295,-19.327157691839,-4.29615110847381E-15));
#5989=CARTESIAN_POINT('Ctrl Pts',(18.47372620451,-19.2509178716713,-4.29615110847381E-15));
#5990=CARTESIAN_POINT('Ctrl Pts',(18.7433262198263,-19.1457866319833,-0.100000000000003));
#5991=CARTESIAN_POINT('Ctrl Pts',(18.7433262196857,-19.1457866318422,-6.11740140233608E-15));
#5992=CARTESIAN_POINT('Ctrl Pts',(18.675531804685,-19.0721711070147,-4.30970363562988E-15));
#5993=CARTESIAN_POINT('Ctrl Pts',(19.3186873487471,-18.5727341570919,-0.100000000000003));
#5994=CARTESIAN_POINT('Ctrl Pts',(19.3186873490282,-18.5727341573742,-6.94308102217471E-16));
#5995=CARTESIAN_POINT('Ctrl Pts',(19.2425710211442,-18.5074071534889,-4.30970363562988E-15));
#5996=CARTESIAN_POINT('Ctrl Pts',(19.6552595795491,-18.1492152309467,-0.100000000000003));
#5997=CARTESIAN_POINT('Ctrl Pts',(19.6552595788213,-18.1492152304996,-7.95416973910022E-15));
#5998=CARTESIAN_POINT('Ctrl Pts',(19.574261557958,-18.0900199316299,-4.29615110847381E-15));
#5999=CARTESIAN_POINT('Ctrl Pts',(20.2287540600258,-17.2155259591222,-0.100000000000003));
#6000=CARTESIAN_POINT('Ctrl Pts',(20.2287540607536,-17.2155259595693,-6.38132477847404E-16));
#6001=CARTESIAN_POINT('Ctrl Pts',(20.1393322037401,-17.1700452572519,-4.29615110847381E-15));
#6002=CARTESIAN_POINT('Ctrl Pts',(20.453737012626,-16.7237511076135,-0.100000000000003));
#6003=CARTESIAN_POINT('Ctrl Pts',(20.4537370122749,-16.7237511075003,-4.30970363562988E-15));
#6004=CARTESIAN_POINT('Ctrl Pts',(20.3609576076981,-16.6856312203073,-4.30970363562988E-15));
#6005=CARTESIAN_POINT('Ctrl Pts',(20.7027813984559,-15.9510800726133,-0.100000000000003));
#6006=CARTESIAN_POINT('Ctrl Pts',(20.7027813986314,-15.9510800726699,-4.30970363562988E-15));
#6007=CARTESIAN_POINT('Ctrl Pts',(20.6064037811318,-15.9241237973807,-4.30970363562988E-15));
#6008=CARTESIAN_POINT('Ctrl Pts',(20.7711516668795,-15.6865896033135,-0.100000000000003));
#6009=CARTESIAN_POINT('Ctrl Pts',(20.7711516655668,-15.6865896030504,-3.97089045672816E-15));
#6010=CARTESIAN_POINT('Ctrl Pts',(20.6738153967743,-15.6633774905063,-4.30970363562988E-15));
#6011=CARTESIAN_POINT('Ctrl Pts',(20.8784077996311,-15.1515790809441,-0.100000000000003));
#6012=CARTESIAN_POINT('Ctrl Pts',(20.8784078009437,-15.1515790812072,-3.97089045672816E-15));
#6013=CARTESIAN_POINT('Ctrl Pts',(20.7796458606804,-15.1354784425747,-4.30970363562988E-15));
#6014=CARTESIAN_POINT('Ctrl Pts',(20.9169937515972,-14.8831242385852,-0.100000000000003));
#6015=CARTESIAN_POINT('Ctrl Pts',(20.9169937496161,-14.8831242383889,-6.10775515799477E-15));
#6016=CARTESIAN_POINT('Ctrl Pts',(20.8177685360986,-14.8703628552727,-4.29615110847381E-15));
#6017=CARTESIAN_POINT('Ctrl Pts',(20.9969433648962,-14.0762946758279,-0.100000000000003));
#6018=CARTESIAN_POINT('Ctrl Pts',(20.9969433688583,-14.0762946762205,-6.72943009431894E-16));
#6019=CARTESIAN_POINT('Ctrl Pts',(20.8968558937011,-14.0722349991006,-4.29615110847381E-15));
#6020=CARTESIAN_POINT('Ctrl Pts',(21.,-13.5363393177905,-0.100000000000003));
#6021=CARTESIAN_POINT('Ctrl Pts',(21.0000000167946,-13.5363393175314,-6.28611391447969E-12));
#6022=CARTESIAN_POINT('Ctrl Pts',(20.9000000167917,-13.5363333043872,-5.74627151417317E-15));
#6023=CARTESIAN_POINT('Ctrl Pts',(21.,-13.,-0.100000000000003));
#6024=CARTESIAN_POINT('Ctrl Pts',(21.,-13.,-2.27682456221956E-15));
#6025=CARTESIAN_POINT('Ctrl Pts',(20.9,-13.,-5.74627151417317E-15));
#6026=CARTESIAN_POINT('',(20.9,-13.,-1.43317974675428E-15));
#6027=CARTESIAN_POINT('',(21.,-13.,-0.100000000000003));
#6028=CARTESIAN_POINT('Origin',(20.9,-13.,-0.1));
#6029=CARTESIAN_POINT('Ctrl Pts',(13.,-20.9,-4.31946145518225E-15));
#6030=CARTESIAN_POINT('Ctrl Pts',(13.5324025199886,-20.9000000166751,-4.31946145518225E-15));
#6031=CARTESIAN_POINT('Ctrl Pts',(14.0640668175155,-20.8967973219897,-4.31946145518225E-15));
#6032=CARTESIAN_POINT('Ctrl Pts',(15.1150360029822,-20.7943674919732,-4.31946145518225E-15));
#6033=CARTESIAN_POINT('Ctrl Pts',(15.6344107508691,-20.6968646296514,-4.33301398233832E-15));
#6034=CARTESIAN_POINT('Ctrl Pts',(16.4007348708306,-20.4541077284308,-4.31946145518225E-15));
#6035=CARTESIAN_POINT('Ctrl Pts',(16.6538408945811,-20.3570604110299,-4.30590892802618E-15));
#6036=CARTESIAN_POINT('Ctrl Pts',(17.1402102434919,-20.1360607749018,-4.31946145518225E-15));
#6037=CARTESIAN_POINT('Ctrl Pts',(17.3754898246461,-20.0115786346597,-4.33301398233832E-15));
#6038=CARTESIAN_POINT('Ctrl Pts',(17.8304756554361,-19.7350686528924,-4.31946145518225E-15));
#6039=CARTESIAN_POINT('Ctrl Pts',(18.0501904215013,-19.5830558750037,-4.29235640087011E-15));
#6040=CARTESIAN_POINT('Ctrl Pts',(18.47372620451,-19.2509178716713,-4.30211422042248E-15));
#6041=CARTESIAN_POINT('Ctrl Pts',(18.675531804685,-19.0721711070147,-4.31566674757855E-15));
#6042=CARTESIAN_POINT('Ctrl Pts',(19.2425710211442,-18.5074071534889,-4.31946145518225E-15));
#6043=CARTESIAN_POINT('Ctrl Pts',(19.574261557958,-18.0900199316299,-4.30590892802618E-15));
#6044=CARTESIAN_POINT('Ctrl Pts',(20.1393322037401,-17.1700452572519,-4.30211422042248E-15));
#6045=CARTESIAN_POINT('Ctrl Pts',(20.3609576076981,-16.6856312203073,-4.31566674757855E-15));
#6046=CARTESIAN_POINT('Ctrl Pts',(20.6064037811318,-15.9241237973807,-4.31946145518225E-15));
#6047=CARTESIAN_POINT('Ctrl Pts',(20.6738153967743,-15.6633774905063,-4.31946145518225E-15));
#6048=CARTESIAN_POINT('Ctrl Pts',(20.7796458606804,-15.1354784425747,-4.31946145518225E-15));
#6049=CARTESIAN_POINT('Ctrl Pts',(20.8177685360986,-14.8703628552727,-4.30590892802618E-15));
#6050=CARTESIAN_POINT('Ctrl Pts',(20.8968558937011,-14.0722349991006,-4.30211422042248E-15));
#6051=CARTESIAN_POINT('Ctrl Pts',(20.9000000167917,-13.5363333043872,-5.75223462612184E-15));
#6052=CARTESIAN_POINT('Ctrl Pts',(20.9,-13.,-5.75223462612185E-15));
#6053=CARTESIAN_POINT('Ctrl Pts',(21.,-13.,-0.100000000000003));
#6054=CARTESIAN_POINT('Ctrl Pts',(21.,-15.4895373825391,-0.100000000000003));
#6055=CARTESIAN_POINT('Ctrl Pts',(21.,-17.9790747650783,-0.100000000000003));
#6056=CARTESIAN_POINT('Ctrl Pts',(17.9790747650781,-21.,-0.100000000000003));
#6057=CARTESIAN_POINT('Ctrl Pts',(15.4895373825391,-21.,-0.100000000000003));
#6058=CARTESIAN_POINT('Ctrl Pts',(13.,-21.,-0.100000000000003));
#6059=CARTESIAN_POINT('Origin',(20.9,-18.9449510801087,-0.1));
#6060=CARTESIAN_POINT('',(21.,13.,-0.100000000000003));
#6061=CARTESIAN_POINT('',(21.,-13.,-0.100000000000003));
#6062=CARTESIAN_POINT('',(20.9,13.,-2.32764653905481E-15));
#6063=CARTESIAN_POINT('Origin',(20.9,13.,-0.100000000000003));
#6064=CARTESIAN_POINT('',(20.9,-13.,0.));
#6065=CARTESIAN_POINT('Ctrl Pts',(21.,13.,-0.100000000000003));
#6066=CARTESIAN_POINT('Ctrl Pts',(21.,13.,-8.26704156520197E-16));
#6067=CARTESIAN_POINT('Ctrl Pts',(20.9,13.,-4.29615110847381E-15));
#6068=CARTESIAN_POINT('Ctrl Pts',(21.,13.5324073010778,-0.100000000000003));
#6069=CARTESIAN_POINT('Ctrl Pts',(21.0000000166752,13.5324073008377,-2.78599594929904E-12));
#6070=CARTESIAN_POINT('Ctrl Pts',(20.9000000166751,13.5324025199875,-4.29615110847381E-15));
#6071=CARTESIAN_POINT('Ctrl Pts',(20.9968808579117,14.0680712639943,-0.100000000000003));
#6072=CARTESIAN_POINT('Ctrl Pts',(20.996880861694,14.0680712643629,-4.29615110847381E-15));
#6073=CARTESIAN_POINT('Ctrl Pts',(20.8967973219924,14.0640668175169,-4.29615110847381E-15));
#6074=CARTESIAN_POINT('Ctrl Pts',(20.8933407810558,15.1304320827612,-0.100000000000003));
#6075=CARTESIAN_POINT('Ctrl Pts',(20.8933407772735,15.1304320823925,-4.29615110847381E-15));
#6076=CARTESIAN_POINT('Ctrl Pts',(20.7943674919705,15.1150360029809,-4.29615110847381E-15));
#6077=CARTESIAN_POINT('Ctrl Pts',(20.7945634811041,15.6571353623339,-0.100000000000003));
#6078=CARTESIAN_POINT('Ctrl Pts',(20.7945634828728,15.6571353628942,-4.30970363562988E-15));
#6079=CARTESIAN_POINT('Ctrl Pts',(20.6968646296503,15.6344107508746,-4.30970363562988E-15));
#6080=CARTESIAN_POINT('Ctrl Pts',(20.5482549315295,16.4346711759447,-0.100000000000003));
#6081=CARTESIAN_POINT('Ctrl Pts',(20.5482549306452,16.4346711756645,-4.30970363562988E-15));
#6082=CARTESIAN_POINT('Ctrl Pts',(20.4541077284312,16.4007348708278,-4.30970363562988E-15));
#6083=CARTESIAN_POINT('Ctrl Pts',(20.4497580690792,16.69156569017,-0.100000000000003));
#6084=CARTESIAN_POINT('Ctrl Pts',(20.4497580688737,16.6915656900766,-4.30970363562988E-15));
#6085=CARTESIAN_POINT('Ctrl Pts',(20.3570604110308,16.653840894582,-4.30970363562988E-15));
#6086=CARTESIAN_POINT('Ctrl Pts',(20.2254473181562,17.1852220397807,-0.100000000000003));
#6087=CARTESIAN_POINT('Ctrl Pts',(20.2254473183616,17.1852220398741,-4.30970363562988E-15));
#6088=CARTESIAN_POINT('Ctrl Pts',(20.1360607749007,17.1402102434909,-4.30970363562988E-15));
#6089=CARTESIAN_POINT('Ctrl Pts',(20.0990969135598,17.4240316973336,-0.100000000000003));
#6090=CARTESIAN_POINT('Ctrl Pts',(20.0990969135628,17.4240316973353,-6.11360900766474E-15));
#6091=CARTESIAN_POINT('Ctrl Pts',(20.0115786346592,17.3754898246461,-4.30970363562988E-15));
#6092=CARTESIAN_POINT('Ctrl Pts',(19.8184631037586,17.8858031179915,-0.100000000000003));
#6093=CARTESIAN_POINT('Ctrl Pts',(19.8184631037557,17.8858031179897,-2.50579826359502E-15));
#6094=CARTESIAN_POINT('Ctrl Pts',(19.7350686528928,17.8304756554361,-4.30970363562988E-15));
#6095=CARTESIAN_POINT('Ctrl Pts',(19.6641952049083,18.1087751378406,-0.100000000000003));
#6096=CARTESIAN_POINT('Ctrl Pts',(19.6641952051998,18.1087751380692,-2.49964096582523E-15));
#6097=CARTESIAN_POINT('Ctrl Pts',(19.583055875004,18.0501904215022,-4.32325616278595E-15));
#6098=CARTESIAN_POINT('Ctrl Pts',(19.3271576921295,18.5385586791572,-0.100000000000003));
#6099=CARTESIAN_POINT('Ctrl Pts',(19.327157691838,18.5385586789285,-6.14687135974666E-15));
#6100=CARTESIAN_POINT('Ctrl Pts',(19.2509178716708,18.473726204509,-4.32325616278595E-15));
#6101=CARTESIAN_POINT('Ctrl Pts',(19.1457866319818,18.7433262198276,-0.100000000000003));
#6102=CARTESIAN_POINT('Ctrl Pts',(19.1457866318403,18.7433262196865,-2.51555839607976E-15));
#6103=CARTESIAN_POINT('Ctrl Pts',(19.0721711070128,18.6755318046859,-4.32325616278595E-15));
#6104=CARTESIAN_POINT('Ctrl Pts',(18.5727341570947,19.3186873487442,-0.100000000000003));
#6105=CARTESIAN_POINT('Ctrl Pts',(18.5727341573779,19.3186873490263,-7.93865169619833E-15));
#6106=CARTESIAN_POINT('Ctrl Pts',(18.5074071534925,19.2425710211423,-4.32325616278595E-15));
#6107=CARTESIAN_POINT('Ctrl Pts',(18.1492152309474,19.6552595795486,-0.100000000000003));
#6108=CARTESIAN_POINT('Ctrl Pts',(18.1492152305005,19.6552595788212,-4.32325616278595E-15));
#6109=CARTESIAN_POINT('Ctrl Pts',(18.0900199316309,19.5742615579579,-4.32325616278595E-15));
#6110=CARTESIAN_POINT('Ctrl Pts',(17.2155259591215,20.2287540600261,-0.100000000000003));
#6111=CARTESIAN_POINT('Ctrl Pts',(17.2155259595683,20.2287540607535,-4.32325616278595E-15));
#6112=CARTESIAN_POINT('Ctrl Pts',(17.170045257251,20.1393322037401,-4.32325616278595E-15));
#6113=CARTESIAN_POINT('Ctrl Pts',(16.7237511076129,20.4537370126261,-0.100000000000003));
#6114=CARTESIAN_POINT('Ctrl Pts',(16.7237511074994,20.453737012274,-7.91054621187435E-15));
#6115=CARTESIAN_POINT('Ctrl Pts',(16.6856312203063,20.3609576076971,-4.29615110847381E-15));
#6116=CARTESIAN_POINT('Ctrl Pts',(15.9510800726136,20.7027813984558,-0.100000000000003));
#6117=CARTESIAN_POINT('Ctrl Pts',(15.9510800726704,20.7027813986319,-2.48895355677354E-15));
#6118=CARTESIAN_POINT('Ctrl Pts',(15.9241237973812,20.6064037811322,-4.29615110847381E-15));
#6119=CARTESIAN_POINT('Ctrl Pts',(15.6865896033138,20.7711516668794,-0.100000000000003));
#6120=CARTESIAN_POINT('Ctrl Pts',(15.6865896030506,20.7711516655678,4.31189602262089E-14));
#6121=CARTESIAN_POINT('Ctrl Pts',(15.6633774905067,20.6738153967757,-4.30970363562988E-15));
#6122=CARTESIAN_POINT('Ctrl Pts',(15.1515790809438,20.8784077996311,-0.100000000000003));
#6123=CARTESIAN_POINT('Ctrl Pts',(15.151579081207,20.8784078009427,-5.17383674974688E-14));
#6124=CARTESIAN_POINT('Ctrl Pts',(15.1354784425742,20.779645860679,-4.30970363562988E-15));
#6125=CARTESIAN_POINT('Ctrl Pts',(14.8831242385843,20.9169937515973,-0.100000000000003));
#6126=CARTESIAN_POINT('Ctrl Pts',(14.8831242383882,20.9169937496157,-2.75035072249729E-14));
#6127=CARTESIAN_POINT('Ctrl Pts',(14.870362855272,20.8177685360982,-4.29615110847381E-15));
#6128=CARTESIAN_POINT('Ctrl Pts',(14.0762946758297,20.996943364896,-0.100000000000003));
#6129=CARTESIAN_POINT('Ctrl Pts',(14.0762946762219,20.9969433688592,3.22794264092184E-14));
#6130=CARTESIAN_POINT('Ctrl Pts',(14.0722349991019,20.896855893702,-4.29615110847381E-15));
#6131=CARTESIAN_POINT('Ctrl Pts',(13.5363393177891,21.,-0.100000000000003));
#6132=CARTESIAN_POINT('Ctrl Pts',(13.5363393175304,21.0000000168049,1.13546152406118E-12));
#6133=CARTESIAN_POINT('Ctrl Pts',(13.5363333043862,20.900000016802,-5.7327189870171E-15));
#6134=CARTESIAN_POINT('Ctrl Pts',(13.,21.,-0.100000000000003));
#6135=CARTESIAN_POINT('Ctrl Pts',(13.,21.,-5.7327189870171E-15));
#6136=CARTESIAN_POINT('Ctrl Pts',(13.,20.9,-5.7327189870171E-15));
#6137=CARTESIAN_POINT('',(13.,21.,-0.100000000000003));
#6138=CARTESIAN_POINT('Ctrl Pts',(13.,21.,-0.100000000000003));
#6139=CARTESIAN_POINT('Ctrl Pts',(15.4895373825391,21.,-0.100000000000003));
#6140=CARTESIAN_POINT('Ctrl Pts',(17.9790747650781,21.,-0.100000000000003));
#6141=CARTESIAN_POINT('Ctrl Pts',(21.,17.9790747650781,-0.100000000000003));
#6142=CARTESIAN_POINT('Ctrl Pts',(21.,15.4895373825391,-0.100000000000003));
#6143=CARTESIAN_POINT('Ctrl Pts',(21.,13.,-0.100000000000003));
#6144=CARTESIAN_POINT('',(13.,20.9,-1.42979161496526E-15));
#6145=CARTESIAN_POINT('Origin',(13.,20.9,-0.1));
#6146=CARTESIAN_POINT('Ctrl Pts',(20.9,13.,-4.30211422042255E-15));
#6147=CARTESIAN_POINT('Ctrl Pts',(20.9000000166751,13.5324025199875,-4.30211422053295E-15));
#6148=CARTESIAN_POINT('Ctrl Pts',(20.8967973219924,14.0640668175169,-4.30211422042255E-15));
#6149=CARTESIAN_POINT('Ctrl Pts',(20.7943674919705,15.1150360029809,-4.30211422042255E-15));
#6150=CARTESIAN_POINT('Ctrl Pts',(20.6968646296504,15.6344107508746,-4.31566674757862E-15));
#6151=CARTESIAN_POINT('Ctrl Pts',(20.4541077284312,16.4007348708278,-4.31946145518232E-15));
#6152=CARTESIAN_POINT('Ctrl Pts',(20.3570604110308,16.653840894582,-4.31946145518232E-15));
#6153=CARTESIAN_POINT('Ctrl Pts',(20.1360607749008,17.140210243491,-4.31946145518232E-15));
#6154=CARTESIAN_POINT('Ctrl Pts',(20.0115786346593,17.3754898246461,-4.31946145518239E-15));
#6155=CARTESIAN_POINT('Ctrl Pts',(19.7350686528928,17.8304756554362,-4.31946145518225E-15));
#6156=CARTESIAN_POINT('Ctrl Pts',(19.5830558750041,18.0501904215022,-4.33301398233832E-15));
#6157=CARTESIAN_POINT('Ctrl Pts',(19.2509178716708,18.473726204509,-4.31946145518239E-15));
#6158=CARTESIAN_POINT('Ctrl Pts',(19.0721711070129,18.6755318046859,-4.31946145518225E-15));
#6159=CARTESIAN_POINT('Ctrl Pts',(18.5074071534926,19.2425710211423,-4.31946145518246E-15));
#6160=CARTESIAN_POINT('Ctrl Pts',(18.0900199316309,19.574261557958,-4.31946145518232E-15));
#6161=CARTESIAN_POINT('Ctrl Pts',(17.170045257251,20.1393322037401,-4.31946145518232E-15));
#6162=CARTESIAN_POINT('Ctrl Pts',(16.6856312203063,20.3609576076972,-4.29235640087032E-15));
#6163=CARTESIAN_POINT('Ctrl Pts',(15.9241237973812,20.6064037811322,-4.30211422042248E-15));
#6164=CARTESIAN_POINT('Ctrl Pts',(15.6633774905067,20.6738153967757,-4.31566674757674E-15));
#6165=CARTESIAN_POINT('Ctrl Pts',(15.1354784425742,20.779645860679,-4.31946145518419E-15));
#6166=CARTESIAN_POINT('Ctrl Pts',(14.870362855272,20.8177685360982,-4.30590892802718E-15));
#6167=CARTESIAN_POINT('Ctrl Pts',(14.0722349991019,20.896855893702,-4.30211422042098E-15));
#6168=CARTESIAN_POINT('Ctrl Pts',(13.5363333043862,20.900000016802,-5.7386820989206E-15));
#6169=CARTESIAN_POINT('Ctrl Pts',(13.,20.9,-5.73868209896614E-15));
#6170=CARTESIAN_POINT('Origin',(-18.9449510801087,20.9,-0.1));
#6171=CARTESIAN_POINT('',(-13.,21.,-0.100000000000003));
#6172=CARTESIAN_POINT('',(-13.,20.9,0.));
#6173=CARTESIAN_POINT('Origin',(-18.9449510801087,-18.9449510801087,0.));
#6174=CARTESIAN_POINT('',(-13.,-20.,0.));
#6175=CARTESIAN_POINT('',(-20.,-13.,0.));
#6176=CARTESIAN_POINT('Ctrl Pts',(-13.,-20.,0.));
#6177=CARTESIAN_POINT('Ctrl Pts',(-13.476168021072,-20.,0.));
#6178=CARTESIAN_POINT('Ctrl Pts',(-13.9522253361128,-19.998706801584,0.));
#6179=CARTESIAN_POINT('Ctrl Pts',(-14.6611234258354,-19.9361654106764,0.));
#6180=CARTESIAN_POINT('Ctrl Pts',(-14.8965835839993,-19.9055152130447,0.));
#6181=CARTESIAN_POINT('Ctrl Pts',(-15.3652965911638,-19.8184304166473,0.));
#6182=CARTESIAN_POINT('Ctrl Pts',(-15.5996173071186,-19.7615599452162,0.));
#6183=CARTESIAN_POINT('Ctrl Pts',(-16.2821376045619,-19.5514706339651,0.));
#6184=CARTESIAN_POINT('Ctrl Pts',(-16.7144510645657,-19.3587449641396,0.));
#6185=CARTESIAN_POINT('Ctrl Pts',(-17.3277621008253,-18.988084182582,0.));
#6186=CARTESIAN_POINT('Ctrl Pts',(-17.5256884561849,-18.8510122505604,0.));
#6187=CARTESIAN_POINT('Ctrl Pts',(-17.8991487449191,-18.557381435231,0.));
#6188=CARTESIAN_POINT('Ctrl Pts',(-18.076125067919,-18.4000072834209,0.));
#6189=CARTESIAN_POINT('Ctrl Pts',(-18.5781657598883,-17.8966125794557,0.));
#6190=CARTESIAN_POINT('Ctrl Pts',(-18.8769123650819,-17.5144772293181,0.));
#6191=CARTESIAN_POINT('Ctrl Pts',(-19.2428118528834,-16.9048165534323,0.));
#6192=CARTESIAN_POINT('Ctrl Pts',(-19.3519650110479,-16.6947900236625,0.));
#6193=CARTESIAN_POINT('Ctrl Pts',(-19.544436399826,-16.2610137339891,0.));
#6194=CARTESIAN_POINT('Ctrl Pts',(-19.6281364328302,-16.0358036723292,0.));
#6195=CARTESIAN_POINT('Ctrl Pts',(-19.8367182945478,-15.3496104871378,0.));
#6196=CARTESIAN_POINT('Ctrl Pts',(-19.9168542848988,-14.8852485872333,0.));
#6197=CARTESIAN_POINT('Ctrl Pts',(-19.998667647106,-13.9473367369013,0.));
#6198=CARTESIAN_POINT('Ctrl Pts',(-20.,-13.4737463823511,0.));
#6199=CARTESIAN_POINT('Ctrl Pts',(-20.,-13.,0.));
#6200=CARTESIAN_POINT('',(-20.,13.,0.));
#6201=CARTESIAN_POINT('',(-20.,-13.,0.));
#6202=CARTESIAN_POINT('',(-13.,20.,-8.13151629364128E-17));
#6203=CARTESIAN_POINT('Ctrl Pts',(-20.,13.,-1.0842021724855E-16));
#6204=CARTESIAN_POINT('Ctrl Pts',(-20.,13.476168021072,-1.0842021724855E-16));
#6205=CARTESIAN_POINT('Ctrl Pts',(-19.998706801584,13.9522253361128,-1.0842021724855E-16));
#6206=CARTESIAN_POINT('Ctrl Pts',(-19.9361654106763,14.6611234258354,-1.0842021724855E-16));
#6207=CARTESIAN_POINT('Ctrl Pts',(-19.9055152130447,14.8965835839993,-1.0842021724855E-16));
#6208=CARTESIAN_POINT('Ctrl Pts',(-19.8184304166473,15.3652965911638,-1.0842021724855E-16));
#6209=CARTESIAN_POINT('Ctrl Pts',(-19.7615599452161,15.5996173071186,-1.0842021724855E-16));
#6210=CARTESIAN_POINT('Ctrl Pts',(-19.5514706339651,16.2821376045619,-1.0842021724855E-16));
#6211=CARTESIAN_POINT('Ctrl Pts',(-19.3587449641395,16.7144510645656,-1.0842021724855E-16));
#6212=CARTESIAN_POINT('Ctrl Pts',(-18.9880841825819,17.3277621008253,-1.0842021724855E-16));
#6213=CARTESIAN_POINT('Ctrl Pts',(-18.8510122505604,17.5256884561849,-1.0842021724855E-16));
#6214=CARTESIAN_POINT('Ctrl Pts',(-18.557381435231,17.899148744919,-1.0842021724855E-16));
#6215=CARTESIAN_POINT('Ctrl Pts',(-18.4000072834209,18.0761250679189,-1.0842021724855E-16));
#6216=CARTESIAN_POINT('Ctrl Pts',(-17.8966125794557,18.5781657598883,-1.0842021724855E-16));
#6217=CARTESIAN_POINT('Ctrl Pts',(-17.5144772293181,18.8769123650819,-1.0842021724855E-16));
#6218=CARTESIAN_POINT('Ctrl Pts',(-16.9048165534323,19.2428118528834,-1.0842021724855E-16));
#6219=CARTESIAN_POINT('Ctrl Pts',(-16.6947900236625,19.3519650110479,-1.0842021724855E-16));
#6220=CARTESIAN_POINT('Ctrl Pts',(-16.2610137339891,19.544436399826,-1.0842021724855E-16));
#6221=CARTESIAN_POINT('Ctrl Pts',(-16.0358036723292,19.6281364328302,-1.0842021724855E-16));
#6222=CARTESIAN_POINT('Ctrl Pts',(-15.3496104871378,19.8367182945478,-1.0842021724855E-16));
#6223=CARTESIAN_POINT('Ctrl Pts',(-14.8852485872333,19.9168542848988,-1.0842021724855E-16));
#6224=CARTESIAN_POINT('Ctrl Pts',(-13.9473367369013,19.998667647106,-1.0842021724855E-16));
#6225=CARTESIAN_POINT('Ctrl Pts',(-13.4737463823511,20.,-1.0842021724855E-16));
#6226=CARTESIAN_POINT('Ctrl Pts',(-13.,20.,-1.0842021724855E-16));
#6227=CARTESIAN_POINT('',(13.,20.,0.));
#6228=CARTESIAN_POINT('',(-13.,20.,0.));
#6229=CARTESIAN_POINT('',(20.,13.,-2.43945488809238E-16));
#6230=CARTESIAN_POINT('Ctrl Pts',(13.,20.,-3.25260651745652E-16));
#6231=CARTESIAN_POINT('Ctrl Pts',(13.476168021072,20.,-3.25260651745652E-16));
#6232=CARTESIAN_POINT('Ctrl Pts',(13.9522253361128,19.998706801584,-3.25260651745652E-16));
#6233=CARTESIAN_POINT('Ctrl Pts',(14.6611234258354,19.9361654106763,-3.25260651745652E-16));
#6234=CARTESIAN_POINT('Ctrl Pts',(14.8965835839993,19.9055152130447,-3.25260651745652E-16));
#6235=CARTESIAN_POINT('Ctrl Pts',(15.3652965911638,19.8184304166472,-3.25260651745652E-16));
#6236=CARTESIAN_POINT('Ctrl Pts',(15.5996173071186,19.7615599452161,-3.25260651745652E-16));
#6237=CARTESIAN_POINT('Ctrl Pts',(16.2821376045618,19.551470633965,-3.25260651745652E-16));
#6238=CARTESIAN_POINT('Ctrl Pts',(16.7144510645656,19.3587449641395,-3.25260651745652E-16));
#6239=CARTESIAN_POINT('Ctrl Pts',(17.3277621008253,18.9880841825819,-3.25260651745652E-16));
#6240=CARTESIAN_POINT('Ctrl Pts',(17.5256884561849,18.8510122505603,-3.25260651745652E-16));
#6241=CARTESIAN_POINT('Ctrl Pts',(17.899148744919,18.5573814352309,-3.25260651745652E-16));
#6242=CARTESIAN_POINT('Ctrl Pts',(18.0761250679188,18.4000072834208,-3.25260651745652E-16));
#6243=CARTESIAN_POINT('Ctrl Pts',(18.5781657598883,17.8966125794556,-3.25260651745652E-16));
#6244=CARTESIAN_POINT('Ctrl Pts',(18.8769123650819,17.5144772293181,-3.25260651745652E-16));
#6245=CARTESIAN_POINT('Ctrl Pts',(19.2428118528834,16.9048165534323,-3.25260651745652E-16));
#6246=CARTESIAN_POINT('Ctrl Pts',(19.3519650110479,16.6947900236625,-3.25260651745652E-16));
#6247=CARTESIAN_POINT('Ctrl Pts',(19.544436399826,16.2610137339891,-3.25260651745652E-16));
#6248=CARTESIAN_POINT('Ctrl Pts',(19.6281364328302,16.0358036723292,-3.25260651745652E-16));
#6249=CARTESIAN_POINT('Ctrl Pts',(19.8367182945478,15.3496104871378,-3.25260651745652E-16));
#6250=CARTESIAN_POINT('Ctrl Pts',(19.9168542848988,14.8852485872333,-3.25260651745652E-16));
#6251=CARTESIAN_POINT('Ctrl Pts',(19.998667647106,13.9473367369013,-3.25260651745652E-16));
#6252=CARTESIAN_POINT('Ctrl Pts',(20.,13.4737463823511,-3.25260651745652E-16));
#6253=CARTESIAN_POINT('Ctrl Pts',(20.,13.,-3.25260651745652E-16));
#6254=CARTESIAN_POINT('',(20.,-13.,0.));
#6255=CARTESIAN_POINT('',(20.,-13.,0.));
#6256=CARTESIAN_POINT('',(13.,-20.,-8.13151629364128E-17));
#6257=CARTESIAN_POINT('Ctrl Pts',(20.,-13.,-1.0842021724855E-16));
#6258=CARTESIAN_POINT('Ctrl Pts',(20.,-13.476168021072,-1.0842021724855E-16));
#6259=CARTESIAN_POINT('Ctrl Pts',(19.998706801584,-13.9522253361128,-1.0842021724855E-16));
#6260=CARTESIAN_POINT('Ctrl Pts',(19.9361654106763,-14.6611234258354,-1.0842021724855E-16));
#6261=CARTESIAN_POINT('Ctrl Pts',(19.9055152130447,-14.8965835839993,-1.0842021724855E-16));
#6262=CARTESIAN_POINT('Ctrl Pts',(19.8184304166473,-15.3652965911638,-1.0842021724855E-16));
#6263=CARTESIAN_POINT('Ctrl Pts',(19.7615599452161,-15.5996173071186,-1.0842021724855E-16));
#6264=CARTESIAN_POINT('Ctrl Pts',(19.5514706339651,-16.2821376045618,-1.0842021724855E-16));
#6265=CARTESIAN_POINT('Ctrl Pts',(19.3587449641396,-16.7144510645657,-1.0842021724855E-16));
#6266=CARTESIAN_POINT('Ctrl Pts',(18.9880841825819,-17.3277621008253,-1.0842021724855E-16));
#6267=CARTESIAN_POINT('Ctrl Pts',(18.8510122505603,-17.5256884561849,-1.0842021724855E-16));
#6268=CARTESIAN_POINT('Ctrl Pts',(18.557381435231,-17.8991487449191,-1.0842021724855E-16));
#6269=CARTESIAN_POINT('Ctrl Pts',(18.4000072834209,-18.0761250679189,-1.0842021724855E-16));
#6270=CARTESIAN_POINT('Ctrl Pts',(17.8966125794557,-18.5781657598883,-1.0842021724855E-16));
#6271=CARTESIAN_POINT('Ctrl Pts',(17.5144772293181,-18.8769123650819,-1.0842021724855E-16));
#6272=CARTESIAN_POINT('Ctrl Pts',(16.9048165534323,-19.2428118528834,-1.0842021724855E-16));
#6273=CARTESIAN_POINT('Ctrl Pts',(16.6947900236625,-19.3519650110479,-1.0842021724855E-16));
#6274=CARTESIAN_POINT('Ctrl Pts',(16.2610137339891,-19.544436399826,-1.0842021724855E-16));
#6275=CARTESIAN_POINT('Ctrl Pts',(16.0358036723292,-19.6281364328302,-1.0842021724855E-16));
#6276=CARTESIAN_POINT('Ctrl Pts',(15.3496104871378,-19.8367182945478,-1.0842021724855E-16));
#6277=CARTESIAN_POINT('Ctrl Pts',(14.8852485872333,-19.9168542848988,-1.0842021724855E-16));
#6278=CARTESIAN_POINT('Ctrl Pts',(13.9473367369013,-19.998667647106,-1.0842021724855E-16));
#6279=CARTESIAN_POINT('Ctrl Pts',(13.4737463823511,-20.,-1.0842021724855E-16));
#6280=CARTESIAN_POINT('Ctrl Pts',(13.,-20.,-1.0842021724855E-16));
#6281=CARTESIAN_POINT('',(-13.,-20.,0.));
#6282=CARTESIAN_POINT('Ctrl Pts',(-13.,21.,-8.9));
#6283=CARTESIAN_POINT('Ctrl Pts',(-13.,21.,9.34768));
#6284=CARTESIAN_POINT('Ctrl Pts',(-15.4895373825391,21.,-8.9));
#6285=CARTESIAN_POINT('Ctrl Pts',(-15.4895373825391,21.,9.34768));
#6286=CARTESIAN_POINT('Ctrl Pts',(-17.9790747650782,21.,-8.9));
#6287=CARTESIAN_POINT('Ctrl Pts',(-17.9790747650782,21.,9.34768));
#6288=CARTESIAN_POINT('Ctrl Pts',(-21.,17.9790747650782,-8.9));
#6289=CARTESIAN_POINT('Ctrl Pts',(-21.,17.9790747650782,9.34768));
#6290=CARTESIAN_POINT('Ctrl Pts',(-21.,15.4895373825391,-8.9));
#6291=CARTESIAN_POINT('Ctrl Pts',(-21.,15.4895373825391,9.34768));
#6292=CARTESIAN_POINT('Ctrl Pts',(-21.,13.,-8.9));
#6293=CARTESIAN_POINT('Ctrl Pts',(-21.,13.,9.34768));
#6294=CARTESIAN_POINT('',(-21.,13.,-8.9));
#6295=CARTESIAN_POINT('',(-21.,13.,-8.9));
#6296=CARTESIAN_POINT('',(-13.,21.,-8.9));
#6297=CARTESIAN_POINT('',(-13.,21.,-8.9));
#6298=CARTESIAN_POINT('Ctrl Pts',(-21.,13.,-8.9));
#6299=CARTESIAN_POINT('Ctrl Pts',(-21.,13.1007112069118,-8.9));
#6300=CARTESIAN_POINT('Ctrl Pts',(-20.9999962573496,13.2014247163198,-8.9));
#6301=CARTESIAN_POINT('Ctrl Pts',(-20.9991574047992,13.4041886810225,-8.9));
#6302=CARTESIAN_POINT('Ctrl Pts',(-20.9983123631874,13.5062406191708,-8.9));
#6303=CARTESIAN_POINT('Ctrl Pts',(-20.9949978234841,13.7118476108709,-8.9));
#6304=CARTESIAN_POINT('Ctrl Pts',(-20.9925078568175,13.8154052105897,-8.9));
#6305=CARTESIAN_POINT('Ctrl Pts',(-20.9851395847145,14.02415323382,-8.9));
#6306=CARTESIAN_POINT('Ctrl Pts',(-20.9802295039773,14.1293467313853,-8.9));
#6307=CARTESIAN_POINT('Ctrl Pts',(-20.9672841862153,14.341459865603,-8.9));
#6308=CARTESIAN_POINT('Ctrl Pts',(-20.9592049585855,14.4483824336459,-8.9));
#6309=CARTESIAN_POINT('Ctrl Pts',(-20.9392088597403,14.6640106941239,-8.9));
#6310=CARTESIAN_POINT('Ctrl Pts',(-20.9272347038012,14.7727183266736,-8.9));
#6311=CARTESIAN_POINT('Ctrl Pts',(-20.8986280911273,14.9929303577313,-8.9));
#6312=CARTESIAN_POINT('Ctrl Pts',(-20.8818836364123,15.1044346380368,-8.9));
#6313=CARTESIAN_POINT('Ctrl Pts',(-20.8430861409143,15.3292938736596,-8.9));
#6314=CARTESIAN_POINT('Ctrl Pts',(-20.8209411803025,15.442645016165,-8.9));
#6315=CARTESIAN_POINT('Ctrl Pts',(-20.7706545760261,15.6711476046275,-8.9));
#6316=CARTESIAN_POINT('Ctrl Pts',(-20.7424019779106,15.7862895989248,-8.9));
#6317=CARTESIAN_POINT('Ctrl Pts',(-20.679213502147,16.0182835795961,-8.9));
#6318=CARTESIAN_POINT('Ctrl Pts',(-20.6441452890295,16.1351178680729,-8.9));
#6319=CARTESIAN_POINT('Ctrl Pts',(-20.566631234998,16.3703618955908,-8.9));
#6320=CARTESIAN_POINT('Ctrl Pts',(-20.524029001959,16.4887422219549,-8.9));
#6321=CARTESIAN_POINT('Ctrl Pts',(-20.4307351719884,16.726889772701,-8.9));
#6322=CARTESIAN_POINT('Ctrl Pts',(-20.3798603234927,16.846611292859,-8.9));
#6323=CARTESIAN_POINT('Ctrl Pts',(-20.2692863383611,17.0871765341819,-8.9));
#6324=CARTESIAN_POINT('Ctrl Pts',(-20.2093748279279,17.2079524340372,-8.9));
#6325=CARTESIAN_POINT('Ctrl Pts',(-20.0799803303095,17.4502356899767,-8.9));
#6326=CARTESIAN_POINT('Ctrl Pts',(-20.0102559546622,17.5716464796717,-8.9));
#6327=CARTESIAN_POINT('Ctrl Pts',(-19.8605390074644,17.8145725385713,-8.9));
#6328=CARTESIAN_POINT('Ctrl Pts',(-19.7802830123208,17.9359575615564,-8.9));
#6329=CARTESIAN_POINT('Ctrl Pts',(-19.6090519388114,18.1777449602134,-8.9));
#6330=CARTESIAN_POINT('Ctrl Pts',(-19.5178146139137,18.2979882524467,-8.9));
#6331=CARTESIAN_POINT('Ctrl Pts',(-19.3240681730649,18.5365697783091,-8.9));
#6332=CARTESIAN_POINT('Ctrl Pts',(-19.2212808525431,18.6547017715804,-8.9));
#6333=CARTESIAN_POINT('Ctrl Pts',(-19.0076681787725,18.8839656268388,-8.9));
#6334=CARTESIAN_POINT('Ctrl Pts',(-18.8968342753583,18.9950884014486,-8.9));
#6335=CARTESIAN_POINT('Ctrl Pts',(-18.6698968558336,19.2076394324912,-8.9));
#6336=CARTESIAN_POINT('Ctrl Pts',(-18.5539131730742,19.3091981230931,-8.9));
#6337=CARTESIAN_POINT('Ctrl Pts',(-18.3191082114351,19.5013099520428,-8.9));
#6338=CARTESIAN_POINT('Ctrl Pts',(-18.2004580953185,19.5920912828403,-8.9));
#6339=CARTESIAN_POINT('Ctrl Pts',(-17.9619445609983,19.762569815923,-8.9));
#6340=CARTESIAN_POINT('Ctrl Pts',(-17.8422417820393,19.8425283440808,-8.9));
#6341=CARTESIAN_POINT('Ctrl Pts',(-17.602611649298,19.9918968336714,-8.9));
#6342=CARTESIAN_POINT('Ctrl Pts',(-17.4828117894594,20.0615604060012,-8.9));
#6343=CARTESIAN_POINT('Ctrl Pts',(-17.2436086292671,20.191075836415,-8.9));
#6344=CARTESIAN_POINT('Ctrl Pts',(-17.1242989542109,20.2511569934553,-8.9));
#6345=CARTESIAN_POINT('Ctrl Pts',(-16.8864973051464,20.3622745462593,-8.9));
#6346=CARTESIAN_POINT('Ctrl Pts',(-16.7680711331385,20.4135118838639,-8.9));
#6347=CARTESIAN_POINT('Ctrl Pts',(-16.5323415233461,20.5076877553329,-8.9));
#6348=CARTESIAN_POINT('Ctrl Pts',(-16.4150827254439,20.5507997861425,-8.9));
#6349=CARTESIAN_POINT('Ctrl Pts',(-16.1819164257541,20.6294439311052,-8.9));
#6350=CARTESIAN_POINT('Ctrl Pts',(-16.0660379847155,20.6651245590226,-8.9));
#6351=CARTESIAN_POINT('Ctrl Pts',(-15.8358032604745,20.7296054830421,-8.9));
#6352=CARTESIAN_POINT('Ctrl Pts',(-15.7214647790098,20.7585320004517,-8.9));
#6353=CARTESIAN_POINT('Ctrl Pts',(-15.4954583808848,20.8099619479663,-8.9));
#6354=CARTESIAN_POINT('Ctrl Pts',(-15.3838047581683,20.8326216748111,-8.9));
#6355=CARTESIAN_POINT('Ctrl Pts',(-15.1620087824675,20.8725709227189,-8.9));
#6356=CARTESIAN_POINT('Ctrl Pts',(-15.0518702536874,20.8899388737807,-8.9));
#6357=CARTESIAN_POINT('Ctrl Pts',(-14.8331692191539,20.9199600347607,-8.9));
#6358=CARTESIAN_POINT('Ctrl Pts',(-14.7246073068221,20.9326783450159,-8.9));
#6359=CARTESIAN_POINT('Ctrl Pts',(-14.5090810030223,20.9540804045788,-8.9));
#6360=CARTESIAN_POINT('Ctrl Pts',(-14.4021151825779,20.9628169210635,-8.9));
#6361=CARTESIAN_POINT('Ctrl Pts',(-14.1868725296572,20.9771559400021,-8.9));
#6362=CARTESIAN_POINT('Ctrl Pts',(-14.0785988060708,20.9827120355907,-8.9));
#6363=CARTESIAN_POINT('Ctrl Pts',(-13.8670331600514,20.9909803855902,-8.9));
#6364=CARTESIAN_POINT('Ctrl Pts',(-13.7637304505902,20.993806605442,-8.9));
#6365=CARTESIAN_POINT('Ctrl Pts',(-13.5583339913695,20.9976829149047,-8.9));
#6366=CARTESIAN_POINT('Ctrl Pts',(-13.4562382586586,20.998749771179,-8.9));
#6367=CARTESIAN_POINT('Ctrl Pts',(-13.2534846601833,20.9998946558563,-8.9));
#6368=CARTESIAN_POINT('Ctrl Pts',(-13.1528250002571,20.9999849869536,-8.9));
#6369=CARTESIAN_POINT('Ctrl Pts',(-13.034786609121,20.9999999966263,-8.9));
#6370=CARTESIAN_POINT('Ctrl Pts',(-13.0173933035143,21.,-8.9));
#6371=CARTESIAN_POINT('Ctrl Pts',(-13.,21.,-8.9));
#6372=CARTESIAN_POINT('Origin',(-21.,-13.,-68.3969696196701));
#6373=CARTESIAN_POINT('',(-21.,-13.,-8.9));
#6374=CARTESIAN_POINT('',(-21.,-13.,-0.0999999999999994));
#6375=CARTESIAN_POINT('',(-21.,13.,-8.9));
#6376=CARTESIAN_POINT('Ctrl Pts',(-21.,-13.,-8.9));
#6377=CARTESIAN_POINT('Ctrl Pts',(-21.,-13.,9.34768));
#6378=CARTESIAN_POINT('Ctrl Pts',(-21.,-15.4895373825391,-8.9));
#6379=CARTESIAN_POINT('Ctrl Pts',(-21.,-15.4895373825391,9.34768));
#6380=CARTESIAN_POINT('Ctrl Pts',(-21.,-17.9790747650783,-8.9));
#6381=CARTESIAN_POINT('Ctrl Pts',(-21.,-17.9790747650783,9.34768));
#6382=CARTESIAN_POINT('Ctrl Pts',(-17.9790747650783,-21.,-8.9));
#6383=CARTESIAN_POINT('Ctrl Pts',(-17.9790747650783,-21.,9.34768));
#6384=CARTESIAN_POINT('Ctrl Pts',(-15.4895373825391,-21.,-8.9));
#6385=CARTESIAN_POINT('Ctrl Pts',(-15.4895373825391,-21.,9.34768));
#6386=CARTESIAN_POINT('Ctrl Pts',(-13.,-21.,-8.9));
#6387=CARTESIAN_POINT('Ctrl Pts',(-13.,-21.,9.34768));
#6388=CARTESIAN_POINT('',(-13.,-21.,-8.9));
#6389=CARTESIAN_POINT('',(-13.,-21.,-0.100000000000003));
#6390=CARTESIAN_POINT('Ctrl Pts',(-13.,-21.,-8.9));
#6391=CARTESIAN_POINT('Ctrl Pts',(-13.1007112069118,-21.,-8.9));
#6392=CARTESIAN_POINT('Ctrl Pts',(-13.2014247163197,-20.9999962573496,-8.9));
#6393=CARTESIAN_POINT('Ctrl Pts',(-13.4041886810224,-20.9991574047992,-8.9));
#6394=CARTESIAN_POINT('Ctrl Pts',(-13.5062406191707,-20.9983123631874,-8.9));
#6395=CARTESIAN_POINT('Ctrl Pts',(-13.711847610871,-20.9949978234841,-8.9));
#6396=CARTESIAN_POINT('Ctrl Pts',(-13.81540521059,-20.9925078568175,-8.9));
#6397=CARTESIAN_POINT('Ctrl Pts',(-14.0241532338205,-20.9851395847145,-8.9));
#6398=CARTESIAN_POINT('Ctrl Pts',(-14.1293467313857,-20.9802295039772,-8.9));
#6399=CARTESIAN_POINT('Ctrl Pts',(-14.3414598656034,-20.9672841862153,-8.9));
#6400=CARTESIAN_POINT('Ctrl Pts',(-14.4483824336462,-20.9592049585855,-8.9));
#6401=CARTESIAN_POINT('Ctrl Pts',(-14.6640106941241,-20.9392088597403,-8.9));
#6402=CARTESIAN_POINT('Ctrl Pts',(-14.7727183266737,-20.9272347038012,-8.9));
#6403=CARTESIAN_POINT('Ctrl Pts',(-14.9929303577313,-20.8986280911273,-8.9));
#6404=CARTESIAN_POINT('Ctrl Pts',(-15.1044346380368,-20.8818836364123,-8.9));
#6405=CARTESIAN_POINT('Ctrl Pts',(-15.3292938736597,-20.8430861409143,-8.9));
#6406=CARTESIAN_POINT('Ctrl Pts',(-15.4426450161651,-20.8209411803024,-8.9));
#6407=CARTESIAN_POINT('Ctrl Pts',(-15.6711476046278,-20.770654576026,-8.9));
#6408=CARTESIAN_POINT('Ctrl Pts',(-15.7862895989251,-20.7424019779106,-8.9));
#6409=CARTESIAN_POINT('Ctrl Pts',(-16.0182835795964,-20.6792135021469,-8.9));
#6410=CARTESIAN_POINT('Ctrl Pts',(-16.1351178680732,-20.6441452890294,-8.9));
#6411=CARTESIAN_POINT('Ctrl Pts',(-16.3703618955912,-20.5666312349979,-8.9));
#6412=CARTESIAN_POINT('Ctrl Pts',(-16.4887422219553,-20.5240290019589,-8.9));
#6413=CARTESIAN_POINT('Ctrl Pts',(-16.7268897727014,-20.4307351719883,-8.9));
#6414=CARTESIAN_POINT('Ctrl Pts',(-16.8466112928594,-20.3798603234925,-8.9));
#6415=CARTESIAN_POINT('Ctrl Pts',(-17.0871765341824,-20.2692863383609,-8.9));
#6416=CARTESIAN_POINT('Ctrl Pts',(-17.2079524340377,-20.2093748279277,-8.9));
#6417=CARTESIAN_POINT('Ctrl Pts',(-17.4502356899772,-20.0799803303092,-8.9));
#6418=CARTESIAN_POINT('Ctrl Pts',(-17.5716464796722,-20.010255954662,-8.9));
#6419=CARTESIAN_POINT('Ctrl Pts',(-17.8145725385718,-19.8605390074641,-8.9));
#6420=CARTESIAN_POINT('Ctrl Pts',(-17.935957561557,-19.7802830123205,-8.9));
#6421=CARTESIAN_POINT('Ctrl Pts',(-18.177744960214,-19.6090519388111,-8.9));
#6422=CARTESIAN_POINT('Ctrl Pts',(-18.2979882524472,-19.5178146139134,-8.9));
#6423=CARTESIAN_POINT('Ctrl Pts',(-18.5365697783096,-19.3240681730645,-8.9));
#6424=CARTESIAN_POINT('Ctrl Pts',(-18.6547017715809,-19.2212808525427,-8.9));
#6425=CARTESIAN_POINT('Ctrl Pts',(-18.8839656268393,-19.0076681787721,-8.9));
#6426=CARTESIAN_POINT('Ctrl Pts',(-18.995088401449,-18.896834275358,-8.9));
#6427=CARTESIAN_POINT('Ctrl Pts',(-19.2076394324916,-18.6698968558333,-8.9));
#6428=CARTESIAN_POINT('Ctrl Pts',(-19.3091981230935,-18.5539131730738,-8.9));
#6429=CARTESIAN_POINT('Ctrl Pts',(-19.5013099520432,-18.3191082114348,-8.9));
#6430=CARTESIAN_POINT('Ctrl Pts',(-19.5920912828406,-18.2004580953182,-8.9));
#6431=CARTESIAN_POINT('Ctrl Pts',(-19.7625698159233,-17.9619445609979,-8.9));
#6432=CARTESIAN_POINT('Ctrl Pts',(-19.842528344081,-17.842241782039,-8.9));
#6433=CARTESIAN_POINT('Ctrl Pts',(-19.9918968336716,-17.6026116492977,-8.9));
#6434=CARTESIAN_POINT('Ctrl Pts',(-20.0615604060014,-17.4828117894591,-8.9));
#6435=CARTESIAN_POINT('Ctrl Pts',(-20.1910758364152,-17.2436086292669,-8.9));
#6436=CARTESIAN_POINT('Ctrl Pts',(-20.2511569934555,-17.1242989542107,-8.9));
#6437=CARTESIAN_POINT('Ctrl Pts',(-20.3622745462594,-16.8864973051462,-8.9));
#6438=CARTESIAN_POINT('Ctrl Pts',(-20.4135118838641,-16.7680711331383,-8.9));
#6439=CARTESIAN_POINT('Ctrl Pts',(-20.507687755333,-16.5323415233458,-8.9));
#6440=CARTESIAN_POINT('Ctrl Pts',(-20.5507997861426,-16.4150827254436,-8.9));
#6441=CARTESIAN_POINT('Ctrl Pts',(-20.6294439311053,-16.1819164257538,-8.9));
#6442=CARTESIAN_POINT('Ctrl Pts',(-20.6651245590227,-16.0660379847152,-8.9));
#6443=CARTESIAN_POINT('Ctrl Pts',(-20.7296054830422,-15.8358032604741,-8.9));
#6444=CARTESIAN_POINT('Ctrl Pts',(-20.7585320004518,-15.7214647790094,-8.9));
#6445=CARTESIAN_POINT('Ctrl Pts',(-20.8099619479664,-15.4954583808844,-8.9));
#6446=CARTESIAN_POINT('Ctrl Pts',(-20.8326216748112,-15.3838047581679,-8.9));
#6447=CARTESIAN_POINT('Ctrl Pts',(-20.872570922719,-15.1620087824671,-8.9));
#6448=CARTESIAN_POINT('Ctrl Pts',(-20.8899388737808,-15.051870253687,-8.9));
#6449=CARTESIAN_POINT('Ctrl Pts',(-20.9199600347607,-14.8331692191535,-8.9));
#6450=CARTESIAN_POINT('Ctrl Pts',(-20.9326783450159,-14.7246073068217,-8.9));
#6451=CARTESIAN_POINT('Ctrl Pts',(-20.9540804045789,-14.5090810030219,-8.9));
#6452=CARTESIAN_POINT('Ctrl Pts',(-20.9628169210635,-14.4021151825775,-8.9));
#6453=CARTESIAN_POINT('Ctrl Pts',(-20.9771559400022,-14.1868725296568,-8.9));
#6454=CARTESIAN_POINT('Ctrl Pts',(-20.9827120355907,-14.0785988060704,-8.9));
#6455=CARTESIAN_POINT('Ctrl Pts',(-20.9909803855902,-13.8670331600511,-8.9));
#6456=CARTESIAN_POINT('Ctrl Pts',(-20.993806605442,-13.7637304505898,-8.9));
#6457=CARTESIAN_POINT('Ctrl Pts',(-20.9976829149048,-13.5583339913692,-8.9));
#6458=CARTESIAN_POINT('Ctrl Pts',(-20.998749771179,-13.4562382586582,-8.9));
#6459=CARTESIAN_POINT('Ctrl Pts',(-20.9998946558563,-13.253484660183,-8.9));
#6460=CARTESIAN_POINT('Ctrl Pts',(-20.9999849869536,-13.1528250002567,-8.9));
#6461=CARTESIAN_POINT('Ctrl Pts',(-20.9999999966263,-13.0347866091207,-8.9));
#6462=CARTESIAN_POINT('Ctrl Pts',(-21.,-13.0173933035141,-8.9));
#6463=CARTESIAN_POINT('Ctrl Pts',(-21.,-13.,-8.9));
#6464=CARTESIAN_POINT('Origin',(13.,-21.,-68.3969696196701));
#6465=CARTESIAN_POINT('',(13.,-21.,-8.9));
#6466=CARTESIAN_POINT('',(13.,-21.,-0.0999999999999994));
#6467=CARTESIAN_POINT('',(-13.,-21.,-8.9));
#6468=CARTESIAN_POINT('Ctrl Pts',(13.,-21.,-8.9));
#6469=CARTESIAN_POINT('Ctrl Pts',(13.,-21.,9.34768));
#6470=CARTESIAN_POINT('Ctrl Pts',(15.4895373825391,-21.,-8.9));
#6471=CARTESIAN_POINT('Ctrl Pts',(15.4895373825391,-21.,9.34768));
#6472=CARTESIAN_POINT('Ctrl Pts',(17.9790747650781,-21.,-8.9));
#6473=CARTESIAN_POINT('Ctrl Pts',(17.9790747650781,-21.,9.34768));
#6474=CARTESIAN_POINT('Ctrl Pts',(21.,-17.9790747650783,-8.9));
#6475=CARTESIAN_POINT('Ctrl Pts',(21.,-17.9790747650783,9.34768));
#6476=CARTESIAN_POINT('Ctrl Pts',(21.,-15.4895373825391,-8.9));
#6477=CARTESIAN_POINT('Ctrl Pts',(21.,-15.4895373825391,9.34768));
#6478=CARTESIAN_POINT('Ctrl Pts',(21.,-13.,-8.9));
#6479=CARTESIAN_POINT('Ctrl Pts',(21.,-13.,9.34768));
#6480=CARTESIAN_POINT('',(21.,-13.,-8.9));
#6481=CARTESIAN_POINT('',(21.,-13.,-0.100000000000003));
#6482=CARTESIAN_POINT('Ctrl Pts',(21.,-13.,-8.9));
#6483=CARTESIAN_POINT('Ctrl Pts',(21.,-13.1007112069118,-8.9));
#6484=CARTESIAN_POINT('Ctrl Pts',(20.9999962573496,-13.2014247163197,-8.9));
#6485=CARTESIAN_POINT('Ctrl Pts',(20.9991574047992,-13.4041886810225,-8.9));
#6486=CARTESIAN_POINT('Ctrl Pts',(20.9983123631874,-13.506240619171,-8.9));
#6487=CARTESIAN_POINT('Ctrl Pts',(20.994997823484,-13.7118476108713,-8.9));
#6488=CARTESIAN_POINT('Ctrl Pts',(20.9925078568175,-13.8154052105902,-8.9));
#6489=CARTESIAN_POINT('Ctrl Pts',(20.9851395847145,-14.0241532338204,-8.9));
#6490=CARTESIAN_POINT('Ctrl Pts',(20.9802295039773,-14.1293467313854,-8.9));
#6491=CARTESIAN_POINT('Ctrl Pts',(20.9672841862154,-14.3414598656027,-8.9));
#6492=CARTESIAN_POINT('Ctrl Pts',(20.9592049585856,-14.4483824336454,-8.9));
#6493=CARTESIAN_POINT('Ctrl Pts',(20.9392088597404,-14.6640106941231,-8.9));
#6494=CARTESIAN_POINT('Ctrl Pts',(20.9272347038013,-14.7727183266727,-8.9));
#6495=CARTESIAN_POINT('Ctrl Pts',(20.8986280911275,-14.9929303577304,-8.9));
#6496=CARTESIAN_POINT('Ctrl Pts',(20.8818836364124,-15.1044346380359,-8.9));
#6497=CARTESIAN_POINT('Ctrl Pts',(20.8430861409145,-15.3292938736588,-8.9));
#6498=CARTESIAN_POINT('Ctrl Pts',(20.8209411803026,-15.4426450161641,-8.9));
#6499=CARTESIAN_POINT('Ctrl Pts',(20.7706545760263,-15.6711476046267,-8.9));
#6500=CARTESIAN_POINT('Ctrl Pts',(20.7424019779108,-15.7862895989241,-8.9));
#6501=CARTESIAN_POINT('Ctrl Pts',(20.6792135021472,-16.0182835795952,-8.9));
#6502=CARTESIAN_POINT('Ctrl Pts',(20.6441452890297,-16.135117868072,-8.9));
#6503=CARTESIAN_POINT('Ctrl Pts',(20.5666312349983,-16.3703618955899,-8.9));
#6504=CARTESIAN_POINT('Ctrl Pts',(20.5240290019594,-16.488742221954,-8.9));
#6505=CARTESIAN_POINT('Ctrl Pts',(20.4307351719888,-16.7268897727002,-8.9));
#6506=CARTESIAN_POINT('Ctrl Pts',(20.379860323493,-16.8466112928583,-8.9));
#6507=CARTESIAN_POINT('Ctrl Pts',(20.2692863383614,-17.0871765341812,-8.9));
#6508=CARTESIAN_POINT('Ctrl Pts',(20.2093748279282,-17.2079524340365,-8.9));
#6509=CARTESIAN_POINT('Ctrl Pts',(20.0799803303098,-17.450235689976,-8.9));
#6510=CARTESIAN_POINT('Ctrl Pts',(20.0102559546626,-17.571646479671,-8.9));
#6511=CARTESIAN_POINT('Ctrl Pts',(19.8605390074648,-17.8145725385706,-8.9));
#6512=CARTESIAN_POINT('Ctrl Pts',(19.7802830123213,-17.9359575615557,-8.9));
#6513=CARTESIAN_POINT('Ctrl Pts',(19.6090519388119,-18.1777449602127,-8.9));
#6514=CARTESIAN_POINT('Ctrl Pts',(19.5178146139143,-18.297988252446,-8.9));
#6515=CARTESIAN_POINT('Ctrl Pts',(19.3240681730655,-18.5365697783084,-8.9));
#6516=CARTESIAN_POINT('Ctrl Pts',(19.2212808525437,-18.6547017715797,-8.9));
#6517=CARTESIAN_POINT('Ctrl Pts',(19.0076681787731,-18.8839656268382,-8.9));
#6518=CARTESIAN_POINT('Ctrl Pts',(18.8968342753589,-18.995088401448,-8.9));
#6519=CARTESIAN_POINT('Ctrl Pts',(18.6698968558343,-19.2076394324906,-8.9));
#6520=CARTESIAN_POINT('Ctrl Pts',(18.5539131730748,-19.3091981230925,-8.9));
#6521=CARTESIAN_POINT('Ctrl Pts',(18.3191082114358,-19.5013099520423,-8.9));
#6522=CARTESIAN_POINT('Ctrl Pts',(18.2004580953192,-19.5920912828397,-8.9));
#6523=CARTESIAN_POINT('Ctrl Pts',(17.961944560999,-19.7625698159225,-8.9));
#6524=CARTESIAN_POINT('Ctrl Pts',(17.8422417820401,-19.8425283440802,-8.9));
#6525=CARTESIAN_POINT('Ctrl Pts',(17.6026116492989,-19.9918968336709,-8.9));
#6526=CARTESIAN_POINT('Ctrl Pts',(17.4828117894602,-20.0615604060007,-8.9));
#6527=CARTESIAN_POINT('Ctrl Pts',(17.243608629268,-20.1910758364145,-8.9));
#6528=CARTESIAN_POINT('Ctrl Pts',(17.1242989542118,-20.2511569934549,-8.9));
#6529=CARTESIAN_POINT('Ctrl Pts',(16.8864973051473,-20.3622745462589,-8.9));
#6530=CARTESIAN_POINT('Ctrl Pts',(16.7680711331394,-20.4135118838635,-8.9));
#6531=CARTESIAN_POINT('Ctrl Pts',(16.532341523347,-20.5076877553326,-8.9));
#6532=CARTESIAN_POINT('Ctrl Pts',(16.4150827254448,-20.5507997861422,-8.9));
#6533=CARTESIAN_POINT('Ctrl Pts',(16.181916425755,-20.6294439311049,-8.9));
#6534=CARTESIAN_POINT('Ctrl Pts',(16.0660379847164,-20.6651245590223,-8.9));
#6535=CARTESIAN_POINT('Ctrl Pts',(15.8358032604753,-20.7296054830419,-8.9));
#6536=CARTESIAN_POINT('Ctrl Pts',(15.7214647790106,-20.7585320004515,-8.9));
#6537=CARTESIAN_POINT('Ctrl Pts',(15.4954583808856,-20.8099619479661,-8.9));
#6538=CARTESIAN_POINT('Ctrl Pts',(15.3838047581691,-20.8326216748109,-8.9));
#6539=CARTESIAN_POINT('Ctrl Pts',(15.1620087824683,-20.8725709227188,-8.9));
#6540=CARTESIAN_POINT('Ctrl Pts',(15.0518702536882,-20.8899388737806,-8.9));
#6541=CARTESIAN_POINT('Ctrl Pts',(14.8331692191546,-20.9199600347606,-8.9));
#6542=CARTESIAN_POINT('Ctrl Pts',(14.7246073068228,-20.9326783450158,-8.9));
#6543=CARTESIAN_POINT('Ctrl Pts',(14.509081003023,-20.9540804045788,-8.9));
#6544=CARTESIAN_POINT('Ctrl Pts',(14.4021151825787,-20.9628169210634,-8.9));
#6545=CARTESIAN_POINT('Ctrl Pts',(14.1868725296579,-20.9771559400021,-8.9));
#6546=CARTESIAN_POINT('Ctrl Pts',(14.0785988060714,-20.9827120355906,-8.9));
#6547=CARTESIAN_POINT('Ctrl Pts',(13.8670331600519,-20.9909803855902,-8.9));
#6548=CARTESIAN_POINT('Ctrl Pts',(13.7637304505907,-20.993806605442,-8.9));
#6549=CARTESIAN_POINT('Ctrl Pts',(13.55833399137,-20.9976829149047,-8.9));
#6550=CARTESIAN_POINT('Ctrl Pts',(13.4562382586591,-20.998749771179,-8.9));
#6551=CARTESIAN_POINT('Ctrl Pts',(13.2534846601839,-20.9998946558563,-8.9));
#6552=CARTESIAN_POINT('Ctrl Pts',(13.1528250002576,-20.9999849869536,-8.9));
#6553=CARTESIAN_POINT('Ctrl Pts',(13.0347866091213,-20.9999999966263,-8.9));
#6554=CARTESIAN_POINT('Ctrl Pts',(13.0173933035144,-21.,-8.9));
#6555=CARTESIAN_POINT('Ctrl Pts',(13.,-21.,-8.9));
#6556=CARTESIAN_POINT('Origin',(21.,13.,-68.3969696196701));
#6557=CARTESIAN_POINT('',(21.,13.,-8.9));
#6558=CARTESIAN_POINT('',(21.,13.,-0.0999999999999994));
#6559=CARTESIAN_POINT('',(21.,-13.,-8.9));
#6560=CARTESIAN_POINT('Ctrl Pts',(21.,13.,-8.9));
#6561=CARTESIAN_POINT('Ctrl Pts',(21.,13.,9.34768));
#6562=CARTESIAN_POINT('Ctrl Pts',(21.,15.4895373825391,-8.9));
#6563=CARTESIAN_POINT('Ctrl Pts',(21.,15.4895373825391,9.34768));
#6564=CARTESIAN_POINT('Ctrl Pts',(21.,17.9790747650781,-8.9));
#6565=CARTESIAN_POINT('Ctrl Pts',(21.,17.9790747650781,9.34768));
#6566=CARTESIAN_POINT('Ctrl Pts',(17.9790747650781,21.,-8.9));
#6567=CARTESIAN_POINT('Ctrl Pts',(17.9790747650781,21.,9.34768));
#6568=CARTESIAN_POINT('Ctrl Pts',(15.4895373825391,21.,-8.9));
#6569=CARTESIAN_POINT('Ctrl Pts',(15.4895373825391,21.,9.34768));
#6570=CARTESIAN_POINT('Ctrl Pts',(13.,21.,-8.9));
#6571=CARTESIAN_POINT('Ctrl Pts',(13.,21.,9.34768));
#6572=CARTESIAN_POINT('',(13.,21.,-8.9));
#6573=CARTESIAN_POINT('',(13.,21.,-8.9));
#6574=CARTESIAN_POINT('Ctrl Pts',(13.,21.,-8.9));
#6575=CARTESIAN_POINT('Ctrl Pts',(13.1007112069117,21.,-8.9));
#6576=CARTESIAN_POINT('Ctrl Pts',(13.2014247163196,20.9999962573496,-8.9));
#6577=CARTESIAN_POINT('Ctrl Pts',(13.4041886810223,20.9991574047992,-8.9));
#6578=CARTESIAN_POINT('Ctrl Pts',(13.5062406191707,20.9983123631874,-8.9));
#6579=CARTESIAN_POINT('Ctrl Pts',(13.7118476108709,20.9949978234841,-8.9));
#6580=CARTESIAN_POINT('Ctrl Pts',(13.8154052105897,20.9925078568175,-8.9));
#6581=CARTESIAN_POINT('Ctrl Pts',(14.02415323382,20.9851395847145,-8.9));
#6582=CARTESIAN_POINT('Ctrl Pts',(14.1293467313851,20.9802295039773,-8.9));
#6583=CARTESIAN_POINT('Ctrl Pts',(14.3414598656025,20.9672841862154,-8.9));
#6584=CARTESIAN_POINT('Ctrl Pts',(14.4483824336453,20.9592049585856,-8.9));
#6585=CARTESIAN_POINT('Ctrl Pts',(14.6640106941231,20.9392088597404,-8.9));
#6586=CARTESIAN_POINT('Ctrl Pts',(14.7727183266727,20.9272347038013,-8.9));
#6587=CARTESIAN_POINT('Ctrl Pts',(14.9929303577304,20.8986280911275,-8.9));
#6588=CARTESIAN_POINT('Ctrl Pts',(15.1044346380359,20.8818836364124,-8.9));
#6589=CARTESIAN_POINT('Ctrl Pts',(15.3292938736587,20.8430861409145,-8.9));
#6590=CARTESIAN_POINT('Ctrl Pts',(15.4426450161641,20.8209411803026,-8.9));
#6591=CARTESIAN_POINT('Ctrl Pts',(15.6711476046266,20.7706545760263,-8.9));
#6592=CARTESIAN_POINT('Ctrl Pts',(15.7862895989239,20.7424019779109,-8.9));
#6593=CARTESIAN_POINT('Ctrl Pts',(16.0182835795951,20.6792135021473,-8.9));
#6594=CARTESIAN_POINT('Ctrl Pts',(16.1351178680719,20.6441452890298,-8.9));
#6595=CARTESIAN_POINT('Ctrl Pts',(16.3703618955898,20.5666312349983,-8.9));
#6596=CARTESIAN_POINT('Ctrl Pts',(16.4887422219539,20.5240290019594,-8.9));
#6597=CARTESIAN_POINT('Ctrl Pts',(16.7268897727,20.4307351719888,-8.9));
#6598=CARTESIAN_POINT('Ctrl Pts',(16.846611292858,20.3798603234931,-8.9));
#6599=CARTESIAN_POINT('Ctrl Pts',(17.087176534181,20.2692863383615,-8.9));
#6600=CARTESIAN_POINT('Ctrl Pts',(17.2079524340363,20.2093748279283,-8.9));
#6601=CARTESIAN_POINT('Ctrl Pts',(17.4502356899759,20.0799803303099,-8.9));
#6602=CARTESIAN_POINT('Ctrl Pts',(17.5716464796709,20.0102559546626,-8.9));
#6603=CARTESIAN_POINT('Ctrl Pts',(17.8145725385705,19.8605390074648,-8.9));
#6604=CARTESIAN_POINT('Ctrl Pts',(17.9359575615557,19.7802830123213,-8.9));
#6605=CARTESIAN_POINT('Ctrl Pts',(18.1777449602126,19.609051938812,-8.9));
#6606=CARTESIAN_POINT('Ctrl Pts',(18.2979882524458,19.5178146139144,-8.9));
#6607=CARTESIAN_POINT('Ctrl Pts',(18.5365697783082,19.3240681730657,-8.9));
#6608=CARTESIAN_POINT('Ctrl Pts',(18.6547017715795,19.2212808525439,-8.9));
#6609=CARTESIAN_POINT('Ctrl Pts',(18.883965626838,19.0076681787733,-8.9));
#6610=CARTESIAN_POINT('Ctrl Pts',(18.9950884014477,18.8968342753591,-8.9));
#6611=CARTESIAN_POINT('Ctrl Pts',(19.2076394324904,18.6698968558344,-8.9));
#6612=CARTESIAN_POINT('Ctrl Pts',(19.3091981230924,18.553913173075,-8.9));
#6613=CARTESIAN_POINT('Ctrl Pts',(19.5013099520421,18.3191082114359,-8.9));
#6614=CARTESIAN_POINT('Ctrl Pts',(19.5920912828396,18.2004580953194,-8.9));
#6615=CARTESIAN_POINT('Ctrl Pts',(19.7625698159224,17.9619445609991,-8.9));
#6616=CARTESIAN_POINT('Ctrl Pts',(19.8425283440801,17.8422417820402,-8.9));
#6617=CARTESIAN_POINT('Ctrl Pts',(19.9918968336709,17.6026116492989,-8.9));
#6618=CARTESIAN_POINT('Ctrl Pts',(20.0615604060007,17.4828117894603,-8.9));
#6619=CARTESIAN_POINT('Ctrl Pts',(20.1910758364145,17.243608629268,-8.9));
#6620=CARTESIAN_POINT('Ctrl Pts',(20.2511569934548,17.1242989542118,-8.9));
#6621=CARTESIAN_POINT('Ctrl Pts',(20.3622745462588,16.8864973051474,-8.9));
#6622=CARTESIAN_POINT('Ctrl Pts',(20.4135118838635,16.7680711331394,-8.9));
#6623=CARTESIAN_POINT('Ctrl Pts',(20.5076877553325,16.532341523347,-8.9));
#6624=CARTESIAN_POINT('Ctrl Pts',(20.5507997861422,16.4150827254448,-8.9));
#6625=CARTESIAN_POINT('Ctrl Pts',(20.6294439311049,16.181916425755,-8.9));
#6626=CARTESIAN_POINT('Ctrl Pts',(20.6651245590223,16.0660379847164,-8.9));
#6627=CARTESIAN_POINT('Ctrl Pts',(20.7296054830418,15.8358032604753,-8.9));
#6628=CARTESIAN_POINT('Ctrl Pts',(20.7585320004515,15.7214647790106,-8.9));
#6629=CARTESIAN_POINT('Ctrl Pts',(20.8099619479661,15.4954583808856,-8.9));
#6630=CARTESIAN_POINT('Ctrl Pts',(20.8326216748109,15.3838047581691,-8.9));
#6631=CARTESIAN_POINT('Ctrl Pts',(20.8725709227188,15.1620087824683,-8.9));
#6632=CARTESIAN_POINT('Ctrl Pts',(20.8899388737806,15.0518702536882,-8.9));
#6633=CARTESIAN_POINT('Ctrl Pts',(20.9199600347606,14.8331692191547,-8.9));
#6634=CARTESIAN_POINT('Ctrl Pts',(20.9326783450158,14.7246073068229,-8.9));
#6635=CARTESIAN_POINT('Ctrl Pts',(20.9540804045788,14.5090810030231,-8.9));
#6636=CARTESIAN_POINT('Ctrl Pts',(20.9628169210634,14.4021151825787,-8.9));
#6637=CARTESIAN_POINT('Ctrl Pts',(20.9771559400021,14.1868725296579,-8.9));
#6638=CARTESIAN_POINT('Ctrl Pts',(20.9827120355906,14.0785988060714,-8.9));
#6639=CARTESIAN_POINT('Ctrl Pts',(20.9909803855902,13.867033160052,-8.9));
#6640=CARTESIAN_POINT('Ctrl Pts',(20.993806605442,13.7637304505907,-8.9));
#6641=CARTESIAN_POINT('Ctrl Pts',(20.9976829149047,13.55833399137,-8.9));
#6642=CARTESIAN_POINT('Ctrl Pts',(20.998749771179,13.4562382586591,-8.9));
#6643=CARTESIAN_POINT('Ctrl Pts',(20.9998946558563,13.2534846601838,-8.9));
#6644=CARTESIAN_POINT('Ctrl Pts',(20.9999849869536,13.1528250002576,-8.9));
#6645=CARTESIAN_POINT('Ctrl Pts',(20.9999999966263,13.0347866091213,-8.9));
#6646=CARTESIAN_POINT('Ctrl Pts',(21.,13.0173933035144,-8.9));
#6647=CARTESIAN_POINT('Ctrl Pts',(21.,13.,-8.9));
#6648=CARTESIAN_POINT('Origin',(-13.,21.,-68.3969696196701));
#6649=CARTESIAN_POINT('',(13.,21.,-8.9));
#6650=CARTESIAN_POINT('Origin',(13.,20.,-0.87));
#6651=CARTESIAN_POINT('',(-13.,20.,-5.42101086242752E-17));
#6652=CARTESIAN_POINT('',(13.,20.,-0.87));
#6653=CARTESIAN_POINT('Ctrl Pts',(20.,13.,-0.87));
#6654=CARTESIAN_POINT('Ctrl Pts',(20.,13.,0.934032));
#6655=CARTESIAN_POINT('Ctrl Pts',(20.,13.4737463823511,-0.87));
#6656=CARTESIAN_POINT('Ctrl Pts',(20.,13.4737463823511,0.934032));
#6657=CARTESIAN_POINT('Ctrl Pts',(19.998667647106,13.9473367369013,-0.87));
#6658=CARTESIAN_POINT('Ctrl Pts',(19.998667647106,13.9473367369013,0.934032));
#6659=CARTESIAN_POINT('Ctrl Pts',(19.9168542848988,14.8852485872333,-0.87));
#6660=CARTESIAN_POINT('Ctrl Pts',(19.9168542848988,14.8852485872333,0.934032));
#6661=CARTESIAN_POINT('Ctrl Pts',(19.8367182945478,15.3496104871378,-0.87));
#6662=CARTESIAN_POINT('Ctrl Pts',(19.8367182945478,15.3496104871378,0.934032));
#6663=CARTESIAN_POINT('Ctrl Pts',(19.6281364328302,16.0358036723292,-0.87));
#6664=CARTESIAN_POINT('Ctrl Pts',(19.6281364328302,16.0358036723292,0.934032));
#6665=CARTESIAN_POINT('Ctrl Pts',(19.544436399826,16.2610137339891,-0.87));
#6666=CARTESIAN_POINT('Ctrl Pts',(19.544436399826,16.2610137339891,0.934032));
#6667=CARTESIAN_POINT('Ctrl Pts',(19.3519650110479,16.6947900236625,-0.87));
#6668=CARTESIAN_POINT('Ctrl Pts',(19.3519650110479,16.6947900236625,0.934032));
#6669=CARTESIAN_POINT('Ctrl Pts',(19.2428118528834,16.9048165534323,-0.87));
#6670=CARTESIAN_POINT('Ctrl Pts',(19.2428118528834,16.9048165534323,0.934032));
#6671=CARTESIAN_POINT('Ctrl Pts',(18.8769123650819,17.5144772293181,-0.87));
#6672=CARTESIAN_POINT('Ctrl Pts',(18.8769123650819,17.5144772293181,0.934032));
#6673=CARTESIAN_POINT('Ctrl Pts',(18.5781657598883,17.8966125794556,-0.87));
#6674=CARTESIAN_POINT('Ctrl Pts',(18.5781657598883,17.8966125794556,0.934032));
#6675=CARTESIAN_POINT('Ctrl Pts',(18.0761250679188,18.4000072834208,-0.87));
#6676=CARTESIAN_POINT('Ctrl Pts',(18.0761250679188,18.4000072834208,0.934032));
#6677=CARTESIAN_POINT('Ctrl Pts',(17.899148744919,18.5573814352309,-0.87));
#6678=CARTESIAN_POINT('Ctrl Pts',(17.899148744919,18.5573814352309,0.934032));
#6679=CARTESIAN_POINT('Ctrl Pts',(17.5256884561849,18.8510122505603,-0.87));
#6680=CARTESIAN_POINT('Ctrl Pts',(17.5256884561849,18.8510122505603,0.934032));
#6681=CARTESIAN_POINT('Ctrl Pts',(17.3277621008253,18.9880841825819,-0.87));
#6682=CARTESIAN_POINT('Ctrl Pts',(17.3277621008253,18.9880841825819,0.934032));
#6683=CARTESIAN_POINT('Ctrl Pts',(16.7144510645656,19.3587449641395,-0.87));
#6684=CARTESIAN_POINT('Ctrl Pts',(16.7144510645656,19.3587449641395,0.934032));
#6685=CARTESIAN_POINT('Ctrl Pts',(16.2821376045618,19.551470633965,-0.87));
#6686=CARTESIAN_POINT('Ctrl Pts',(16.2821376045618,19.551470633965,0.934032));
#6687=CARTESIAN_POINT('Ctrl Pts',(15.5996173071186,19.7615599452161,-0.87));
#6688=CARTESIAN_POINT('Ctrl Pts',(15.5996173071186,19.7615599452161,0.934032));
#6689=CARTESIAN_POINT('Ctrl Pts',(15.3652965911638,19.8184304166472,-0.87));
#6690=CARTESIAN_POINT('Ctrl Pts',(15.3652965911638,19.8184304166472,0.934032));
#6691=CARTESIAN_POINT('Ctrl Pts',(14.8965835839993,19.9055152130447,-0.87));
#6692=CARTESIAN_POINT('Ctrl Pts',(14.8965835839993,19.9055152130447,0.934032));
#6693=CARTESIAN_POINT('Ctrl Pts',(14.6611234258354,19.9361654106763,-0.87));
#6694=CARTESIAN_POINT('Ctrl Pts',(14.6611234258354,19.9361654106763,0.934032));
#6695=CARTESIAN_POINT('Ctrl Pts',(13.9522253361128,19.998706801584,-0.87));
#6696=CARTESIAN_POINT('Ctrl Pts',(13.9522253361128,19.998706801584,0.934032));
#6697=CARTESIAN_POINT('Ctrl Pts',(13.476168021072,20.,-0.87));
#6698=CARTESIAN_POINT('Ctrl Pts',(13.476168021072,20.,0.934032));
#6699=CARTESIAN_POINT('Ctrl Pts',(13.,20.,-0.87));
#6700=CARTESIAN_POINT('Ctrl Pts',(13.,20.,0.934032));
#6701=CARTESIAN_POINT('',(20.,13.,-2.16840434497101E-16));
#6702=CARTESIAN_POINT('Origin',(20.,-13.,-0.87));
#6703=CARTESIAN_POINT('',(20.,-13.,-0.87));
#6704=CARTESIAN_POINT('Ctrl Pts',(13.,-20.,-0.87));
#6705=CARTESIAN_POINT('Ctrl Pts',(13.,-20.,0.934032));
#6706=CARTESIAN_POINT('Ctrl Pts',(13.4737463823511,-20.,-0.87));
#6707=CARTESIAN_POINT('Ctrl Pts',(13.4737463823511,-20.,0.934032));
#6708=CARTESIAN_POINT('Ctrl Pts',(13.9473367369013,-19.998667647106,-0.87));
#6709=CARTESIAN_POINT('Ctrl Pts',(13.9473367369013,-19.998667647106,0.934032));
#6710=CARTESIAN_POINT('Ctrl Pts',(14.8852485872333,-19.9168542848988,-0.87));
#6711=CARTESIAN_POINT('Ctrl Pts',(14.8852485872333,-19.9168542848988,0.934032));
#6712=CARTESIAN_POINT('Ctrl Pts',(15.3496104871378,-19.8367182945478,-0.87));
#6713=CARTESIAN_POINT('Ctrl Pts',(15.3496104871378,-19.8367182945478,0.934032));
#6714=CARTESIAN_POINT('Ctrl Pts',(16.0358036723292,-19.6281364328302,-0.87));
#6715=CARTESIAN_POINT('Ctrl Pts',(16.0358036723292,-19.6281364328302,0.934032));
#6716=CARTESIAN_POINT('Ctrl Pts',(16.2610137339891,-19.544436399826,-0.87));
#6717=CARTESIAN_POINT('Ctrl Pts',(16.2610137339891,-19.544436399826,0.934032));
#6718=CARTESIAN_POINT('Ctrl Pts',(16.6947900236625,-19.3519650110479,-0.87));
#6719=CARTESIAN_POINT('Ctrl Pts',(16.6947900236625,-19.3519650110479,0.934032));
#6720=CARTESIAN_POINT('Ctrl Pts',(16.9048165534323,-19.2428118528834,-0.87));
#6721=CARTESIAN_POINT('Ctrl Pts',(16.9048165534323,-19.2428118528834,0.934032));
#6722=CARTESIAN_POINT('Ctrl Pts',(17.5144772293181,-18.8769123650819,-0.87));
#6723=CARTESIAN_POINT('Ctrl Pts',(17.5144772293181,-18.8769123650819,0.934032));
#6724=CARTESIAN_POINT('Ctrl Pts',(17.8966125794557,-18.5781657598883,-0.87));
#6725=CARTESIAN_POINT('Ctrl Pts',(17.8966125794557,-18.5781657598883,0.934032));
#6726=CARTESIAN_POINT('Ctrl Pts',(18.4000072834209,-18.0761250679189,-0.87));
#6727=CARTESIAN_POINT('Ctrl Pts',(18.4000072834209,-18.0761250679189,0.934032));
#6728=CARTESIAN_POINT('Ctrl Pts',(18.557381435231,-17.8991487449191,-0.87));
#6729=CARTESIAN_POINT('Ctrl Pts',(18.557381435231,-17.8991487449191,0.934032));
#6730=CARTESIAN_POINT('Ctrl Pts',(18.8510122505603,-17.5256884561849,-0.87));
#6731=CARTESIAN_POINT('Ctrl Pts',(18.8510122505603,-17.5256884561849,0.934032));
#6732=CARTESIAN_POINT('Ctrl Pts',(18.9880841825819,-17.3277621008253,-0.87));
#6733=CARTESIAN_POINT('Ctrl Pts',(18.9880841825819,-17.3277621008253,0.934032));
#6734=CARTESIAN_POINT('Ctrl Pts',(19.3587449641396,-16.7144510645657,-0.87));
#6735=CARTESIAN_POINT('Ctrl Pts',(19.3587449641396,-16.7144510645657,0.934032));
#6736=CARTESIAN_POINT('Ctrl Pts',(19.5514706339651,-16.2821376045618,-0.87));
#6737=CARTESIAN_POINT('Ctrl Pts',(19.5514706339651,-16.2821376045618,0.934032));
#6738=CARTESIAN_POINT('Ctrl Pts',(19.7615599452161,-15.5996173071186,-0.87));
#6739=CARTESIAN_POINT('Ctrl Pts',(19.7615599452161,-15.5996173071186,0.934032));
#6740=CARTESIAN_POINT('Ctrl Pts',(19.8184304166473,-15.3652965911638,-0.87));
#6741=CARTESIAN_POINT('Ctrl Pts',(19.8184304166473,-15.3652965911638,0.934032));
#6742=CARTESIAN_POINT('Ctrl Pts',(19.9055152130447,-14.8965835839993,-0.87));
#6743=CARTESIAN_POINT('Ctrl Pts',(19.9055152130447,-14.8965835839993,0.934032));
#6744=CARTESIAN_POINT('Ctrl Pts',(19.9361654106763,-14.6611234258354,-0.87));
#6745=CARTESIAN_POINT('Ctrl Pts',(19.9361654106763,-14.6611234258354,0.934032));
#6746=CARTESIAN_POINT('Ctrl Pts',(19.998706801584,-13.9522253361128,-0.87));
#6747=CARTESIAN_POINT('Ctrl Pts',(19.998706801584,-13.9522253361128,0.934032));
#6748=CARTESIAN_POINT('Ctrl Pts',(20.,-13.476168021072,-0.87));
#6749=CARTESIAN_POINT('Ctrl Pts',(20.,-13.476168021072,0.934032));
#6750=CARTESIAN_POINT('Ctrl Pts',(20.,-13.,-0.87));
#6751=CARTESIAN_POINT('Ctrl Pts',(20.,-13.,0.934032));
#6752=CARTESIAN_POINT('',(13.,-20.,-1.0842021724855E-16));
#6753=CARTESIAN_POINT('Origin',(-13.,-20.,-0.87));
#6754=CARTESIAN_POINT('',(-13.,-20.,-0.87));
#6755=CARTESIAN_POINT('Ctrl Pts',(-20.,-13.,-0.87));
#6756=CARTESIAN_POINT('Ctrl Pts',(-20.,-13.,0.934032));
#6757=CARTESIAN_POINT('Ctrl Pts',(-20.,-13.4737463823511,-0.87));
#6758=CARTESIAN_POINT('Ctrl Pts',(-20.,-13.4737463823511,0.934032));
#6759=CARTESIAN_POINT('Ctrl Pts',(-19.998667647106,-13.9473367369013,-0.87));
#6760=CARTESIAN_POINT('Ctrl Pts',(-19.998667647106,-13.9473367369013,0.934032));
#6761=CARTESIAN_POINT('Ctrl Pts',(-19.9168542848988,-14.8852485872333,-0.87));
#6762=CARTESIAN_POINT('Ctrl Pts',(-19.9168542848988,-14.8852485872333,0.934032));
#6763=CARTESIAN_POINT('Ctrl Pts',(-19.8367182945478,-15.3496104871378,-0.87));
#6764=CARTESIAN_POINT('Ctrl Pts',(-19.8367182945478,-15.3496104871378,0.934032));
#6765=CARTESIAN_POINT('Ctrl Pts',(-19.6281364328302,-16.0358036723292,-0.87));
#6766=CARTESIAN_POINT('Ctrl Pts',(-19.6281364328302,-16.0358036723292,0.934032));
#6767=CARTESIAN_POINT('Ctrl Pts',(-19.544436399826,-16.2610137339891,-0.87));
#6768=CARTESIAN_POINT('Ctrl Pts',(-19.544436399826,-16.2610137339891,0.934032));
#6769=CARTESIAN_POINT('Ctrl Pts',(-19.3519650110479,-16.6947900236625,-0.87));
#6770=CARTESIAN_POINT('Ctrl Pts',(-19.3519650110479,-16.6947900236625,0.934032));
#6771=CARTESIAN_POINT('Ctrl Pts',(-19.2428118528834,-16.9048165534323,-0.87));
#6772=CARTESIAN_POINT('Ctrl Pts',(-19.2428118528834,-16.9048165534323,0.934032));
#6773=CARTESIAN_POINT('Ctrl Pts',(-18.8769123650819,-17.5144772293181,-0.87));
#6774=CARTESIAN_POINT('Ctrl Pts',(-18.8769123650819,-17.5144772293181,0.934032));
#6775=CARTESIAN_POINT('Ctrl Pts',(-18.5781657598883,-17.8966125794557,-0.87));
#6776=CARTESIAN_POINT('Ctrl Pts',(-18.5781657598883,-17.8966125794557,0.934032));
#6777=CARTESIAN_POINT('Ctrl Pts',(-18.076125067919,-18.4000072834209,-0.87));
#6778=CARTESIAN_POINT('Ctrl Pts',(-18.076125067919,-18.4000072834209,0.934032));
#6779=CARTESIAN_POINT('Ctrl Pts',(-17.8991487449191,-18.557381435231,-0.87));
#6780=CARTESIAN_POINT('Ctrl Pts',(-17.8991487449191,-18.557381435231,0.934032));
#6781=CARTESIAN_POINT('Ctrl Pts',(-17.5256884561849,-18.8510122505604,-0.87));
#6782=CARTESIAN_POINT('Ctrl Pts',(-17.5256884561849,-18.8510122505604,0.934032));
#6783=CARTESIAN_POINT('Ctrl Pts',(-17.3277621008253,-18.988084182582,-0.87));
#6784=CARTESIAN_POINT('Ctrl Pts',(-17.3277621008253,-18.988084182582,0.934032));
#6785=CARTESIAN_POINT('Ctrl Pts',(-16.7144510645657,-19.3587449641396,-0.87));
#6786=CARTESIAN_POINT('Ctrl Pts',(-16.7144510645657,-19.3587449641396,0.934032));
#6787=CARTESIAN_POINT('Ctrl Pts',(-16.2821376045619,-19.5514706339651,-0.87));
#6788=CARTESIAN_POINT('Ctrl Pts',(-16.2821376045619,-19.5514706339651,0.934032));
#6789=CARTESIAN_POINT('Ctrl Pts',(-15.5996173071186,-19.7615599452162,-0.87));
#6790=CARTESIAN_POINT('Ctrl Pts',(-15.5996173071186,-19.7615599452162,0.934032));
#6791=CARTESIAN_POINT('Ctrl Pts',(-15.3652965911638,-19.8184304166473,-0.87));
#6792=CARTESIAN_POINT('Ctrl Pts',(-15.3652965911638,-19.8184304166473,0.934032));
#6793=CARTESIAN_POINT('Ctrl Pts',(-14.8965835839993,-19.9055152130447,-0.87));
#6794=CARTESIAN_POINT('Ctrl Pts',(-14.8965835839993,-19.9055152130447,0.934032));
#6795=CARTESIAN_POINT('Ctrl Pts',(-14.6611234258354,-19.9361654106764,-0.87));
#6796=CARTESIAN_POINT('Ctrl Pts',(-14.6611234258354,-19.9361654106764,0.934032));
#6797=CARTESIAN_POINT('Ctrl Pts',(-13.9522253361128,-19.998706801584,-0.87));
#6798=CARTESIAN_POINT('Ctrl Pts',(-13.9522253361128,-19.998706801584,0.934032));
#6799=CARTESIAN_POINT('Ctrl Pts',(-13.476168021072,-20.,-0.87));
#6800=CARTESIAN_POINT('Ctrl Pts',(-13.476168021072,-20.,0.934032));
#6801=CARTESIAN_POINT('Ctrl Pts',(-13.,-20.,-0.87));
#6802=CARTESIAN_POINT('Ctrl Pts',(-13.,-20.,0.934032));
#6803=CARTESIAN_POINT('',(-20.,-13.,-0.87));
#6804=CARTESIAN_POINT('Origin',(-20.,13.,-0.87));
#6805=CARTESIAN_POINT('',(-20.,13.,-0.87));
#6806=CARTESIAN_POINT('Ctrl Pts',(-13.,20.,-0.87));
#6807=CARTESIAN_POINT('Ctrl Pts',(-13.,20.,0.934032));
#6808=CARTESIAN_POINT('Ctrl Pts',(-13.4737463823511,20.,-0.87));
#6809=CARTESIAN_POINT('Ctrl Pts',(-13.4737463823511,20.,0.934032));
#6810=CARTESIAN_POINT('Ctrl Pts',(-13.9473367369013,19.998667647106,-0.87));
#6811=CARTESIAN_POINT('Ctrl Pts',(-13.9473367369013,19.998667647106,0.934032));
#6812=CARTESIAN_POINT('Ctrl Pts',(-14.8852485872333,19.9168542848988,-0.87));
#6813=CARTESIAN_POINT('Ctrl Pts',(-14.8852485872333,19.9168542848988,0.934032));
#6814=CARTESIAN_POINT('Ctrl Pts',(-15.3496104871378,19.8367182945478,-0.87));
#6815=CARTESIAN_POINT('Ctrl Pts',(-15.3496104871378,19.8367182945478,0.934032));
#6816=CARTESIAN_POINT('Ctrl Pts',(-16.0358036723292,19.6281364328302,-0.87));
#6817=CARTESIAN_POINT('Ctrl Pts',(-16.0358036723292,19.6281364328302,0.934032));
#6818=CARTESIAN_POINT('Ctrl Pts',(-16.2610137339891,19.544436399826,-0.87));
#6819=CARTESIAN_POINT('Ctrl Pts',(-16.2610137339891,19.544436399826,0.934032));
#6820=CARTESIAN_POINT('Ctrl Pts',(-16.6947900236625,19.3519650110479,-0.87));
#6821=CARTESIAN_POINT('Ctrl Pts',(-16.6947900236625,19.3519650110479,0.934032));
#6822=CARTESIAN_POINT('Ctrl Pts',(-16.9048165534323,19.2428118528834,-0.87));
#6823=CARTESIAN_POINT('Ctrl Pts',(-16.9048165534323,19.2428118528834,0.934032));
#6824=CARTESIAN_POINT('Ctrl Pts',(-17.5144772293181,18.8769123650819,-0.87));
#6825=CARTESIAN_POINT('Ctrl Pts',(-17.5144772293181,18.8769123650819,0.934032));
#6826=CARTESIAN_POINT('Ctrl Pts',(-17.8966125794557,18.5781657598883,-0.87));
#6827=CARTESIAN_POINT('Ctrl Pts',(-17.8966125794557,18.5781657598883,0.934032));
#6828=CARTESIAN_POINT('Ctrl Pts',(-18.4000072834209,18.0761250679189,-0.87));
#6829=CARTESIAN_POINT('Ctrl Pts',(-18.4000072834209,18.0761250679189,0.934032));
#6830=CARTESIAN_POINT('Ctrl Pts',(-18.557381435231,17.899148744919,-0.87));
#6831=CARTESIAN_POINT('Ctrl Pts',(-18.557381435231,17.899148744919,0.934032));
#6832=CARTESIAN_POINT('Ctrl Pts',(-18.8510122505604,17.5256884561849,-0.87));
#6833=CARTESIAN_POINT('Ctrl Pts',(-18.8510122505604,17.5256884561849,0.934032));
#6834=CARTESIAN_POINT('Ctrl Pts',(-18.9880841825819,17.3277621008253,-0.87));
#6835=CARTESIAN_POINT('Ctrl Pts',(-18.9880841825819,17.3277621008253,0.934032));
#6836=CARTESIAN_POINT('Ctrl Pts',(-19.3587449641395,16.7144510645656,-0.87));
#6837=CARTESIAN_POINT('Ctrl Pts',(-19.3587449641395,16.7144510645656,0.934032));
#6838=CARTESIAN_POINT('Ctrl Pts',(-19.5514706339651,16.2821376045619,-0.87));
#6839=CARTESIAN_POINT('Ctrl Pts',(-19.5514706339651,16.2821376045619,0.934032));
#6840=CARTESIAN_POINT('Ctrl Pts',(-19.7615599452161,15.5996173071186,-0.87));
#6841=CARTESIAN_POINT('Ctrl Pts',(-19.7615599452161,15.5996173071186,0.934032));
#6842=CARTESIAN_POINT('Ctrl Pts',(-19.8184304166473,15.3652965911638,-0.87));
#6843=CARTESIAN_POINT('Ctrl Pts',(-19.8184304166473,15.3652965911638,0.934032));
#6844=CARTESIAN_POINT('Ctrl Pts',(-19.9055152130447,14.8965835839993,-0.87));
#6845=CARTESIAN_POINT('Ctrl Pts',(-19.9055152130447,14.8965835839993,0.934032));
#6846=CARTESIAN_POINT('Ctrl Pts',(-19.9361654106763,14.6611234258354,-0.87));
#6847=CARTESIAN_POINT('Ctrl Pts',(-19.9361654106763,14.6611234258354,0.934032));
#6848=CARTESIAN_POINT('Ctrl Pts',(-19.998706801584,13.9522253361128,-0.87));
#6849=CARTESIAN_POINT('Ctrl Pts',(-19.998706801584,13.9522253361128,0.934032));
#6850=CARTESIAN_POINT('Ctrl Pts',(-20.,13.476168021072,-0.87));
#6851=CARTESIAN_POINT('Ctrl Pts',(-20.,13.476168021072,0.934032));
#6852=CARTESIAN_POINT('Ctrl Pts',(-20.,13.,-0.87));
#6853=CARTESIAN_POINT('Ctrl Pts',(-20.,13.,0.934032));
#6854=CARTESIAN_POINT('Ctrl Pts',(-13.,20.9,-9.));
#6855=CARTESIAN_POINT('Ctrl Pts',(-13.,21.,-9.));
#6856=CARTESIAN_POINT('Ctrl Pts',(-13.,21.,-8.9));
#6857=CARTESIAN_POINT('Ctrl Pts',(-13.5324025199865,20.9000000166751,-9.));
#6858=CARTESIAN_POINT('Ctrl Pts',(-13.5324073008367,21.0000000166752,-9.00000000000369));
#6859=CARTESIAN_POINT('Ctrl Pts',(-13.5324073010766,21.,-8.9));
#6860=CARTESIAN_POINT('Ctrl Pts',(-14.0640668175182,20.8967973219906,-9.));
#6861=CARTESIAN_POINT('Ctrl Pts',(-14.0680712643643,20.9968808616922,-9.));
#6862=CARTESIAN_POINT('Ctrl Pts',(-14.0680712639958,20.9968808579116,-8.9));
#6863=CARTESIAN_POINT('Ctrl Pts',(-15.1150360029795,20.7943674919723,-9.));
#6864=CARTESIAN_POINT('Ctrl Pts',(-15.1304320823912,20.8933407772753,-9.));
#6865=CARTESIAN_POINT('Ctrl Pts',(-15.1304320827597,20.8933407810559,-8.9));
#6866=CARTESIAN_POINT('Ctrl Pts',(-15.6344107508681,20.6968646296513,-9.));
#6867=CARTESIAN_POINT('Ctrl Pts',(-15.6571353628887,20.7945634828728,-9.));
#6868=CARTESIAN_POINT('Ctrl Pts',(-15.6571353623289,20.7945634811058,-8.9));
#6869=CARTESIAN_POINT('Ctrl Pts',(-16.4007348708311,20.4541077284307,-9.));
#6870=CARTESIAN_POINT('Ctrl Pts',(-16.4346711756673,20.5482549306452,-9.));
#6871=CARTESIAN_POINT('Ctrl Pts',(-16.4346711759472,20.5482549315287,-8.9));
#6872=CARTESIAN_POINT('Ctrl Pts',(-16.653840894582,20.3570604110322,-9.));
#6873=CARTESIAN_POINT('Ctrl Pts',(-16.6915656900771,20.4497580688751,-9.));
#6874=CARTESIAN_POINT('Ctrl Pts',(-16.6915656901698,20.4497580690792,-8.9));
#6875=CARTESIAN_POINT('Ctrl Pts',(-17.1402102434909,20.1360607748994,-9.));
#6876=CARTESIAN_POINT('Ctrl Pts',(-17.1852220398736,20.2254473183602,-9.));
#6877=CARTESIAN_POINT('Ctrl Pts',(-17.1852220397809,20.2254473181561,-8.9));
#6878=CARTESIAN_POINT('Ctrl Pts',(-17.3754898246474,20.0115786346602,-9.));
#6879=CARTESIAN_POINT('Ctrl Pts',(-17.4240316973367,20.0990969135637,-9.));
#6880=CARTESIAN_POINT('Ctrl Pts',(-17.4240316973342,20.0990969135595,-8.9));
#6881=CARTESIAN_POINT('Ctrl Pts',(-17.8304756554348,19.7350686528919,-9.));
#6882=CARTESIAN_POINT('Ctrl Pts',(-17.8858031179883,19.8184631037548,-9.));
#6883=CARTESIAN_POINT('Ctrl Pts',(-17.8858031179909,19.818463103759,-8.9));
#6884=CARTESIAN_POINT('Ctrl Pts',(-18.0501904215018,19.583055875006,-9.));
#6885=CARTESIAN_POINT('Ctrl Pts',(-18.1087751380688,19.6641952052012,-9.));
#6886=CARTESIAN_POINT('Ctrl Pts',(-18.1087751378397,19.664195204909,-8.9));
#6887=CARTESIAN_POINT('Ctrl Pts',(-18.4737262045095,19.2509178716689,-9.));
#6888=CARTESIAN_POINT('Ctrl Pts',(-18.538558678929,19.3271576918366,-9.));
#6889=CARTESIAN_POINT('Ctrl Pts',(-18.5385586791582,19.3271576921288,-8.9));
#6890=CARTESIAN_POINT('Ctrl Pts',(-18.6755318046845,19.0721711070147,-9.));
#6891=CARTESIAN_POINT('Ctrl Pts',(-18.7433262196852,19.1457866318421,-9.));
#6892=CARTESIAN_POINT('Ctrl Pts',(-18.743326219826,19.1457866319835,-8.9));
#6893=CARTESIAN_POINT('Ctrl Pts',(-19.2425710211452,18.5074071534888,-9.));
#6894=CARTESIAN_POINT('Ctrl Pts',(-19.3186873490291,18.5727341573742,-9.));
#6895=CARTESIAN_POINT('Ctrl Pts',(-19.3186873487476,18.5727341570915,-8.9));
#6896=CARTESIAN_POINT('Ctrl Pts',(-19.574261557958,18.090019931629,-9.));
#6897=CARTESIAN_POINT('Ctrl Pts',(-19.6552595788212,18.1492152304987,-9.));
#6898=CARTESIAN_POINT('Ctrl Pts',(-19.6552595795496,18.149215230946,-8.9));
#6899=CARTESIAN_POINT('Ctrl Pts',(-20.1393322037401,17.1700452572529,-9.));
#6900=CARTESIAN_POINT('Ctrl Pts',(-20.2287540607536,17.2155259595702,-9.));
#6901=CARTESIAN_POINT('Ctrl Pts',(-20.2287540600253,17.2155259591229,-8.9));
#6902=CARTESIAN_POINT('Ctrl Pts',(-20.3609576076981,16.6856312203082,-9.));
#6903=CARTESIAN_POINT('Ctrl Pts',(-20.4537370122749,16.7237511075012,-9.));
#6904=CARTESIAN_POINT('Ctrl Pts',(-20.4537370126258,16.7237511076143,-8.9));
#6905=CARTESIAN_POINT('Ctrl Pts',(-20.6064037811318,15.9241237973803,-9.));
#6906=CARTESIAN_POINT('Ctrl Pts',(-20.7027813986314,15.9510800726694,-9.));
#6907=CARTESIAN_POINT('Ctrl Pts',(-20.7027813984561,15.9510800726129,-8.9));
#6908=CARTESIAN_POINT('Ctrl Pts',(-20.6738153967757,15.663377490507,-9.));
#6909=CARTESIAN_POINT('Ctrl Pts',(-20.7711516655683,15.6865896030508,-9.));
#6910=CARTESIAN_POINT('Ctrl Pts',(-20.7711516668794,15.6865896033139,-8.9));
#6911=CARTESIAN_POINT('Ctrl Pts',(-20.7796458606791,15.135478442574,-9.));
#6912=CARTESIAN_POINT('Ctrl Pts',(-20.8784078009423,15.1515790812068,-9.));
#6913=CARTESIAN_POINT('Ctrl Pts',(-20.8784077996311,15.1515790809437,-8.9));
#6914=CARTESIAN_POINT('Ctrl Pts',(-20.8177685360982,14.8703628552727,-9.));
#6915=CARTESIAN_POINT('Ctrl Pts',(-20.9169937496157,14.8831242383884,-9.00000000000045));
#6916=CARTESIAN_POINT('Ctrl Pts',(-20.9169937515972,14.883124238585,-8.9));
#6917=CARTESIAN_POINT('Ctrl Pts',(-20.896855893702,14.0722349991006,-9.));
#6918=CARTESIAN_POINT('Ctrl Pts',(-20.9969433688592,14.0762946762214,-8.99999999999906));
#6919=CARTESIAN_POINT('Ctrl Pts',(-20.9969433648961,14.0762946758283,-8.9));
#6920=CARTESIAN_POINT('Ctrl Pts',(-20.9000000168028,13.5363333043873,-9.));
#6921=CARTESIAN_POINT('Ctrl Pts',(-21.0000000168058,13.5363393175307,-8.99999999999767));
#6922=CARTESIAN_POINT('Ctrl Pts',(-21.,13.5363393177902,-8.9));
#6923=CARTESIAN_POINT('Ctrl Pts',(-20.9,13.,-9.));
#6924=CARTESIAN_POINT('Ctrl Pts',(-21.,13.,-8.99999999999999));
#6925=CARTESIAN_POINT('Ctrl Pts',(-21.,13.,-8.9));
#6926=CARTESIAN_POINT('',(-13.,20.9,-9.));
#6927=CARTESIAN_POINT('Origin',(-13.,20.9,-8.9));
#6928=CARTESIAN_POINT('',(-20.9,13.,-9.));
#6929=CARTESIAN_POINT('Ctrl Pts',(-13.,20.9,-9.));
#6930=CARTESIAN_POINT('Ctrl Pts',(-13.5324025199865,20.9000000166751,-9.));
#6931=CARTESIAN_POINT('Ctrl Pts',(-14.0640668175182,20.8967973219906,-9.));
#6932=CARTESIAN_POINT('Ctrl Pts',(-15.1150360029795,20.7943674919723,-9.));
#6933=CARTESIAN_POINT('Ctrl Pts',(-15.6344107508681,20.6968646296513,-9.));
#6934=CARTESIAN_POINT('Ctrl Pts',(-16.4007348708311,20.4541077284307,-9.));
#6935=CARTESIAN_POINT('Ctrl Pts',(-16.653840894582,20.3570604110322,-9.));
#6936=CARTESIAN_POINT('Ctrl Pts',(-17.1402102434909,20.1360607748994,-9.));
#6937=CARTESIAN_POINT('Ctrl Pts',(-17.3754898246474,20.0115786346602,-9.));
#6938=CARTESIAN_POINT('Ctrl Pts',(-17.8304756554348,19.7350686528919,-9.));
#6939=CARTESIAN_POINT('Ctrl Pts',(-18.0501904215018,19.583055875006,-9.));
#6940=CARTESIAN_POINT('Ctrl Pts',(-18.4737262045095,19.2509178716689,-9.));
#6941=CARTESIAN_POINT('Ctrl Pts',(-18.6755318046845,19.0721711070147,-9.));
#6942=CARTESIAN_POINT('Ctrl Pts',(-19.2425710211452,18.5074071534888,-9.));
#6943=CARTESIAN_POINT('Ctrl Pts',(-19.574261557958,18.090019931629,-9.));
#6944=CARTESIAN_POINT('Ctrl Pts',(-20.1393322037401,17.1700452572529,-9.));
#6945=CARTESIAN_POINT('Ctrl Pts',(-20.3609576076981,16.6856312203082,-9.));
#6946=CARTESIAN_POINT('Ctrl Pts',(-20.6064037811318,15.9241237973803,-9.));
#6947=CARTESIAN_POINT('Ctrl Pts',(-20.6738153967757,15.663377490507,-9.));
#6948=CARTESIAN_POINT('Ctrl Pts',(-20.7796458606791,15.135478442574,-9.));
#6949=CARTESIAN_POINT('Ctrl Pts',(-20.8177685360982,14.8703628552727,-9.));
#6950=CARTESIAN_POINT('Ctrl Pts',(-20.896855893702,14.0722349991006,-9.));
#6951=CARTESIAN_POINT('Ctrl Pts',(-20.9000000168028,13.5363333043873,-9.));
#6952=CARTESIAN_POINT('Ctrl Pts',(-20.9,13.,-9.));
#6953=CARTESIAN_POINT('Origin',(-20.9,13.,-8.9));
#6954=CARTESIAN_POINT('Origin',(-20.9,0.,-8.9));
#6955=CARTESIAN_POINT('',(-20.9,-13.,-9.));
#6956=CARTESIAN_POINT('',(-20.9,-13.,-9.));
#6957=CARTESIAN_POINT('Origin',(-20.9,-13.,-8.9));
#6958=CARTESIAN_POINT('Ctrl Pts',(-20.9,-13.,-9.));
#6959=CARTESIAN_POINT('Ctrl Pts',(-21.,-13.,-9.00000000000001));
#6960=CARTESIAN_POINT('Ctrl Pts',(-21.,-13.,-8.9));
#6961=CARTESIAN_POINT('Ctrl Pts',(-20.9000000166751,-13.5324025199858,-9.));
#6962=CARTESIAN_POINT('Ctrl Pts',(-21.0000000166752,-13.532407300836,-8.99999999999723));
#6963=CARTESIAN_POINT('Ctrl Pts',(-21.,-13.5324073010761,-8.9));
#6964=CARTESIAN_POINT('Ctrl Pts',(-20.8967973219934,-14.0640668175191,-9.));
#6965=CARTESIAN_POINT('Ctrl Pts',(-20.9968808616949,-14.0680712643652,-8.99999999999908));
#6966=CARTESIAN_POINT('Ctrl Pts',(-20.9968808579115,-14.0680712639965,-8.9));
#6967=CARTESIAN_POINT('Ctrl Pts',(-20.7943674919695,-15.1150360029786,-9.));
#6968=CARTESIAN_POINT('Ctrl Pts',(-20.8933407772725,-15.1304320823902,-9.0000000000009));
#6969=CARTESIAN_POINT('Ctrl Pts',(-20.893340781056,-15.130432082759,-8.9));
#6970=CARTESIAN_POINT('Ctrl Pts',(-20.6968646296523,-15.6344107508737,-9.));
#6971=CARTESIAN_POINT('Ctrl Pts',(-20.7945634828747,-15.6571353628933,-9.));
#6972=CARTESIAN_POINT('Ctrl Pts',(-20.7945634811046,-15.6571353623326,-8.9));
#6973=CARTESIAN_POINT('Ctrl Pts',(-20.4541077284303,-16.4007348708283,-9.));
#6974=CARTESIAN_POINT('Ctrl Pts',(-20.5482549306443,-16.434671175665,-9.));
#6975=CARTESIAN_POINT('Ctrl Pts',(-20.5482549315293,-16.4346711759454,-8.9));
#6976=CARTESIAN_POINT('Ctrl Pts',(-20.357060411029,-16.6538408945815,-9.));
#6977=CARTESIAN_POINT('Ctrl Pts',(-20.4497580688719,-16.6915656900766,-9.));
#6978=CARTESIAN_POINT('Ctrl Pts',(-20.4497580690789,-16.6915656901707,-8.9));
#6979=CARTESIAN_POINT('Ctrl Pts',(-20.1360607749027,-17.1402102434914,-9.));
#6980=CARTESIAN_POINT('Ctrl Pts',(-20.2254473183635,-17.1852220398741,-9.));
#6981=CARTESIAN_POINT('Ctrl Pts',(-20.2254473181565,-17.1852220397801,-8.9));
#6982=CARTESIAN_POINT('Ctrl Pts',(-20.0115786346597,-17.3754898246461,-9.));
#6983=CARTESIAN_POINT('Ctrl Pts',(-20.0990969135633,-17.4240316973349,-9.));
#6984=CARTESIAN_POINT('Ctrl Pts',(-20.0990969135602,-17.424031697333,-8.9));
#6985=CARTESIAN_POINT('Ctrl Pts',(-19.7350686528924,-17.8304756554362,-9.));
#6986=CARTESIAN_POINT('Ctrl Pts',(-19.8184631037553,-17.8858031179902,-9.));
#6987=CARTESIAN_POINT('Ctrl Pts',(-19.8184631037584,-17.8858031179921,-8.9));
#6988=CARTESIAN_POINT('Ctrl Pts',(-19.5830558750046,-18.0501904215009,-9.));
#6989=CARTESIAN_POINT('Ctrl Pts',(-19.6641952051999,-18.1087751380674,-9.));
#6990=CARTESIAN_POINT('Ctrl Pts',(-19.6641952049093,-18.1087751378396,-8.9));
#6991=CARTESIAN_POINT('Ctrl Pts',(-19.2509178716703,-18.4737262045104,-9.));
#6992=CARTESIAN_POINT('Ctrl Pts',(-19.327157691838,-18.5385586789305,-9.));
#6993=CARTESIAN_POINT('Ctrl Pts',(-19.3271576921287,-18.5385586791584,-8.9));
#6994=CARTESIAN_POINT('Ctrl Pts',(-19.0721711070139,-18.6755318046851,-9.));
#6995=CARTESIAN_POINT('Ctrl Pts',(-19.1457866318412,-18.7433262196857,-9.));
#6996=CARTESIAN_POINT('Ctrl Pts',(-19.1457866319829,-18.7433262198268,-8.9));
#6997=CARTESIAN_POINT('Ctrl Pts',(-18.5074071534907,-19.2425710211443,-9.));
#6998=CARTESIAN_POINT('Ctrl Pts',(-18.5727341573761,-19.3186873490282,-9.));
#6999=CARTESIAN_POINT('Ctrl Pts',(-18.5727341570929,-19.3186873487462,-8.9));
#7000=CARTESIAN_POINT('Ctrl Pts',(-18.0900199316272,-19.57426155796,-9.));
#7001=CARTESIAN_POINT('Ctrl Pts',(-18.1492152304968,-19.6552595788232,-9.));
#7002=CARTESIAN_POINT('Ctrl Pts',(-18.1492152309439,-19.6552595795509,-8.9));
#7003=CARTESIAN_POINT('Ctrl Pts',(-17.1700452572548,-20.1393322037383,-9.));
#7004=CARTESIAN_POINT('Ctrl Pts',(-17.2155259595721,-20.2287540607517,-9.));
#7005=CARTESIAN_POINT('Ctrl Pts',(-17.2155259591251,-20.2287540600241,-8.9));
#7006=CARTESIAN_POINT('Ctrl Pts',(-16.6856312203063,-20.3609576076954,-9.));
#7007=CARTESIAN_POINT('Ctrl Pts',(-16.7237511074994,-20.4537370122731,-9.));
#7008=CARTESIAN_POINT('Ctrl Pts',(-16.7237511076132,-20.4537370126261,-8.9));
#7009=CARTESIAN_POINT('Ctrl Pts',(-15.9241237973812,-20.6064037811332,-9.));
#7010=CARTESIAN_POINT('Ctrl Pts',(-15.9510800726704,-20.7027813986324,-9.));
#7011=CARTESIAN_POINT('Ctrl Pts',(-15.9510800726135,-20.7027813984559,-8.9));
#7012=CARTESIAN_POINT('Ctrl Pts',(-15.663377490507,-20.6738153967757,-9.));
#7013=CARTESIAN_POINT('Ctrl Pts',(-15.6865896030511,-20.7711516655683,-9.));
#7014=CARTESIAN_POINT('Ctrl Pts',(-15.6865896033139,-20.7711516668794,-8.9));
#7015=CARTESIAN_POINT('Ctrl Pts',(-15.135478442574,-20.7796458606791,-9.));
#7016=CARTESIAN_POINT('Ctrl Pts',(-15.1515790812066,-20.8784078009423,-9.));
#7017=CARTESIAN_POINT('Ctrl Pts',(-15.1515790809437,-20.8784077996312,-8.9));
#7018=CARTESIAN_POINT('Ctrl Pts',(-14.8703628552731,-20.8177685360991,-9.));
#7019=CARTESIAN_POINT('Ctrl Pts',(-14.8831242383891,-20.9169937496166,-9.));
#7020=CARTESIAN_POINT('Ctrl Pts',(-14.8831242385856,-20.9169937515972,-8.9));
#7021=CARTESIAN_POINT('Ctrl Pts',(-14.0722349990996,-20.8968558937002,-9.));
#7022=CARTESIAN_POINT('Ctrl Pts',(-14.0762946762201,-20.9969433688574,-9.));
#7023=CARTESIAN_POINT('Ctrl Pts',(-14.0762946758271,-20.9969433648963,-8.9));
#7024=CARTESIAN_POINT('Ctrl Pts',(-13.5363333043879,-20.900000016802,-9.));
#7025=CARTESIAN_POINT('Ctrl Pts',(-13.5363393175318,-21.0000000168049,-9.00000000000139));
#7026=CARTESIAN_POINT('Ctrl Pts',(-13.5363393177911,-21.,-8.9));
#7027=CARTESIAN_POINT('Ctrl Pts',(-13.,-20.9,-9.));
#7028=CARTESIAN_POINT('Ctrl Pts',(-13.,-21.,-8.99999999999999));
#7029=CARTESIAN_POINT('Ctrl Pts',(-13.,-21.,-8.9));
#7030=CARTESIAN_POINT('',(-13.,-20.9,-9.));
#7031=CARTESIAN_POINT('Ctrl Pts',(-20.9,-13.,-9.));
#7032=CARTESIAN_POINT('Ctrl Pts',(-20.9000000166751,-13.5324025199858,-9.));
#7033=CARTESIAN_POINT('Ctrl Pts',(-20.8967973219934,-14.0640668175191,-9.));
#7034=CARTESIAN_POINT('Ctrl Pts',(-20.7943674919695,-15.1150360029786,-9.));
#7035=CARTESIAN_POINT('Ctrl Pts',(-20.6968646296523,-15.6344107508737,-9.));
#7036=CARTESIAN_POINT('Ctrl Pts',(-20.4541077284303,-16.4007348708283,-9.));
#7037=CARTESIAN_POINT('Ctrl Pts',(-20.357060411029,-16.6538408945815,-9.));
#7038=CARTESIAN_POINT('Ctrl Pts',(-20.1360607749027,-17.1402102434914,-9.));
#7039=CARTESIAN_POINT('Ctrl Pts',(-20.0115786346597,-17.3754898246461,-9.));
#7040=CARTESIAN_POINT('Ctrl Pts',(-19.7350686528924,-17.8304756554362,-9.));
#7041=CARTESIAN_POINT('Ctrl Pts',(-19.5830558750046,-18.0501904215009,-9.));
#7042=CARTESIAN_POINT('Ctrl Pts',(-19.2509178716703,-18.4737262045104,-9.));
#7043=CARTESIAN_POINT('Ctrl Pts',(-19.0721711070139,-18.6755318046851,-9.));
#7044=CARTESIAN_POINT('Ctrl Pts',(-18.5074071534907,-19.2425710211443,-9.));
#7045=CARTESIAN_POINT('Ctrl Pts',(-18.0900199316272,-19.57426155796,-9.));
#7046=CARTESIAN_POINT('Ctrl Pts',(-17.1700452572548,-20.1393322037383,-9.));
#7047=CARTESIAN_POINT('Ctrl Pts',(-16.6856312203063,-20.3609576076954,-9.));
#7048=CARTESIAN_POINT('Ctrl Pts',(-15.9241237973812,-20.6064037811332,-9.));
#7049=CARTESIAN_POINT('Ctrl Pts',(-15.663377490507,-20.6738153967757,-9.));
#7050=CARTESIAN_POINT('Ctrl Pts',(-15.135478442574,-20.7796458606791,-9.));
#7051=CARTESIAN_POINT('Ctrl Pts',(-14.8703628552731,-20.8177685360991,-9.));
#7052=CARTESIAN_POINT('Ctrl Pts',(-14.0722349990996,-20.8968558937002,-9.));
#7053=CARTESIAN_POINT('Ctrl Pts',(-13.5363333043879,-20.900000016802,-9.));
#7054=CARTESIAN_POINT('Ctrl Pts',(-13.,-20.9,-9.));
#7055=CARTESIAN_POINT('Origin',(-13.,-20.9,-8.9));
#7056=CARTESIAN_POINT('Origin',(0.,-20.9,-8.9));
#7057=CARTESIAN_POINT('',(13.,-20.9,-9.));
#7058=CARTESIAN_POINT('Origin',(13.,-20.9,-8.9));
#7059=CARTESIAN_POINT('',(-13.,-20.9,-9.));
#7060=CARTESIAN_POINT('Ctrl Pts',(13.,-20.9,-9.));
#7061=CARTESIAN_POINT('Ctrl Pts',(13.,-21.,-9.));
#7062=CARTESIAN_POINT('Ctrl Pts',(13.,-21.,-8.9));
#7063=CARTESIAN_POINT('Ctrl Pts',(13.5324025199861,-20.9000000166751,-9.));
#7064=CARTESIAN_POINT('Ctrl Pts',(13.5324073008363,-21.0000000166752,-9.00000000000369));
#7065=CARTESIAN_POINT('Ctrl Pts',(13.5324073010763,-21.,-8.9));
#7066=CARTESIAN_POINT('Ctrl Pts',(14.0640668175187,-20.8967973219906,-9.));
#7067=CARTESIAN_POINT('Ctrl Pts',(14.0680712643648,-20.9968808616922,-9.));
#7068=CARTESIAN_POINT('Ctrl Pts',(14.0680712639963,-20.9968808579115,-8.9));
#7069=CARTESIAN_POINT('Ctrl Pts',(15.115036002979,-20.7943674919723,-9.));
#7070=CARTESIAN_POINT('Ctrl Pts',(15.1304320823907,-20.8933407772753,-9.));
#7071=CARTESIAN_POINT('Ctrl Pts',(15.1304320827592,-20.893340781056,-8.9));
#7072=CARTESIAN_POINT('Ctrl Pts',(15.6344107508681,-20.6968646296504,-9.));
#7073=CARTESIAN_POINT('Ctrl Pts',(15.6571353628887,-20.7945634828719,-9.));
#7074=CARTESIAN_POINT('Ctrl Pts',(15.6571353623292,-20.7945634811057,-8.9));
#7075=CARTESIAN_POINT('Ctrl Pts',(16.4007348708311,-20.4541077284313,-9.));
#7076=CARTESIAN_POINT('Ctrl Pts',(16.4346711756673,-20.5482549306457,-9.));
#7077=CARTESIAN_POINT('Ctrl Pts',(16.4346711759471,-20.5482549315288,-8.9));
#7078=CARTESIAN_POINT('Ctrl Pts',(16.6538408945811,-20.3570604110285,-9.));
#7079=CARTESIAN_POINT('Ctrl Pts',(16.6915656900762,-20.4497580688714,-9.));
#7080=CARTESIAN_POINT('Ctrl Pts',(16.6915656901705,-20.449758069079,-8.9));
#7081=CARTESIAN_POINT('Ctrl Pts',(17.1402102434919,-20.1360607749032,-9.));
#7082=CARTESIAN_POINT('Ctrl Pts',(17.1852220398746,-20.225447318364,-9.));
#7083=CARTESIAN_POINT('Ctrl Pts',(17.1852220397803,-20.2254473181565,-8.9));
#7084=CARTESIAN_POINT('Ctrl Pts',(17.375489824647,-20.0115786346597,-9.));
#7085=CARTESIAN_POINT('Ctrl Pts',(17.4240316973363,-20.0990969135633,-9.));
#7086=CARTESIAN_POINT('Ctrl Pts',(17.4240316973341,-20.0990969135596,-8.9));
#7087=CARTESIAN_POINT('Ctrl Pts',(17.8304756554353,-19.7350686528924,-9.));
#7088=CARTESIAN_POINT('Ctrl Pts',(17.8858031179888,-19.8184631037553,-9.));
#7089=CARTESIAN_POINT('Ctrl Pts',(17.885803117991,-19.818463103759,-8.9));
#7090=CARTESIAN_POINT('Ctrl Pts',(18.0501904215018,-19.5830558750032,-9.));
#7091=CARTESIAN_POINT('Ctrl Pts',(18.1087751380688,-19.6641952051989,-9.));
#7092=CARTESIAN_POINT('Ctrl Pts',(18.1087751378409,-19.6641952049082,-8.9));
#7093=CARTESIAN_POINT('Ctrl Pts',(18.4737262045095,-19.2509178716717,-9.));
#7094=CARTESIAN_POINT('Ctrl Pts',(18.538558678929,-19.327157691839,-9.));
#7095=CARTESIAN_POINT('Ctrl Pts',(18.5385586791571,-19.3271576921297,-8.9));
#7096=CARTESIAN_POINT('Ctrl Pts',(18.6755318046859,-19.0721711070139,-9.));
#7097=CARTESIAN_POINT('Ctrl Pts',(18.7433262196866,-19.1457866318412,-9.));
#7098=CARTESIAN_POINT('Ctrl Pts',(18.7433262198271,-19.1457866319824,-8.9));
#7099=CARTESIAN_POINT('Ctrl Pts',(19.2425710211424,-18.5074071534907,-9.));
#7100=CARTESIAN_POINT('Ctrl Pts',(19.3186873490263,-18.572734157376,-9.));
#7101=CARTESIAN_POINT('Ctrl Pts',(19.3186873487452,-18.5727341570938,-8.9));
#7102=CARTESIAN_POINT('Ctrl Pts',(19.574261557958,-18.0900199316299,-9.));
#7103=CARTESIAN_POINT('Ctrl Pts',(19.6552595788212,-18.1492152304996,-9.));
#7104=CARTESIAN_POINT('Ctrl Pts',(19.6552595795491,-18.1492152309467,-8.9));
#7105=CARTESIAN_POINT('Ctrl Pts',(20.1393322037401,-17.1700452572519,-9.));
#7106=CARTESIAN_POINT('Ctrl Pts',(20.2287540607536,-17.2155259595693,-9.));
#7107=CARTESIAN_POINT('Ctrl Pts',(20.2287540600258,-17.2155259591222,-8.9));
#7108=CARTESIAN_POINT('Ctrl Pts',(20.3609576076982,-16.6856312203063,-9.));
#7109=CARTESIAN_POINT('Ctrl Pts',(20.4537370122749,-16.7237511074994,-9.));
#7110=CARTESIAN_POINT('Ctrl Pts',(20.4537370126263,-16.7237511076126,-8.9));
#7111=CARTESIAN_POINT('Ctrl Pts',(20.6064037811318,-15.9241237973812,-9.));
#7112=CARTESIAN_POINT('Ctrl Pts',(20.7027813986314,-15.9510800726704,-9.));
#7113=CARTESIAN_POINT('Ctrl Pts',(20.7027813984558,-15.9510800726137,-8.9));
#7114=CARTESIAN_POINT('Ctrl Pts',(20.6738153967743,-15.6633774905063,-9.));
#7115=CARTESIAN_POINT('Ctrl Pts',(20.7711516655669,-15.6865896030504,-9.));
#7116=CARTESIAN_POINT('Ctrl Pts',(20.7711516668795,-15.6865896033135,-8.9));
#7117=CARTESIAN_POINT('Ctrl Pts',(20.7796458606804,-15.1354784425747,-9.));
#7118=CARTESIAN_POINT('Ctrl Pts',(20.8784078009437,-15.1515790812073,-9.));
#7119=CARTESIAN_POINT('Ctrl Pts',(20.8784077996311,-15.1515790809441,-8.9));
#7120=CARTESIAN_POINT('Ctrl Pts',(20.8177685360977,-14.8703628552724,-9.));
#7121=CARTESIAN_POINT('Ctrl Pts',(20.9169937496152,-14.8831242383884,-9.));
#7122=CARTESIAN_POINT('Ctrl Pts',(20.9169937515973,-14.8831242385848,-8.9));
#7123=CARTESIAN_POINT('Ctrl Pts',(20.8968558937029,-14.072234999101,-9.));
#7124=CARTESIAN_POINT('Ctrl Pts',(20.9969433688601,-14.0762946762214,-9.));
#7125=CARTESIAN_POINT('Ctrl Pts',(20.9969433648961,-14.0762946758287,-8.9));
#7126=CARTESIAN_POINT('Ctrl Pts',(20.9000000167898,-13.5363333043869,-9.));
#7127=CARTESIAN_POINT('Ctrl Pts',(21.0000000167928,-13.5363393175307,-8.99999999999487));
#7128=CARTESIAN_POINT('Ctrl Pts',(21.,-13.5363393177899,-8.9));
#7129=CARTESIAN_POINT('Ctrl Pts',(20.9,-13.,-9.));
#7130=CARTESIAN_POINT('Ctrl Pts',(21.,-13.,-8.99999999999999));
#7131=CARTESIAN_POINT('Ctrl Pts',(21.,-13.,-8.9));
#7132=CARTESIAN_POINT('',(20.9,-13.,-9.));
#7133=CARTESIAN_POINT('Origin',(20.9,-13.,-8.9));
#7134=CARTESIAN_POINT('Ctrl Pts',(13.,-20.9,-9.));
#7135=CARTESIAN_POINT('Ctrl Pts',(13.5324025199861,-20.9000000166751,-9.));
#7136=CARTESIAN_POINT('Ctrl Pts',(14.0640668175187,-20.8967973219906,-9.));
#7137=CARTESIAN_POINT('Ctrl Pts',(15.115036002979,-20.7943674919723,-9.));
#7138=CARTESIAN_POINT('Ctrl Pts',(15.6344107508681,-20.6968646296504,-9.));
#7139=CARTESIAN_POINT('Ctrl Pts',(16.4007348708311,-20.4541077284313,-9.));
#7140=CARTESIAN_POINT('Ctrl Pts',(16.6538408945811,-20.3570604110285,-9.));
#7141=CARTESIAN_POINT('Ctrl Pts',(17.1402102434919,-20.1360607749032,-9.));
#7142=CARTESIAN_POINT('Ctrl Pts',(17.375489824647,-20.0115786346597,-9.));
#7143=CARTESIAN_POINT('Ctrl Pts',(17.8304756554353,-19.7350686528924,-9.));
#7144=CARTESIAN_POINT('Ctrl Pts',(18.0501904215018,-19.5830558750032,-9.));
#7145=CARTESIAN_POINT('Ctrl Pts',(18.4737262045095,-19.2509178716717,-9.));
#7146=CARTESIAN_POINT('Ctrl Pts',(18.6755318046859,-19.0721711070139,-9.));
#7147=CARTESIAN_POINT('Ctrl Pts',(19.2425710211424,-18.5074071534907,-9.));
#7148=CARTESIAN_POINT('Ctrl Pts',(19.574261557958,-18.0900199316299,-9.));
#7149=CARTESIAN_POINT('Ctrl Pts',(20.1393322037401,-17.1700452572519,-9.));
#7150=CARTESIAN_POINT('Ctrl Pts',(20.3609576076982,-16.6856312203063,-9.));
#7151=CARTESIAN_POINT('Ctrl Pts',(20.6064037811318,-15.9241237973812,-9.));
#7152=CARTESIAN_POINT('Ctrl Pts',(20.6738153967743,-15.6633774905063,-9.));
#7153=CARTESIAN_POINT('Ctrl Pts',(20.7796458606804,-15.1354784425747,-9.));
#7154=CARTESIAN_POINT('Ctrl Pts',(20.8177685360977,-14.8703628552724,-9.));
#7155=CARTESIAN_POINT('Ctrl Pts',(20.8968558937029,-14.072234999101,-9.));
#7156=CARTESIAN_POINT('Ctrl Pts',(20.9000000167898,-13.5363333043869,-9.));
#7157=CARTESIAN_POINT('Ctrl Pts',(20.9,-13.,-9.));
#7158=CARTESIAN_POINT('Origin',(20.9,0.,-8.9));
#7159=CARTESIAN_POINT('',(20.9,13.,-9.));
#7160=CARTESIAN_POINT('Origin',(20.9,13.,-8.9));
#7161=CARTESIAN_POINT('',(20.9,-13.,-9.));
#7162=CARTESIAN_POINT('Ctrl Pts',(20.9,13.,-9.));
#7163=CARTESIAN_POINT('Ctrl Pts',(21.,13.,-9.00000000000001));
#7164=CARTESIAN_POINT('Ctrl Pts',(21.,13.,-8.9));
#7165=CARTESIAN_POINT('Ctrl Pts',(20.9000000166751,13.5324025199875,-9.));
#7166=CARTESIAN_POINT('Ctrl Pts',(21.0000000166752,13.5324073008377,-8.99999999999723));
#7167=CARTESIAN_POINT('Ctrl Pts',(21.,13.5324073010778,-8.9));
#7168=CARTESIAN_POINT('Ctrl Pts',(20.8967973219924,14.0640668175169,-9.));
#7169=CARTESIAN_POINT('Ctrl Pts',(20.996880861694,14.0680712643629,-9.));
#7170=CARTESIAN_POINT('Ctrl Pts',(20.9968808579117,14.0680712639943,-8.9));
#7171=CARTESIAN_POINT('Ctrl Pts',(20.7943674919705,15.1150360029809,-9.));
#7172=CARTESIAN_POINT('Ctrl Pts',(20.8933407772735,15.1304320823925,-9.));
#7173=CARTESIAN_POINT('Ctrl Pts',(20.8933407810558,15.1304320827612,-8.9));
#7174=CARTESIAN_POINT('Ctrl Pts',(20.6968646296503,15.6344107508746,-9.));
#7175=CARTESIAN_POINT('Ctrl Pts',(20.7945634828728,15.6571353628942,-9.));
#7176=CARTESIAN_POINT('Ctrl Pts',(20.7945634811041,15.6571353623339,-8.9));
#7177=CARTESIAN_POINT('Ctrl Pts',(20.4541077284312,16.4007348708278,-9.));
#7178=CARTESIAN_POINT('Ctrl Pts',(20.5482549306452,16.4346711756645,-9.));
#7179=CARTESIAN_POINT('Ctrl Pts',(20.5482549315295,16.4346711759447,-8.9));
#7180=CARTESIAN_POINT('Ctrl Pts',(20.3570604110308,16.653840894582,-9.));
#7181=CARTESIAN_POINT('Ctrl Pts',(20.4497580688737,16.6915656900766,-9.));
#7182=CARTESIAN_POINT('Ctrl Pts',(20.4497580690792,16.69156569017,-8.9));
#7183=CARTESIAN_POINT('Ctrl Pts',(20.1360607749007,17.1402102434909,-9.));
#7184=CARTESIAN_POINT('Ctrl Pts',(20.2254473183616,17.185222039874,-9.));
#7185=CARTESIAN_POINT('Ctrl Pts',(20.2254473181562,17.1852220397807,-8.9));
#7186=CARTESIAN_POINT('Ctrl Pts',(20.0115786346592,17.3754898246461,-9.));
#7187=CARTESIAN_POINT('Ctrl Pts',(20.0990969135628,17.4240316973353,-9.));
#7188=CARTESIAN_POINT('Ctrl Pts',(20.0990969135598,17.4240316973336,-8.9));
#7189=CARTESIAN_POINT('Ctrl Pts',(19.7350686528928,17.8304756554361,-9.));
#7190=CARTESIAN_POINT('Ctrl Pts',(19.8184631037557,17.8858031179897,-9.));
#7191=CARTESIAN_POINT('Ctrl Pts',(19.8184631037586,17.8858031179915,-8.9));
#7192=CARTESIAN_POINT('Ctrl Pts',(19.583055875004,18.0501904215022,-9.));
#7193=CARTESIAN_POINT('Ctrl Pts',(19.6641952051998,18.1087751380693,-9.));
#7194=CARTESIAN_POINT('Ctrl Pts',(19.6641952049083,18.1087751378406,-8.9));
#7195=CARTESIAN_POINT('Ctrl Pts',(19.2509178716708,18.473726204509,-9.));
#7196=CARTESIAN_POINT('Ctrl Pts',(19.327157691838,18.5385586789285,-9.));
#7197=CARTESIAN_POINT('Ctrl Pts',(19.3271576921295,18.5385586791572,-8.9));
#7198=CARTESIAN_POINT('Ctrl Pts',(19.0721711070128,18.6755318046859,-9.));
#7199=CARTESIAN_POINT('Ctrl Pts',(19.1457866318403,18.7433262196865,-9.));
#7200=CARTESIAN_POINT('Ctrl Pts',(19.1457866319818,18.7433262198276,-8.9));
#7201=CARTESIAN_POINT('Ctrl Pts',(18.5074071534925,19.2425710211423,-9.));
#7202=CARTESIAN_POINT('Ctrl Pts',(18.5727341573778,19.3186873490263,-9.));
#7203=CARTESIAN_POINT('Ctrl Pts',(18.5727341570947,19.3186873487442,-8.9));
#7204=CARTESIAN_POINT('Ctrl Pts',(18.0900199316309,19.5742615579579,-9.));
#7205=CARTESIAN_POINT('Ctrl Pts',(18.1492152305005,19.6552595788212,-9.));
#7206=CARTESIAN_POINT('Ctrl Pts',(18.1492152309474,19.6552595795486,-8.9));
#7207=CARTESIAN_POINT('Ctrl Pts',(17.170045257251,20.1393322037401,-9.));
#7208=CARTESIAN_POINT('Ctrl Pts',(17.2155259595683,20.2287540607535,-9.));
#7209=CARTESIAN_POINT('Ctrl Pts',(17.2155259591215,20.2287540600261,-8.9));
#7210=CARTESIAN_POINT('Ctrl Pts',(16.6856312203063,20.3609576076971,-9.));
#7211=CARTESIAN_POINT('Ctrl Pts',(16.7237511074993,20.453737012274,-9.));
#7212=CARTESIAN_POINT('Ctrl Pts',(16.7237511076129,20.4537370126261,-8.9));
#7213=CARTESIAN_POINT('Ctrl Pts',(15.9241237973812,20.6064037811322,-9.));
#7214=CARTESIAN_POINT('Ctrl Pts',(15.9510800726703,20.7027813986318,-9.));
#7215=CARTESIAN_POINT('Ctrl Pts',(15.9510800726136,20.7027813984558,-8.9));
#7216=CARTESIAN_POINT('Ctrl Pts',(15.6633774905067,20.6738153967757,-9.));
#7217=CARTESIAN_POINT('Ctrl Pts',(15.6865896030506,20.7711516655678,-9.));
#7218=CARTESIAN_POINT('Ctrl Pts',(15.6865896033138,20.7711516668794,-8.9));
#7219=CARTESIAN_POINT('Ctrl Pts',(15.1354784425742,20.779645860679,-9.));
#7220=CARTESIAN_POINT('Ctrl Pts',(15.151579081207,20.8784078009427,-9.));
#7221=CARTESIAN_POINT('Ctrl Pts',(15.1515790809438,20.8784077996311,-8.9));
#7222=CARTESIAN_POINT('Ctrl Pts',(14.870362855272,20.8177685360982,-9.));
#7223=CARTESIAN_POINT('Ctrl Pts',(14.8831242383882,20.9169937496157,-9.));
#7224=CARTESIAN_POINT('Ctrl Pts',(14.8831242385843,20.9169937515973,-8.9));
#7225=CARTESIAN_POINT('Ctrl Pts',(14.0722349991019,20.896855893702,-9.));
#7226=CARTESIAN_POINT('Ctrl Pts',(14.0762946762219,20.9969433688592,-9.));
#7227=CARTESIAN_POINT('Ctrl Pts',(14.0762946758297,20.996943364896,-8.9));
#7228=CARTESIAN_POINT('Ctrl Pts',(13.5363333043862,20.900000016802,-9.));
#7229=CARTESIAN_POINT('Ctrl Pts',(13.5363393175304,21.0000000168049,-9.00000000000139));
#7230=CARTESIAN_POINT('Ctrl Pts',(13.5363393177891,21.,-8.9));
#7231=CARTESIAN_POINT('Ctrl Pts',(13.,20.9,-9.));
#7232=CARTESIAN_POINT('Ctrl Pts',(13.,21.,-8.99999999999999));
#7233=CARTESIAN_POINT('Ctrl Pts',(13.,21.,-8.9));
#7234=CARTESIAN_POINT('',(13.,20.9,-9.));
#7235=CARTESIAN_POINT('Ctrl Pts',(20.9,13.,-9.));
#7236=CARTESIAN_POINT('Ctrl Pts',(20.9000000166751,13.5324025199875,-9.));
#7237=CARTESIAN_POINT('Ctrl Pts',(20.8967973219924,14.0640668175169,-9.));
#7238=CARTESIAN_POINT('Ctrl Pts',(20.7943674919705,15.1150360029809,-9.));
#7239=CARTESIAN_POINT('Ctrl Pts',(20.6968646296503,15.6344107508746,-9.));
#7240=CARTESIAN_POINT('Ctrl Pts',(20.4541077284312,16.4007348708278,-9.));
#7241=CARTESIAN_POINT('Ctrl Pts',(20.3570604110308,16.653840894582,-9.));
#7242=CARTESIAN_POINT('Ctrl Pts',(20.1360607749007,17.1402102434909,-9.));
#7243=CARTESIAN_POINT('Ctrl Pts',(20.0115786346592,17.3754898246461,-9.));
#7244=CARTESIAN_POINT('Ctrl Pts',(19.7350686528928,17.8304756554361,-9.));
#7245=CARTESIAN_POINT('Ctrl Pts',(19.583055875004,18.0501904215022,-9.));
#7246=CARTESIAN_POINT('Ctrl Pts',(19.2509178716708,18.473726204509,-9.));
#7247=CARTESIAN_POINT('Ctrl Pts',(19.0721711070128,18.6755318046859,-9.));
#7248=CARTESIAN_POINT('Ctrl Pts',(18.5074071534925,19.2425710211423,-9.));
#7249=CARTESIAN_POINT('Ctrl Pts',(18.0900199316309,19.5742615579579,-9.));
#7250=CARTESIAN_POINT('Ctrl Pts',(17.170045257251,20.1393322037401,-9.));
#7251=CARTESIAN_POINT('Ctrl Pts',(16.6856312203063,20.3609576076971,-9.));
#7252=CARTESIAN_POINT('Ctrl Pts',(15.9241237973812,20.6064037811322,-9.));
#7253=CARTESIAN_POINT('Ctrl Pts',(15.6633774905067,20.6738153967757,-9.));
#7254=CARTESIAN_POINT('Ctrl Pts',(15.1354784425742,20.779645860679,-9.));
#7255=CARTESIAN_POINT('Ctrl Pts',(14.870362855272,20.8177685360982,-9.));
#7256=CARTESIAN_POINT('Ctrl Pts',(14.0722349991019,20.896855893702,-9.));
#7257=CARTESIAN_POINT('Ctrl Pts',(13.5363333043862,20.900000016802,-9.));
#7258=CARTESIAN_POINT('Ctrl Pts',(13.,20.9,-9.));
#7259=CARTESIAN_POINT('Origin',(13.,20.9,-8.9));
#7260=CARTESIAN_POINT('Origin',(0.,20.9,-8.9));
#7261=CARTESIAN_POINT('',(-13.,20.9,-9.));
#7262=CARTESIAN_POINT('Origin',(0.,0.,-9.));
#7263=CARTESIAN_POINT('Origin',(-1.46957615897682E-15,-15.,-14.65));
#7264=CARTESIAN_POINT('',(-3.12615588418345E-16,-15.,-12.0973));
#7265=CARTESIAN_POINT('Origin',(0.,-15.,-14.65));
#7266=CARTESIAN_POINT('Origin',(0.,-21.,-14.65));
#7267=CARTESIAN_POINT('',(-3.12615588418345E-16,-16.,-12.0973));
#7268=CARTESIAN_POINT('',(-3.12615588418345E-16,-21.,-12.0973));
#7269=CARTESIAN_POINT('Origin',(0.,-16.,-14.65));
#7270=CARTESIAN_POINT('Origin',(2.5527,-16.,-14.65));
#7271=CARTESIAN_POINT('',(-3.88825358729285E-16,-16.,-11.475));
#7272=CARTESIAN_POINT('Origin',(0.,-16.,-14.65));
#7273=CARTESIAN_POINT('Origin',(0.,-21.,-14.65));
#7274=CARTESIAN_POINT('',(-3.88825358729285E-16,-20.49999999997,-11.475));
#7275=CARTESIAN_POINT('',(-3.88825358729285E-16,-21.,-11.475));
#7276=CARTESIAN_POINT('Origin',(0.,-20.49999999997,-14.65));
#7277=CARTESIAN_POINT('Origin',(17.7,-5.525,-15.77));
#7278=CARTESIAN_POINT('',(20.8000000000021,-6.92500000000536,-15.77));
#7279=CARTESIAN_POINT('',(19.7,-6.925,-15.77));
#7280=CARTESIAN_POINT('',(19.7,-6.925,-15.77));
#7281=CARTESIAN_POINT('',(19.7,-5.525,-14.37));
#7282=CARTESIAN_POINT('Origin',(19.7,-5.525,-15.77));
#7283=CARTESIAN_POINT('',(20.8000000000021,-5.525,-14.3699999999947));
#7284=CARTESIAN_POINT('',(19.7,-5.525,-14.37));
#7285=CARTESIAN_POINT('Origin',(20.8000000000083,-5.525,-15.77));
#7286=CARTESIAN_POINT('Origin',(17.7,-6.925,-15.77));
#7287=CARTESIAN_POINT('',(20.8000000000326,-6.92499999998481,-16.6));
#7288=CARTESIAN_POINT('',(19.7,-6.925,-16.6));
#7289=CARTESIAN_POINT('',(19.7,-6.925,-16.6));
#7290=CARTESIAN_POINT('',(19.7,-6.925,-15.77));
#7291=CARTESIAN_POINT('',(20.8,-6.925,-16.6));
#7292=CARTESIAN_POINT('Origin',(17.7,-5.525,-16.6));
#7293=CARTESIAN_POINT('',(20.8000000000163,-5.525,-17.9999999999931));
#7294=CARTESIAN_POINT('',(19.7,-5.525,-18.));
#7295=CARTESIAN_POINT('',(20.8000000000163,-5.525,-18.));
#7296=CARTESIAN_POINT('Origin',(19.7,-5.525,-16.6));
#7297=CARTESIAN_POINT('Origin',(20.8000000000652,-5.525,-16.6));
#7298=CARTESIAN_POINT('Origin',(17.7,-5.525,-18.));
#7299=CARTESIAN_POINT('',(20.7999999996582,5.525,-18.0000000002488));
#7300=CARTESIAN_POINT('',(19.7,5.525,-18.));
#7301=CARTESIAN_POINT('',(19.7,5.525,-18.));
#7302=CARTESIAN_POINT('',(19.7,-5.525,-18.));
#7303=CARTESIAN_POINT('',(20.8,-5.525,-18.));
#7304=CARTESIAN_POINT('Origin',(17.7,5.525,-16.6));
#7305=CARTESIAN_POINT('',(20.8000000000163,6.92499999999307,-16.6));
#7306=CARTESIAN_POINT('',(19.7,6.925,-16.6));
#7307=CARTESIAN_POINT('',(19.7,6.925,-16.6));
#7308=CARTESIAN_POINT('Origin',(19.7,5.525,-16.6));
#7309=CARTESIAN_POINT('Origin',(20.8000000000652,5.525,-16.6));
#7310=CARTESIAN_POINT('Origin',(17.7,6.925,-16.6));
#7311=CARTESIAN_POINT('',(20.79999999999,6.92499999998124,-16.3356854249492));
#7312=CARTESIAN_POINT('',(19.7,6.925,-16.3356854249492));
#7313=CARTESIAN_POINT('',(20.79999999999,6.925,-16.3356854249492));
#7314=CARTESIAN_POINT('',(19.7,6.925,-16.6));
#7315=CARTESIAN_POINT('',(20.8,6.925,-16.6));
#7316=CARTESIAN_POINT('Origin',(17.7,6.025,-16.3356854249494));
#7317=CARTESIAN_POINT('',(20.8000000000021,6.66139610307049,-15.6992893218789));
#7318=CARTESIAN_POINT('',(19.7,6.66139610306787,-15.6992893218815));
#7319=CARTESIAN_POINT('',(19.7,6.66139610306786,-15.6992893218815));
#7320=CARTESIAN_POINT('Origin',(19.7,6.025,-16.3356854249494));
#7321=CARTESIAN_POINT('Origin',(20.8000000000083,6.025,-16.3356854249494));
#7322=CARTESIAN_POINT('Origin',(17.7,6.92499999999991,-15.9628932188135));
#7323=CARTESIAN_POINT('',(20.8000000000063,5.59571067812095,-14.6336038969539));
#7324=CARTESIAN_POINT('',(19.7,5.59571067811862,-14.6336038969322));
#7325=CARTESIAN_POINT('',(20.8000000000063,5.5957106781186,-14.6336038969322));
#7326=CARTESIAN_POINT('',(19.7,6.66139610306787,-15.6992893218815));
#7327=CARTESIAN_POINT('',(20.8,6.66139610306788,-15.6992893218815));
#7328=CARTESIAN_POINT('Origin',(17.7,4.9593145750507,-15.27));
#7329=CARTESIAN_POINT('',(20.8000000000021,4.95931457505071,-14.370000000003));
#7330=CARTESIAN_POINT('',(19.7,4.95931457505071,-14.37));
#7331=CARTESIAN_POINT('',(19.7,4.95931457505071,-14.37));
#7332=CARTESIAN_POINT('Origin',(19.7,4.9593145750507,-15.27));
#7333=CARTESIAN_POINT('Origin',(20.8000000000083,4.9593145750507,-15.27));
#7334=CARTESIAN_POINT('Origin',(17.7,5.33210678118649,-14.37));
#7335=CARTESIAN_POINT('',(19.7,4.95931457505071,-14.37));
#7336=CARTESIAN_POINT('',(20.8,-5.525,-14.37));
#7337=CARTESIAN_POINT('Origin',(21.,-9.,-16.185));
#7338=CARTESIAN_POINT('',(18.,-9.,-15.385));
#7339=CARTESIAN_POINT('Origin',(18.,-9.,-16.185));
#7340=CARTESIAN_POINT('',(20.7800000000588,-9.,-15.385));
#7341=CARTESIAN_POINT('',(21.,-9.,-15.385));
#7342=CARTESIAN_POINT('Origin',(20.7800000000588,-9.,-16.185));
#7343=CARTESIAN_POINT('Origin',(21.,9.,-16.185));
#7344=CARTESIAN_POINT('',(18.,9.,-15.385));
#7345=CARTESIAN_POINT('Origin',(18.,9.,-16.185));
#7346=CARTESIAN_POINT('',(20.7800000000588,9.,-15.385));
#7347=CARTESIAN_POINT('',(21.,9.,-15.385));
#7348=CARTESIAN_POINT('Origin',(20.7800000000588,9.,-16.185));
#7349=CARTESIAN_POINT('Origin',(0.,-21.000000000015,-14.65));
#7350=CARTESIAN_POINT('',(-4.50057698685061E-16,-20.9999999999976,-10.975000000013));
#7351=CARTESIAN_POINT('',(-4.50057698687188E-16,-21.000000000015,-10.9749999999956));
#7352=CARTESIAN_POINT('Origin',(0.,-20.9999999999976,-14.65));
#7353=CARTESIAN_POINT('Origin',(20.9999999999013,-5.525,-15.77));
#7354=CARTESIAN_POINT('',(20.9999999999916,-5.525,-14.1700000000084));
#7355=CARTESIAN_POINT('',(20.8000000000037,-5.525,-14.3699999999963));
#7356=CARTESIAN_POINT('',(20.9999999999916,-7.1249999999916,-15.77));
#7357=CARTESIAN_POINT('Origin',(20.9999999999832,-5.525,-15.77));
#7358=CARTESIAN_POINT('',(20.8000000000037,-6.92500000000373,-15.77));
#7359=CARTESIAN_POINT('Origin',(20.8,-6.925,-15.77));
#7360=CARTESIAN_POINT('',(21.0000000000324,-7.12499999996972,-16.6));
#7361=CARTESIAN_POINT('',(21.,-7.125,-16.6));
#7362=CARTESIAN_POINT('',(20.9999999995603,-7.12499999917782,-16.6));
#7363=CARTESIAN_POINT('Origin',(20.9999999999581,-5.525,-16.6));
#7364=CARTESIAN_POINT('',(21.0000000000162,-5.525,-18.2000000000162));
#7365=CARTESIAN_POINT('Origin',(21.0000000000324,-5.525,-16.6));
#7366=CARTESIAN_POINT('',(21.0000000000162,-5.525,-18.2000000000162));
#7367=CARTESIAN_POINT('Origin',(20.8,-5.525,-18.));
#7368=CARTESIAN_POINT('',(20.9999999996589,5.525,-18.2000000003359));
#7369=CARTESIAN_POINT('',(21.,-5.525,-18.2));
#7370=CARTESIAN_POINT('',(20.999999998935,5.525,-18.2000000010589));
#7371=CARTESIAN_POINT('Origin',(21.000000000015,5.525,-16.6));
#7372=CARTESIAN_POINT('',(21.0000000000162,7.12500000001619,-16.6));
#7373=CARTESIAN_POINT('Origin',(21.0000000000324,5.525,-16.6));
#7374=CARTESIAN_POINT('',(21.0000000000162,7.1250000000162,-16.6));
#7375=CARTESIAN_POINT('Origin',(20.8,6.925,-16.6));
#7376=CARTESIAN_POINT('',(21.000000000007,7.12499999998323,-16.3356854249492));
#7377=CARTESIAN_POINT('',(21.,7.125,-16.6));
#7378=CARTESIAN_POINT('',(20.9999999995603,7.12499999900729,-16.3356854249492));
#7379=CARTESIAN_POINT('Origin',(20.9999999999013,6.025,-16.3356854249494));
#7380=CARTESIAN_POINT('',(20.999999999989,6.8028174592974,-15.5578679656519));
#7381=CARTESIAN_POINT('Origin',(20.9999999999781,6.025,-16.3356854249494));
#7382=CARTESIAN_POINT('',(20.999999999989,6.8028174592974,-15.5578679656519));
#7383=CARTESIAN_POINT('Origin',(20.8,6.92499999999991,-15.9628932188135));
#7384=CARTESIAN_POINT('',(21.0000000000037,5.7371320343499,-14.4921825407205));
#7385=CARTESIAN_POINT('',(21.,6.80281745930516,-15.5578679656441));
#7386=CARTESIAN_POINT('',(20.9999999999582,5.73713203391435,-14.4921825411188));
#7387=CARTESIAN_POINT('Origin',(20.9999999999581,4.9593145750507,-15.27));
#7388=CARTESIAN_POINT('',(21.0000000000142,4.95931457505071,-14.1699999999859));
#7389=CARTESIAN_POINT('Origin',(21.0000000000283,4.9593145750507,-15.27));
#7390=CARTESIAN_POINT('',(20.7999999999995,4.95931457505071,-14.3700000000005));
#7391=CARTESIAN_POINT('Origin',(20.8,5.33210678118649,-14.37));
#7392=CARTESIAN_POINT('',(21.,-5.525,-14.17));
#7393=CARTESIAN_POINT('Origin',(21.0000000000719,-9.,-16.185));
#7394=CARTESIAN_POINT('',(21.0000000000646,-9.,-15.1650000000173));
#7395=CARTESIAN_POINT('',(21.0000000000719,-9.,-15.1650000000101));
#7396=CARTESIAN_POINT('Origin',(21.0000000000647,-9.,-16.185));
#7397=CARTESIAN_POINT('Origin',(21.0000000000719,9.,-16.185));
#7398=CARTESIAN_POINT('',(21.0000000000646,9.,-15.1650000000173));
#7399=CARTESIAN_POINT('',(21.0000000000719,9.,-15.1650000000101));
#7400=CARTESIAN_POINT('Origin',(21.0000000000647,9.,-16.185));
#7401=CARTESIAN_POINT('Origin',(0.,0.,-9.3));
#7402=CARTESIAN_POINT('',(-13.,-21.,-9.3));
#7403=CARTESIAN_POINT('',(13.,-21.,-9.3));
#7404=CARTESIAN_POINT('',(-13.,-21.,-9.3));
#7405=CARTESIAN_POINT('',(21.,-13.,-9.3));
#7406=CARTESIAN_POINT('Ctrl Pts',(13.,-21.,-9.3));
#7407=CARTESIAN_POINT('Ctrl Pts',(15.4895373825391,-21.,-9.3));
#7408=CARTESIAN_POINT('Ctrl Pts',(17.9790747650782,-21.,-9.3));
#7409=CARTESIAN_POINT('Ctrl Pts',(21.,-17.9790747650781,-9.3));
#7410=CARTESIAN_POINT('Ctrl Pts',(21.,-15.4895373825391,-9.3));
#7411=CARTESIAN_POINT('Ctrl Pts',(21.,-13.,-9.3));
#7412=CARTESIAN_POINT('',(21.,13.,-9.3));
#7413=CARTESIAN_POINT('',(21.,-13.,-9.3));
#7414=CARTESIAN_POINT('',(13.,21.,-9.3));
#7415=CARTESIAN_POINT('Ctrl Pts',(21.,13.,-9.3));
#7416=CARTESIAN_POINT('Ctrl Pts',(21.,15.4895373825391,-9.3));
#7417=CARTESIAN_POINT('Ctrl Pts',(21.,17.9790747650782,-9.3));
#7418=CARTESIAN_POINT('Ctrl Pts',(17.9790747650781,21.,-9.3));
#7419=CARTESIAN_POINT('Ctrl Pts',(15.4895373825391,21.,-9.3));
#7420=CARTESIAN_POINT('Ctrl Pts',(13.,21.,-9.3));
#7421=CARTESIAN_POINT('',(-13.,21.,-9.3));
#7422=CARTESIAN_POINT('',(-13.,21.,-9.3));
#7423=CARTESIAN_POINT('',(-21.,13.,-9.3));
#7424=CARTESIAN_POINT('Ctrl Pts',(-13.,21.,-9.3));
#7425=CARTESIAN_POINT('Ctrl Pts',(-15.4895373825391,21.,-9.3));
#7426=CARTESIAN_POINT('Ctrl Pts',(-17.9790747650782,21.,-9.3));
#7427=CARTESIAN_POINT('Ctrl Pts',(-21.,17.9790747650781,-9.3));
#7428=CARTESIAN_POINT('Ctrl Pts',(-21.,15.4895373825391,-9.3));
#7429=CARTESIAN_POINT('Ctrl Pts',(-21.,13.,-9.3));
#7430=CARTESIAN_POINT('',(-21.,-13.,-9.3));
#7431=CARTESIAN_POINT('',(-21.,-13.,-9.3));
#7432=CARTESIAN_POINT('Ctrl Pts',(-21.,-13.,-9.3));
#7433=CARTESIAN_POINT('Ctrl Pts',(-21.,-15.4895373825391,-9.3));
#7434=CARTESIAN_POINT('Ctrl Pts',(-21.,-17.9790747650782,-9.3));
#7435=CARTESIAN_POINT('Ctrl Pts',(-17.9790747650781,-21.,-9.3));
#7436=CARTESIAN_POINT('Ctrl Pts',(-15.4895373825391,-21.,-9.3));
#7437=CARTESIAN_POINT('Ctrl Pts',(-13.,-21.,-9.3));
#7438=CARTESIAN_POINT('Ctrl Pts',(-0.552313087304503,21.,1.4));
#7439=CARTESIAN_POINT('Ctrl Pts',(-0.552313087304503,21.,-65.16256));
#7440=CARTESIAN_POINT('Ctrl Pts',(-3.0418504698436,21.,1.4));
#7441=CARTESIAN_POINT('Ctrl Pts',(-3.0418504698436,21.,-65.16256));
#7442=CARTESIAN_POINT('Ctrl Pts',(-5.5313878523827,21.,1.4));
#7443=CARTESIAN_POINT('Ctrl Pts',(-5.5313878523827,21.,-65.16256));
#7444=CARTESIAN_POINT('Ctrl Pts',(-8.0209252349218,21.,1.4));
#7445=CARTESIAN_POINT('Ctrl Pts',(-8.0209252349218,21.,-65.16256));
#7446=CARTESIAN_POINT('Ctrl Pts',(-10.5104626174609,21.,1.4));
#7447=CARTESIAN_POINT('Ctrl Pts',(-10.5104626174609,21.,-65.16256));
#7448=CARTESIAN_POINT('Ctrl Pts',(-13.,21.,1.4));
#7449=CARTESIAN_POINT('Ctrl Pts',(-13.,21.,-65.16256));
#7450=CARTESIAN_POINT('Ctrl Pts',(-15.4895373825391,21.,1.4));
#7451=CARTESIAN_POINT('Ctrl Pts',(-15.4895373825391,21.,-65.16256));
#7452=CARTESIAN_POINT('Ctrl Pts',(-17.9790747650782,21.,1.4));
#7453=CARTESIAN_POINT('Ctrl Pts',(-17.9790747650782,21.,-65.16256));
#7454=CARTESIAN_POINT('Ctrl Pts',(-21.,17.9790747650782,1.4));
#7455=CARTESIAN_POINT('Ctrl Pts',(-21.,17.9790747650782,-65.16256));
#7456=CARTESIAN_POINT('Ctrl Pts',(-21.,15.4895373825391,1.4));
#7457=CARTESIAN_POINT('Ctrl Pts',(-21.,15.4895373825391,-65.16256));
#7458=CARTESIAN_POINT('Ctrl Pts',(-21.,13.,1.4));
#7459=CARTESIAN_POINT('Ctrl Pts',(-21.,13.,-65.16256));
#7460=CARTESIAN_POINT('Ctrl Pts',(-21.,10.5104626174609,1.4));
#7461=CARTESIAN_POINT('Ctrl Pts',(-21.,10.5104626174609,-65.16256));
#7462=CARTESIAN_POINT('Ctrl Pts',(-21.,8.0209252349218,1.4));
#7463=CARTESIAN_POINT('Ctrl Pts',(-21.,8.0209252349218,-65.16256));
#7464=CARTESIAN_POINT('Ctrl Pts',(-21.,5.5313878523827,1.4));
#7465=CARTESIAN_POINT('Ctrl Pts',(-21.,5.5313878523827,-65.16256));
#7466=CARTESIAN_POINT('Ctrl Pts',(-21.,3.0418504698436,1.4));
#7467=CARTESIAN_POINT('Ctrl Pts',(-21.,3.0418504698436,-65.16256));
#7468=CARTESIAN_POINT('Ctrl Pts',(-21.,0.552313087304503,1.4));
#7469=CARTESIAN_POINT('Ctrl Pts',(-21.,0.552313087304503,-65.16256));
#7470=CARTESIAN_POINT('',(-13.,21.,-20.));
#7471=CARTESIAN_POINT('',(-13.,21.,-9.3));
#7472=CARTESIAN_POINT('',(-21.,13.,-20.));
#7473=CARTESIAN_POINT('Ctrl Pts',(-13.,21.,-20.));
#7474=CARTESIAN_POINT('Ctrl Pts',(-15.4895373825391,21.,-20.));
#7475=CARTESIAN_POINT('Ctrl Pts',(-17.9790747650782,21.,-20.));
#7476=CARTESIAN_POINT('Ctrl Pts',(-21.,17.9790747650781,-20.));
#7477=CARTESIAN_POINT('Ctrl Pts',(-21.,15.4895373825391,-20.));
#7478=CARTESIAN_POINT('Ctrl Pts',(-21.,13.,-20.));
#7479=CARTESIAN_POINT('',(-21.,13.,-9.3));
#7480=CARTESIAN_POINT('Origin',(-21.,-13.,50.09696961967));
#7481=CARTESIAN_POINT('',(-21.,-13.,-20.));
#7482=CARTESIAN_POINT('',(-21.,-13.,-20.));
#7483=CARTESIAN_POINT('',(-21.,-13.,-20.));
#7484=CARTESIAN_POINT('Ctrl Pts',(-21.,-0.552313087304503,1.4));
#7485=CARTESIAN_POINT('Ctrl Pts',(-21.,-0.552313087304503,-65.16256));
#7486=CARTESIAN_POINT('Ctrl Pts',(-21.,-3.0418504698436,1.4));
#7487=CARTESIAN_POINT('Ctrl Pts',(-21.,-3.0418504698436,-65.16256));
#7488=CARTESIAN_POINT('Ctrl Pts',(-21.,-5.5313878523827,1.4));
#7489=CARTESIAN_POINT('Ctrl Pts',(-21.,-5.5313878523827,-65.16256));
#7490=CARTESIAN_POINT('Ctrl Pts',(-21.,-8.0209252349218,1.4));
#7491=CARTESIAN_POINT('Ctrl Pts',(-21.,-8.0209252349218,-65.16256));
#7492=CARTESIAN_POINT('Ctrl Pts',(-21.,-10.5104626174609,1.4));
#7493=CARTESIAN_POINT('Ctrl Pts',(-21.,-10.5104626174609,-65.16256));
#7494=CARTESIAN_POINT('Ctrl Pts',(-21.,-13.,1.4));
#7495=CARTESIAN_POINT('Ctrl Pts',(-21.,-13.,-65.16256));
#7496=CARTESIAN_POINT('Ctrl Pts',(-21.,-15.4895373825391,1.4));
#7497=CARTESIAN_POINT('Ctrl Pts',(-21.,-15.4895373825391,-65.16256));
#7498=CARTESIAN_POINT('Ctrl Pts',(-21.,-17.9790747650782,1.4));
#7499=CARTESIAN_POINT('Ctrl Pts',(-21.,-17.9790747650782,-65.16256));
#7500=CARTESIAN_POINT('Ctrl Pts',(-17.9790747650782,-21.,1.4));
#7501=CARTESIAN_POINT('Ctrl Pts',(-17.9790747650782,-21.,-65.16256));
#7502=CARTESIAN_POINT('Ctrl Pts',(-15.4895373825391,-21.,1.4));
#7503=CARTESIAN_POINT('Ctrl Pts',(-15.4895373825391,-21.,-65.16256));
#7504=CARTESIAN_POINT('Ctrl Pts',(-13.,-21.,1.4));
#7505=CARTESIAN_POINT('Ctrl Pts',(-13.,-21.,-65.16256));
#7506=CARTESIAN_POINT('Ctrl Pts',(-10.5104626174609,-21.,1.4));
#7507=CARTESIAN_POINT('Ctrl Pts',(-10.5104626174609,-21.,-65.16256));
#7508=CARTESIAN_POINT('Ctrl Pts',(-8.0209252349218,-21.,1.4));
#7509=CARTESIAN_POINT('Ctrl Pts',(-8.0209252349218,-21.,-65.16256));
#7510=CARTESIAN_POINT('Ctrl Pts',(-5.5313878523827,-21.,1.4));
#7511=CARTESIAN_POINT('Ctrl Pts',(-5.5313878523827,-21.,-65.16256));
#7512=CARTESIAN_POINT('Ctrl Pts',(-3.0418504698436,-21.,1.4));
#7513=CARTESIAN_POINT('Ctrl Pts',(-3.0418504698436,-21.,-65.16256));
#7514=CARTESIAN_POINT('Ctrl Pts',(-0.552313087304503,-21.,1.4));
#7515=CARTESIAN_POINT('Ctrl Pts',(-0.552313087304503,-21.,-65.16256));
#7516=CARTESIAN_POINT('',(-13.,-21.,-20.));
#7517=CARTESIAN_POINT('Ctrl Pts',(-21.,-13.,-20.));
#7518=CARTESIAN_POINT('Ctrl Pts',(-21.,-15.4895373825391,-20.));
#7519=CARTESIAN_POINT('Ctrl Pts',(-21.,-17.9790747650782,-20.));
#7520=CARTESIAN_POINT('Ctrl Pts',(-17.9790747650781,-21.,-20.));
#7521=CARTESIAN_POINT('Ctrl Pts',(-15.4895373825391,-21.,-20.));
#7522=CARTESIAN_POINT('Ctrl Pts',(-13.,-21.,-20.));
#7523=CARTESIAN_POINT('',(-13.,-21.,-20.));
#7524=CARTESIAN_POINT('Origin',(13.,-21.,50.09696961967));
#7525=CARTESIAN_POINT('',(13.,-21.,-20.));
#7526=CARTESIAN_POINT('',(13.,-21.,-20.));
#7527=CARTESIAN_POINT('',(13.,-21.,-20.));
#7528=CARTESIAN_POINT('Ctrl Pts',(0.552313087304503,-21.,1.4));
#7529=CARTESIAN_POINT('Ctrl Pts',(0.552313087304503,-21.,-65.16256));
#7530=CARTESIAN_POINT('Ctrl Pts',(3.0418504698436,-21.,1.4));
#7531=CARTESIAN_POINT('Ctrl Pts',(3.0418504698436,-21.,-65.16256));
#7532=CARTESIAN_POINT('Ctrl Pts',(5.5313878523827,-21.,1.4));
#7533=CARTESIAN_POINT('Ctrl Pts',(5.5313878523827,-21.,-65.16256));
#7534=CARTESIAN_POINT('Ctrl Pts',(8.0209252349218,-21.,1.4));
#7535=CARTESIAN_POINT('Ctrl Pts',(8.0209252349218,-21.,-65.16256));
#7536=CARTESIAN_POINT('Ctrl Pts',(10.5104626174609,-21.,1.4));
#7537=CARTESIAN_POINT('Ctrl Pts',(10.5104626174609,-21.,-65.16256));
#7538=CARTESIAN_POINT('Ctrl Pts',(13.,-21.,1.4));
#7539=CARTESIAN_POINT('Ctrl Pts',(13.,-21.,-65.16256));
#7540=CARTESIAN_POINT('Ctrl Pts',(15.4895373825391,-21.,1.4));
#7541=CARTESIAN_POINT('Ctrl Pts',(15.4895373825391,-21.,-65.16256));
#7542=CARTESIAN_POINT('Ctrl Pts',(17.9790747650782,-21.,1.4));
#7543=CARTESIAN_POINT('Ctrl Pts',(17.9790747650782,-21.,-65.16256));
#7544=CARTESIAN_POINT('Ctrl Pts',(21.,-17.9790747650782,1.4));
#7545=CARTESIAN_POINT('Ctrl Pts',(21.,-17.9790747650782,-65.16256));
#7546=CARTESIAN_POINT('Ctrl Pts',(21.,-15.4895373825391,1.4));
#7547=CARTESIAN_POINT('Ctrl Pts',(21.,-15.4895373825391,-65.16256));
#7548=CARTESIAN_POINT('Ctrl Pts',(21.,-13.,1.4));
#7549=CARTESIAN_POINT('Ctrl Pts',(21.,-13.,-65.16256));
#7550=CARTESIAN_POINT('Ctrl Pts',(21.,-10.5104626174609,1.4));
#7551=CARTESIAN_POINT('Ctrl Pts',(21.,-10.5104626174609,-65.16256));
#7552=CARTESIAN_POINT('Ctrl Pts',(21.,-8.0209252349218,1.4));
#7553=CARTESIAN_POINT('Ctrl Pts',(21.,-8.0209252349218,-65.16256));
#7554=CARTESIAN_POINT('Ctrl Pts',(21.,-5.5313878523827,1.4));
#7555=CARTESIAN_POINT('Ctrl Pts',(21.,-5.5313878523827,-65.16256));
#7556=CARTESIAN_POINT('Ctrl Pts',(21.,-3.0418504698436,1.4));
#7557=CARTESIAN_POINT('Ctrl Pts',(21.,-3.0418504698436,-65.16256));
#7558=CARTESIAN_POINT('Ctrl Pts',(21.,-0.552313087304503,1.4));
#7559=CARTESIAN_POINT('Ctrl Pts',(21.,-0.552313087304503,-65.16256));
#7560=CARTESIAN_POINT('',(21.,-13.,-20.));
#7561=CARTESIAN_POINT('Ctrl Pts',(13.,-21.,-20.));
#7562=CARTESIAN_POINT('Ctrl Pts',(15.4895373825391,-21.,-20.));
#7563=CARTESIAN_POINT('Ctrl Pts',(17.9790747650782,-21.,-20.));
#7564=CARTESIAN_POINT('Ctrl Pts',(21.,-17.9790747650781,-20.));
#7565=CARTESIAN_POINT('Ctrl Pts',(21.,-15.4895373825391,-20.));
#7566=CARTESIAN_POINT('Ctrl Pts',(21.,-13.,-20.));
#7567=CARTESIAN_POINT('',(21.,-13.,-20.));
#7568=CARTESIAN_POINT('Origin',(21.,13.,50.09696961967));
#7569=CARTESIAN_POINT('',(21.,13.,-20.));
#7570=CARTESIAN_POINT('',(21.,13.,-20.));
#7571=CARTESIAN_POINT('',(21.,13.,-20.));
#7572=CARTESIAN_POINT('Ctrl Pts',(21.,0.552313087304503,1.4));
#7573=CARTESIAN_POINT('Ctrl Pts',(21.,0.552313087304503,-65.16256));
#7574=CARTESIAN_POINT('Ctrl Pts',(21.,3.0418504698436,1.4));
#7575=CARTESIAN_POINT('Ctrl Pts',(21.,3.0418504698436,-65.16256));
#7576=CARTESIAN_POINT('Ctrl Pts',(21.,5.5313878523827,1.4));
#7577=CARTESIAN_POINT('Ctrl Pts',(21.,5.5313878523827,-65.16256));
#7578=CARTESIAN_POINT('Ctrl Pts',(21.,8.0209252349218,1.4));
#7579=CARTESIAN_POINT('Ctrl Pts',(21.,8.0209252349218,-65.16256));
#7580=CARTESIAN_POINT('Ctrl Pts',(21.,10.5104626174609,1.4));
#7581=CARTESIAN_POINT('Ctrl Pts',(21.,10.5104626174609,-65.16256));
#7582=CARTESIAN_POINT('Ctrl Pts',(21.,13.,1.4));
#7583=CARTESIAN_POINT('Ctrl Pts',(21.,13.,-65.16256));
#7584=CARTESIAN_POINT('Ctrl Pts',(21.,15.4895373825391,1.4));
#7585=CARTESIAN_POINT('Ctrl Pts',(21.,15.4895373825391,-65.16256));
#7586=CARTESIAN_POINT('Ctrl Pts',(21.,17.9790747650782,1.4));
#7587=CARTESIAN_POINT('Ctrl Pts',(21.,17.9790747650782,-65.16256));
#7588=CARTESIAN_POINT('Ctrl Pts',(17.9790747650782,21.,1.4));
#7589=CARTESIAN_POINT('Ctrl Pts',(17.9790747650782,21.,-65.16256));
#7590=CARTESIAN_POINT('Ctrl Pts',(15.4895373825391,21.,1.4));
#7591=CARTESIAN_POINT('Ctrl Pts',(15.4895373825391,21.,-65.16256));
#7592=CARTESIAN_POINT('Ctrl Pts',(13.,21.,1.4));
#7593=CARTESIAN_POINT('Ctrl Pts',(13.,21.,-65.16256));
#7594=CARTESIAN_POINT('Ctrl Pts',(10.5104626174609,21.,1.4));
#7595=CARTESIAN_POINT('Ctrl Pts',(10.5104626174609,21.,-65.16256));
#7596=CARTESIAN_POINT('Ctrl Pts',(8.0209252349218,21.,1.4));
#7597=CARTESIAN_POINT('Ctrl Pts',(8.0209252349218,21.,-65.16256));
#7598=CARTESIAN_POINT('Ctrl Pts',(5.5313878523827,21.,1.4));
#7599=CARTESIAN_POINT('Ctrl Pts',(5.5313878523827,21.,-65.16256));
#7600=CARTESIAN_POINT('Ctrl Pts',(3.0418504698436,21.,1.4));
#7601=CARTESIAN_POINT('Ctrl Pts',(3.0418504698436,21.,-65.16256));
#7602=CARTESIAN_POINT('Ctrl Pts',(0.552313087304503,21.,1.4));
#7603=CARTESIAN_POINT('Ctrl Pts',(0.552313087304503,21.,-65.16256));
#7604=CARTESIAN_POINT('',(13.,21.,-20.));
#7605=CARTESIAN_POINT('Ctrl Pts',(21.,13.,-20.));
#7606=CARTESIAN_POINT('Ctrl Pts',(21.,15.4895373825391,-20.));
#7607=CARTESIAN_POINT('Ctrl Pts',(21.,17.9790747650782,-20.));
#7608=CARTESIAN_POINT('Ctrl Pts',(17.9790747650781,21.,-20.));
#7609=CARTESIAN_POINT('Ctrl Pts',(15.4895373825391,21.,-20.));
#7610=CARTESIAN_POINT('Ctrl Pts',(13.,21.,-20.));
#7611=CARTESIAN_POINT('',(13.,21.,-9.3));
#7612=CARTESIAN_POINT('Origin',(-13.,21.,50.09696961967));
#7613=CARTESIAN_POINT('',(-13.,21.,-20.));
#7614=CARTESIAN_POINT('Origin',(18.,9.,-16.185));
#7615=CARTESIAN_POINT('Origin',(18.,-9.,-16.185));
#7616=CARTESIAN_POINT('Ctrl Pts',(-13.,-21.,-20.));
#7617=CARTESIAN_POINT('Ctrl Pts',(-13.,-21.,-23.));
#7618=CARTESIAN_POINT('Ctrl Pts',(-13.,-18.,-23.));
#7619=CARTESIAN_POINT('Ctrl Pts',(-13.1718335807422,-21.,-20.));
#7620=CARTESIAN_POINT('Ctrl Pts',(-13.1718335807418,-21.0000000053891,-23.));
#7621=CARTESIAN_POINT('Ctrl Pts',(-13.1718335887553,-18.0000000053858,-23.));
#7622=CARTESIAN_POINT('Ctrl Pts',(-13.5404308993505,-21.0002897238055,-20.));
#7623=CARTESIAN_POINT('Ctrl Pts',(-13.5404308993507,-21.0002897213041,-23.));
#7624=CARTESIAN_POINT('Ctrl Pts',(-13.5154868213763,-18.0000983983025,-23.));
#7625=CARTESIAN_POINT('Ctrl Pts',(-14.1865910752774,-20.9836408078964,-20.));
#7626=CARTESIAN_POINT('Ctrl Pts',(-14.1865910752773,-20.9836408085677,-23.));
#7627=CARTESIAN_POINT('Ctrl Pts',(-14.029925624712,-17.9859638822444,-23.));
#7628=CARTESIAN_POINT('Ctrl Pts',(-14.9369009492325,-20.9189515529328,-20.));
#7629=CARTESIAN_POINT('Ctrl Pts',(-14.9369009492326,-20.9189515527489,-23.));
#7630=CARTESIAN_POINT('Ctrl Pts',(-14.5413149953621,-17.9403378090572,-23.));
#7631=CARTESIAN_POINT('Ctrl Pts',(-15.6423753308615,-20.7878395755161,-20.));
#7632=CARTESIAN_POINT('Ctrl Pts',(-15.6423753308615,-20.7878395755388,-23.));
#7633=CARTESIAN_POINT('Ctrl Pts',(-14.9654555625494,-17.86032982531,-23.));
#7634=CARTESIAN_POINT('Ctrl Pts',(-16.2259971927017,-20.6194762888911,-20.));
#7635=CARTESIAN_POINT('Ctrl Pts',(-16.2259971927017,-20.619476288887,-23.));
#7636=CARTESIAN_POINT('Ctrl Pts',(-15.2989080368858,-17.7640010612467,-23.));
#7637=CARTESIAN_POINT('Ctrl Pts',(-16.8016472427607,-20.4110617271973,-20.));
#7638=CARTESIAN_POINT('Ctrl Pts',(-16.8016472427607,-20.4110617271997,-23.));
#7639=CARTESIAN_POINT('Ctrl Pts',(-15.6217386595975,-17.6470269383427,-23.));
#7640=CARTESIAN_POINT('Ctrl Pts',(-17.4963289071338,-20.0768113135351,-20.));
#7641=CARTESIAN_POINT('Ctrl Pts',(-17.4963289071338,-20.0768113135343,-23.));
#7642=CARTESIAN_POINT('Ctrl Pts',(-16.0075228237806,-17.4614021459505,-23.));
#7643=CARTESIAN_POINT('Ctrl Pts',(-18.273541283323,-19.5604678131732,-20.));
#7644=CARTESIAN_POINT('Ctrl Pts',(-18.273541283323,-19.5604678131734,-23.));
#7645=CARTESIAN_POINT('Ctrl Pts',(-16.4435202696114,-17.1720182021969,-23.));
#7646=CARTESIAN_POINT('Ctrl Pts',(-18.956235793651,-18.9615000822642,-20.));
#7647=CARTESIAN_POINT('Ctrl Pts',(-18.9562357936509,-18.9615000822641,-23.));
#7648=CARTESIAN_POINT('Ctrl Pts',(-16.8300439068716,-16.8330162329979,-23.));
#7649=CARTESIAN_POINT('Ctrl Pts',(-19.459202577844,-18.3891333281844,-20.));
#7650=CARTESIAN_POINT('Ctrl Pts',(-19.4592025778442,-18.3891333281844,-23.));
#7651=CARTESIAN_POINT('Ctrl Pts',(-17.1146909586885,-16.508975138564,-23.));
#7652=CARTESIAN_POINT('Ctrl Pts',(-19.8182256233373,-17.8859236365046,-20.));
#7653=CARTESIAN_POINT('Ctrl Pts',(-19.818225623337,-17.8859236365046,-23.));
#7654=CARTESIAN_POINT('Ctrl Pts',(-17.3165088337124,-16.2260510832766,-23.));
#7655=CARTESIAN_POINT('Ctrl Pts',(-20.1400897586968,-17.363133698974,-20.));
#7656=CARTESIAN_POINT('Ctrl Pts',(-20.1400897586985,-17.363133698974,-23.));
#7657=CARTESIAN_POINT('Ctrl Pts',(-17.4965204121657,-15.9335886956454,-23.));
#7658=CARTESIAN_POINT('Ctrl Pts',(-20.4758303355589,-16.6698191401913,-20.));
#7659=CARTESIAN_POINT('Ctrl Pts',(-20.4758303355456,-16.6698191401913,-23.));
#7660=CARTESIAN_POINT('Ctrl Pts',(-17.6829598707602,-15.548496403291,-23.));
#7661=CARTESIAN_POINT('Ctrl Pts',(-20.761380727912,-15.7849251461565,-20.));
#7662=CARTESIAN_POINT('Ctrl Pts',(-20.7613807279603,-15.7849251461565,-23.));
#7663=CARTESIAN_POINT('Ctrl Pts',(-17.8441619747353,-15.0510025046634,-23.));
#7664=CARTESIAN_POINT('Ctrl Pts',(-20.9179337893067,-14.9433740798826,-20.));
#7665=CARTESIAN_POINT('Ctrl Pts',(-20.9179337891265,-14.9433740798826,-23.));
#7666=CARTESIAN_POINT('Ctrl Pts',(-17.9397018747779,-14.5453690252927,-23.));
#7667=CARTESIAN_POINT('Ctrl Pts',(-20.9835062666612,-14.1912035074759,-20.));
#7668=CARTESIAN_POINT('Ctrl Pts',(-20.9835062673337,-14.1912035074759,-23.));
#7669=CARTESIAN_POINT('Ctrl Pts',(-17.9858366005714,-14.0334044501708,-23.));
#7670=CARTESIAN_POINT('Ctrl Pts',(-21.0002827945842,-13.5422353512985,-20.));
#7671=CARTESIAN_POINT('Ctrl Pts',(-21.0002827920744,-13.5422353512986,-23.));
#7672=CARTESIAN_POINT('Ctrl Pts',(-18.000095799328,-13.5171442796018,-23.));
#7673=CARTESIAN_POINT('Ctrl Pts',(-21.,-13.1723317258933,-20.));
#7674=CARTESIAN_POINT('Ctrl Pts',(-21.0000000054077,-13.1723317258932,-23.));
#7675=CARTESIAN_POINT('Ctrl Pts',(-18.0000000054041,-13.1723317339278,-23.));
#7676=CARTESIAN_POINT('Ctrl Pts',(-21.,-13.,-20.));
#7677=CARTESIAN_POINT('Ctrl Pts',(-21.,-13.,-23.));
#7678=CARTESIAN_POINT('Ctrl Pts',(-18.,-13.,-23.));
#7679=CARTESIAN_POINT('Origin',(-13.,-18.,-20.));
#7680=CARTESIAN_POINT('Origin',(-18.,-13.,-20.));
#7681=CARTESIAN_POINT('Origin',(-18.,18.9449510801086,-20.));
#7682=CARTESIAN_POINT('Origin',(-18.,13.,-20.));
#7683=CARTESIAN_POINT('Origin',(18.9449510801086,-18.,-20.));
#7684=CARTESIAN_POINT('Origin',(13.,-18.,-20.));
#7685=CARTESIAN_POINT('Ctrl Pts',(-21.,13.,-20.));
#7686=CARTESIAN_POINT('Ctrl Pts',(-21.,13.,-23.));
#7687=CARTESIAN_POINT('Ctrl Pts',(-18.,13.,-23.));
#7688=CARTESIAN_POINT('Ctrl Pts',(-21.,13.1718335807422,-20.));
#7689=CARTESIAN_POINT('Ctrl Pts',(-21.0000000053891,13.1718335807418,-23.));
#7690=CARTESIAN_POINT('Ctrl Pts',(-18.0000000053858,13.1718335887553,-23.));
#7691=CARTESIAN_POINT('Ctrl Pts',(-21.0002897238055,13.5404308993505,-20.));
#7692=CARTESIAN_POINT('Ctrl Pts',(-21.0002897213041,13.5404308993507,-23.));
#7693=CARTESIAN_POINT('Ctrl Pts',(-18.0000983983025,13.5154868213763,-23.));
#7694=CARTESIAN_POINT('Ctrl Pts',(-20.9836408078964,14.1865910752774,-20.));
#7695=CARTESIAN_POINT('Ctrl Pts',(-20.9836408085677,14.1865910752773,-23.));
#7696=CARTESIAN_POINT('Ctrl Pts',(-17.9859638822444,14.029925624712,-23.));
#7697=CARTESIAN_POINT('Ctrl Pts',(-20.9189515529328,14.9369009492325,-20.));
#7698=CARTESIAN_POINT('Ctrl Pts',(-20.9189515527489,14.9369009492326,-23.));
#7699=CARTESIAN_POINT('Ctrl Pts',(-17.9403378090572,14.5413149953621,-23.));
#7700=CARTESIAN_POINT('Ctrl Pts',(-20.7878395755161,15.6423753308615,-20.));
#7701=CARTESIAN_POINT('Ctrl Pts',(-20.7878395755388,15.6423753308615,-23.));
#7702=CARTESIAN_POINT('Ctrl Pts',(-17.86032982531,14.9654555625494,-23.));
#7703=CARTESIAN_POINT('Ctrl Pts',(-20.6194762888911,16.2259971927017,-20.));
#7704=CARTESIAN_POINT('Ctrl Pts',(-20.619476288887,16.2259971927017,-23.));
#7705=CARTESIAN_POINT('Ctrl Pts',(-17.7640010612467,15.2989080368858,-23.));
#7706=CARTESIAN_POINT('Ctrl Pts',(-20.4110617271973,16.8016472427607,-20.));
#7707=CARTESIAN_POINT('Ctrl Pts',(-20.4110617271997,16.8016472427607,-23.));
#7708=CARTESIAN_POINT('Ctrl Pts',(-17.6470269383427,15.6217386595975,-23.));
#7709=CARTESIAN_POINT('Ctrl Pts',(-20.0768113135351,17.4963289071338,-20.));
#7710=CARTESIAN_POINT('Ctrl Pts',(-20.0768113135343,17.4963289071338,-23.));
#7711=CARTESIAN_POINT('Ctrl Pts',(-17.4614021459505,16.0075228237806,-23.));
#7712=CARTESIAN_POINT('Ctrl Pts',(-19.5604678131732,18.273541283323,-20.));
#7713=CARTESIAN_POINT('Ctrl Pts',(-19.5604678131734,18.273541283323,-23.));
#7714=CARTESIAN_POINT('Ctrl Pts',(-17.1720182021969,16.4435202696114,-23.));
#7715=CARTESIAN_POINT('Ctrl Pts',(-18.9615000822642,18.956235793651,-20.));
#7716=CARTESIAN_POINT('Ctrl Pts',(-18.9615000822641,18.9562357936509,-23.));
#7717=CARTESIAN_POINT('Ctrl Pts',(-16.8330162329979,16.8300439068716,-23.));
#7718=CARTESIAN_POINT('Ctrl Pts',(-18.3891333281844,19.459202577844,-20.));
#7719=CARTESIAN_POINT('Ctrl Pts',(-18.3891333281844,19.4592025778442,-23.));
#7720=CARTESIAN_POINT('Ctrl Pts',(-16.508975138564,17.1146909586885,-23.));
#7721=CARTESIAN_POINT('Ctrl Pts',(-17.8859236365046,19.8182256233373,-20.));
#7722=CARTESIAN_POINT('Ctrl Pts',(-17.8859236365046,19.818225623337,-23.));
#7723=CARTESIAN_POINT('Ctrl Pts',(-16.2260510832766,17.3165088337124,-23.));
#7724=CARTESIAN_POINT('Ctrl Pts',(-17.363133698974,20.1400897586968,-20.));
#7725=CARTESIAN_POINT('Ctrl Pts',(-17.363133698974,20.1400897586985,-23.));
#7726=CARTESIAN_POINT('Ctrl Pts',(-15.9335886956454,17.4965204121657,-23.));
#7727=CARTESIAN_POINT('Ctrl Pts',(-16.6698191401913,20.4758303355589,-20.));
#7728=CARTESIAN_POINT('Ctrl Pts',(-16.6698191401913,20.4758303355456,-23.));
#7729=CARTESIAN_POINT('Ctrl Pts',(-15.548496403291,17.6829598707602,-23.));
#7730=CARTESIAN_POINT('Ctrl Pts',(-15.7849251461565,20.761380727912,-20.));
#7731=CARTESIAN_POINT('Ctrl Pts',(-15.7849251461565,20.7613807279603,-23.));
#7732=CARTESIAN_POINT('Ctrl Pts',(-15.0510025046634,17.8441619747353,-23.));
#7733=CARTESIAN_POINT('Ctrl Pts',(-14.9433740798826,20.9179337893067,-20.));
#7734=CARTESIAN_POINT('Ctrl Pts',(-14.9433740798826,20.9179337891265,-23.));
#7735=CARTESIAN_POINT('Ctrl Pts',(-14.5453690252927,17.9397018747779,-23.));
#7736=CARTESIAN_POINT('Ctrl Pts',(-14.1912035074759,20.9835062666612,-20.));
#7737=CARTESIAN_POINT('Ctrl Pts',(-14.1912035074759,20.9835062673337,-23.));
#7738=CARTESIAN_POINT('Ctrl Pts',(-14.0334044501708,17.9858366005714,-23.));
#7739=CARTESIAN_POINT('Ctrl Pts',(-13.5422353512985,21.0002827945842,-20.));
#7740=CARTESIAN_POINT('Ctrl Pts',(-13.5422353512986,21.0002827920744,-23.));
#7741=CARTESIAN_POINT('Ctrl Pts',(-13.5171442796018,18.000095799328,-23.));
#7742=CARTESIAN_POINT('Ctrl Pts',(-13.1723317258933,21.,-20.));
#7743=CARTESIAN_POINT('Ctrl Pts',(-13.1723317258932,21.0000000054077,-23.));
#7744=CARTESIAN_POINT('Ctrl Pts',(-13.1723317339278,18.0000000054041,-23.));
#7745=CARTESIAN_POINT('Ctrl Pts',(-13.,21.,-20.));
#7746=CARTESIAN_POINT('Ctrl Pts',(-13.,21.,-23.));
#7747=CARTESIAN_POINT('Ctrl Pts',(-13.,18.,-23.));
#7748=CARTESIAN_POINT('Origin',(-13.,18.,-20.));
#7749=CARTESIAN_POINT('Ctrl Pts',(21.,-13.,-20.));
#7750=CARTESIAN_POINT('Ctrl Pts',(21.,-13.,-23.));
#7751=CARTESIAN_POINT('Ctrl Pts',(18.,-13.,-23.));
#7752=CARTESIAN_POINT('Ctrl Pts',(21.,-13.1718335807422,-20.));
#7753=CARTESIAN_POINT('Ctrl Pts',(21.0000000053891,-13.1718335807418,-23.));
#7754=CARTESIAN_POINT('Ctrl Pts',(18.0000000053858,-13.1718335887553,-23.));
#7755=CARTESIAN_POINT('Ctrl Pts',(21.0002897238055,-13.5404308993505,-20.));
#7756=CARTESIAN_POINT('Ctrl Pts',(21.0002897213041,-13.5404308993507,-23.));
#7757=CARTESIAN_POINT('Ctrl Pts',(18.0000983983025,-13.5154868213763,-23.));
#7758=CARTESIAN_POINT('Ctrl Pts',(20.9836408078964,-14.1865910752774,-20.));
#7759=CARTESIAN_POINT('Ctrl Pts',(20.9836408085677,-14.1865910752773,-23.));
#7760=CARTESIAN_POINT('Ctrl Pts',(17.9859638822444,-14.029925624712,-23.));
#7761=CARTESIAN_POINT('Ctrl Pts',(20.9189515529328,-14.9369009492325,-20.));
#7762=CARTESIAN_POINT('Ctrl Pts',(20.9189515527489,-14.9369009492326,-23.));
#7763=CARTESIAN_POINT('Ctrl Pts',(17.9403378090572,-14.5413149953621,-23.));
#7764=CARTESIAN_POINT('Ctrl Pts',(20.7878395755161,-15.6423753308615,-20.));
#7765=CARTESIAN_POINT('Ctrl Pts',(20.7878395755388,-15.6423753308615,-23.));
#7766=CARTESIAN_POINT('Ctrl Pts',(17.86032982531,-14.9654555625494,-23.));
#7767=CARTESIAN_POINT('Ctrl Pts',(20.6194762888911,-16.2259971927017,-20.));
#7768=CARTESIAN_POINT('Ctrl Pts',(20.619476288887,-16.2259971927017,-23.));
#7769=CARTESIAN_POINT('Ctrl Pts',(17.7640010612467,-15.2989080368858,-23.));
#7770=CARTESIAN_POINT('Ctrl Pts',(20.4110617271973,-16.8016472427607,-20.));
#7771=CARTESIAN_POINT('Ctrl Pts',(20.4110617271997,-16.8016472427607,-23.));
#7772=CARTESIAN_POINT('Ctrl Pts',(17.6470269383427,-15.6217386595975,-23.));
#7773=CARTESIAN_POINT('Ctrl Pts',(20.0768113135351,-17.4963289071338,-20.));
#7774=CARTESIAN_POINT('Ctrl Pts',(20.0768113135343,-17.4963289071338,-23.));
#7775=CARTESIAN_POINT('Ctrl Pts',(17.4614021459505,-16.0075228237806,-23.));
#7776=CARTESIAN_POINT('Ctrl Pts',(19.5604678131732,-18.273541283323,-20.));
#7777=CARTESIAN_POINT('Ctrl Pts',(19.5604678131734,-18.273541283323,-23.));
#7778=CARTESIAN_POINT('Ctrl Pts',(17.1720182021969,-16.4435202696114,-23.));
#7779=CARTESIAN_POINT('Ctrl Pts',(18.9615000822642,-18.956235793651,-20.));
#7780=CARTESIAN_POINT('Ctrl Pts',(18.9615000822641,-18.9562357936509,-23.));
#7781=CARTESIAN_POINT('Ctrl Pts',(16.8330162329979,-16.8300439068716,-23.));
#7782=CARTESIAN_POINT('Ctrl Pts',(18.3891333281844,-19.459202577844,-20.));
#7783=CARTESIAN_POINT('Ctrl Pts',(18.3891333281844,-19.4592025778442,-23.));
#7784=CARTESIAN_POINT('Ctrl Pts',(16.508975138564,-17.1146909586885,-23.));
#7785=CARTESIAN_POINT('Ctrl Pts',(17.8859236365046,-19.8182256233373,-20.));
#7786=CARTESIAN_POINT('Ctrl Pts',(17.8859236365046,-19.818225623337,-23.));
#7787=CARTESIAN_POINT('Ctrl Pts',(16.2260510832766,-17.3165088337124,-23.));
#7788=CARTESIAN_POINT('Ctrl Pts',(17.363133698974,-20.1400897586968,-20.));
#7789=CARTESIAN_POINT('Ctrl Pts',(17.363133698974,-20.1400897586985,-23.));
#7790=CARTESIAN_POINT('Ctrl Pts',(15.9335886956454,-17.4965204121657,-23.));
#7791=CARTESIAN_POINT('Ctrl Pts',(16.6698191401913,-20.4758303355589,-20.));
#7792=CARTESIAN_POINT('Ctrl Pts',(16.6698191401913,-20.4758303355456,-23.));
#7793=CARTESIAN_POINT('Ctrl Pts',(15.548496403291,-17.6829598707602,-23.));
#7794=CARTESIAN_POINT('Ctrl Pts',(15.7849251461565,-20.761380727912,-20.));
#7795=CARTESIAN_POINT('Ctrl Pts',(15.7849251461565,-20.7613807279603,-23.));
#7796=CARTESIAN_POINT('Ctrl Pts',(15.0510025046634,-17.8441619747353,-23.));
#7797=CARTESIAN_POINT('Ctrl Pts',(14.9433740798826,-20.9179337893067,-20.));
#7798=CARTESIAN_POINT('Ctrl Pts',(14.9433740798826,-20.9179337891265,-23.));
#7799=CARTESIAN_POINT('Ctrl Pts',(14.5453690252927,-17.9397018747779,-23.));
#7800=CARTESIAN_POINT('Ctrl Pts',(14.1912035074759,-20.9835062666612,-20.));
#7801=CARTESIAN_POINT('Ctrl Pts',(14.1912035074759,-20.9835062673337,-23.));
#7802=CARTESIAN_POINT('Ctrl Pts',(14.0334044501708,-17.9858366005714,-23.));
#7803=CARTESIAN_POINT('Ctrl Pts',(13.5422353512985,-21.0002827945842,-20.));
#7804=CARTESIAN_POINT('Ctrl Pts',(13.5422353512986,-21.0002827920744,-23.));
#7805=CARTESIAN_POINT('Ctrl Pts',(13.5171442796018,-18.000095799328,-23.));
#7806=CARTESIAN_POINT('Ctrl Pts',(13.1723317258933,-21.,-20.));
#7807=CARTESIAN_POINT('Ctrl Pts',(13.1723317258932,-21.0000000054077,-23.));
#7808=CARTESIAN_POINT('Ctrl Pts',(13.1723317339278,-18.0000000054041,-23.));
#7809=CARTESIAN_POINT('Ctrl Pts',(13.,-21.,-20.));
#7810=CARTESIAN_POINT('Ctrl Pts',(13.,-21.,-23.));
#7811=CARTESIAN_POINT('Ctrl Pts',(13.,-18.,-23.));
#7812=CARTESIAN_POINT('Origin',(18.,-13.,-20.));
#7813=CARTESIAN_POINT('Origin',(18.9449510801086,18.,-20.));
#7814=CARTESIAN_POINT('Origin',(13.,18.,-20.));
#7815=CARTESIAN_POINT('Origin',(18.,18.9449510801086,-20.));
#7816=CARTESIAN_POINT('Origin',(18.,13.,-20.));
#7817=CARTESIAN_POINT('Ctrl Pts',(13.,21.,-20.));
#7818=CARTESIAN_POINT('Ctrl Pts',(13.,21.,-23.));
#7819=CARTESIAN_POINT('Ctrl Pts',(13.,18.,-23.));
#7820=CARTESIAN_POINT('Ctrl Pts',(13.1718335807422,21.,-20.));
#7821=CARTESIAN_POINT('Ctrl Pts',(13.1718335807418,21.0000000053891,-23.));
#7822=CARTESIAN_POINT('Ctrl Pts',(13.1718335887553,18.0000000053858,-23.));
#7823=CARTESIAN_POINT('Ctrl Pts',(13.5404308993505,21.0002897238055,-20.));
#7824=CARTESIAN_POINT('Ctrl Pts',(13.5404308993507,21.0002897213041,-23.));
#7825=CARTESIAN_POINT('Ctrl Pts',(13.5154868213763,18.0000983983025,-23.));
#7826=CARTESIAN_POINT('Ctrl Pts',(14.1865910752774,20.9836408078964,-20.));
#7827=CARTESIAN_POINT('Ctrl Pts',(14.1865910752773,20.9836408085677,-23.));
#7828=CARTESIAN_POINT('Ctrl Pts',(14.029925624712,17.9859638822444,-23.));
#7829=CARTESIAN_POINT('Ctrl Pts',(14.9369009492325,20.9189515529328,-20.));
#7830=CARTESIAN_POINT('Ctrl Pts',(14.9369009492326,20.9189515527489,-23.));
#7831=CARTESIAN_POINT('Ctrl Pts',(14.5413149953621,17.9403378090572,-23.));
#7832=CARTESIAN_POINT('Ctrl Pts',(15.6423753308615,20.7878395755161,-20.));
#7833=CARTESIAN_POINT('Ctrl Pts',(15.6423753308615,20.7878395755388,-23.));
#7834=CARTESIAN_POINT('Ctrl Pts',(14.9654555625494,17.86032982531,-23.));
#7835=CARTESIAN_POINT('Ctrl Pts',(16.2259971927017,20.6194762888911,-20.));
#7836=CARTESIAN_POINT('Ctrl Pts',(16.2259971927017,20.619476288887,-23.));
#7837=CARTESIAN_POINT('Ctrl Pts',(15.2989080368858,17.7640010612467,-23.));
#7838=CARTESIAN_POINT('Ctrl Pts',(16.8016472427607,20.4110617271973,-20.));
#7839=CARTESIAN_POINT('Ctrl Pts',(16.8016472427607,20.4110617271997,-23.));
#7840=CARTESIAN_POINT('Ctrl Pts',(15.6217386595975,17.6470269383427,-23.));
#7841=CARTESIAN_POINT('Ctrl Pts',(17.4963289071338,20.0768113135351,-20.));
#7842=CARTESIAN_POINT('Ctrl Pts',(17.4963289071338,20.0768113135343,-23.));
#7843=CARTESIAN_POINT('Ctrl Pts',(16.0075228237806,17.4614021459505,-23.));
#7844=CARTESIAN_POINT('Ctrl Pts',(18.273541283323,19.5604678131732,-20.));
#7845=CARTESIAN_POINT('Ctrl Pts',(18.273541283323,19.5604678131734,-23.));
#7846=CARTESIAN_POINT('Ctrl Pts',(16.4435202696114,17.1720182021969,-23.));
#7847=CARTESIAN_POINT('Ctrl Pts',(18.956235793651,18.9615000822642,-20.));
#7848=CARTESIAN_POINT('Ctrl Pts',(18.9562357936509,18.9615000822641,-23.));
#7849=CARTESIAN_POINT('Ctrl Pts',(16.8300439068716,16.8330162329979,-23.));
#7850=CARTESIAN_POINT('Ctrl Pts',(19.459202577844,18.3891333281844,-20.));
#7851=CARTESIAN_POINT('Ctrl Pts',(19.4592025778442,18.3891333281844,-23.));
#7852=CARTESIAN_POINT('Ctrl Pts',(17.1146909586885,16.508975138564,-23.));
#7853=CARTESIAN_POINT('Ctrl Pts',(19.8182256233373,17.8859236365046,-20.));
#7854=CARTESIAN_POINT('Ctrl Pts',(19.818225623337,17.8859236365046,-23.));
#7855=CARTESIAN_POINT('Ctrl Pts',(17.3165088337124,16.2260510832766,-23.));
#7856=CARTESIAN_POINT('Ctrl Pts',(20.1400897586968,17.363133698974,-20.));
#7857=CARTESIAN_POINT('Ctrl Pts',(20.1400897586985,17.363133698974,-23.));
#7858=CARTESIAN_POINT('Ctrl Pts',(17.4965204121657,15.9335886956454,-23.));
#7859=CARTESIAN_POINT('Ctrl Pts',(20.4758303355589,16.6698191401913,-20.));
#7860=CARTESIAN_POINT('Ctrl Pts',(20.4758303355456,16.6698191401913,-23.));
#7861=CARTESIAN_POINT('Ctrl Pts',(17.6829598707602,15.548496403291,-23.));
#7862=CARTESIAN_POINT('Ctrl Pts',(20.761380727912,15.7849251461565,-20.));
#7863=CARTESIAN_POINT('Ctrl Pts',(20.7613807279603,15.7849251461565,-23.));
#7864=CARTESIAN_POINT('Ctrl Pts',(17.8441619747353,15.0510025046634,-23.));
#7865=CARTESIAN_POINT('Ctrl Pts',(20.9179337893067,14.9433740798826,-20.));
#7866=CARTESIAN_POINT('Ctrl Pts',(20.9179337891265,14.9433740798826,-23.));
#7867=CARTESIAN_POINT('Ctrl Pts',(17.9397018747779,14.5453690252927,-23.));
#7868=CARTESIAN_POINT('Ctrl Pts',(20.9835062666612,14.1912035074759,-20.));
#7869=CARTESIAN_POINT('Ctrl Pts',(20.9835062673337,14.1912035074759,-23.));
#7870=CARTESIAN_POINT('Ctrl Pts',(17.9858366005714,14.0334044501708,-23.));
#7871=CARTESIAN_POINT('Ctrl Pts',(21.0002827945842,13.5422353512985,-20.));
#7872=CARTESIAN_POINT('Ctrl Pts',(21.0002827920744,13.5422353512986,-23.));
#7873=CARTESIAN_POINT('Ctrl Pts',(18.000095799328,13.5171442796018,-23.));
#7874=CARTESIAN_POINT('Ctrl Pts',(21.,13.1723317258933,-20.));
#7875=CARTESIAN_POINT('Ctrl Pts',(21.0000000054077,13.1723317258932,-23.));
#7876=CARTESIAN_POINT('Ctrl Pts',(18.0000000054041,13.1723317339278,-23.));
#7877=CARTESIAN_POINT('Ctrl Pts',(21.,13.,-20.));
#7878=CARTESIAN_POINT('Ctrl Pts',(21.,13.,-23.));
#7879=CARTESIAN_POINT('Ctrl Pts',(18.,13.,-23.));
#7880=CARTESIAN_POINT('Origin',(19.7,4.9593145750507,-15.27));
#7881=CARTESIAN_POINT('',(19.7,5.46286796564396,-15.387867965644));
#7882=CARTESIAN_POINT('',(19.7,5.250735931288,-15.3));
#7883=CARTESIAN_POINT('Origin',(19.7,5.250735931288,-15.6));
#7884=CARTESIAN_POINT('',(19.7,6.03713203435596,-15.962132034356));
#7885=CARTESIAN_POINT('',(19.7,6.03713203435596,-15.962132034356));
#7886=CARTESIAN_POINT('',(19.7,6.125,-16.174264068712));
#7887=CARTESIAN_POINT('Origin',(19.7,5.825,-16.174264068712));
#7888=CARTESIAN_POINT('',(19.7,6.125,-16.85));
#7889=CARTESIAN_POINT('',(19.7,6.125,-16.85));
#7890=CARTESIAN_POINT('',(19.7,5.825,-17.15));
#7891=CARTESIAN_POINT('Origin',(19.7,5.825,-16.85));
#7892=CARTESIAN_POINT('',(19.7,-5.825,-17.15));
#7893=CARTESIAN_POINT('',(19.7,-5.825,-17.15));
#7894=CARTESIAN_POINT('',(19.7,-6.125,-16.85));
#7895=CARTESIAN_POINT('Origin',(19.7,-5.825,-16.85));
#7896=CARTESIAN_POINT('',(19.7,-6.125,-15.6));
#7897=CARTESIAN_POINT('',(19.7,-6.125,-15.6));
#7898=CARTESIAN_POINT('',(19.7,-5.825,-15.3));
#7899=CARTESIAN_POINT('Origin',(19.7,-5.825,-15.6));
#7900=CARTESIAN_POINT('',(19.7,-2.145,-15.3));
#7901=CARTESIAN_POINT('',(19.7,-2.145,-15.3));
#7902=CARTESIAN_POINT('',(19.7,-1.845,-15.6));
#7903=CARTESIAN_POINT('Origin',(19.7,-2.145,-15.6));
#7904=CARTESIAN_POINT('',(19.7,-1.845,-16.09));
#7905=CARTESIAN_POINT('',(19.7,-1.845,-16.09));
#7906=CARTESIAN_POINT('',(19.7,-1.395,-16.54));
#7907=CARTESIAN_POINT('Origin',(19.7,-1.395,-16.09));
#7908=CARTESIAN_POINT('',(19.7,-1.36976046458062,-16.54));
#7909=CARTESIAN_POINT('',(19.7,-1.36976046458062,-16.54));
#7910=CARTESIAN_POINT('',(19.7,-1.03956816127244,-16.3957336141743));
#7911=CARTESIAN_POINT('Origin',(19.7,-1.36976046458062,-16.09));
#7912=CARTESIAN_POINT('',(19.7,-0.114053324584008,-15.3961775905508));
#7913=CARTESIAN_POINT('',(19.7,-0.114053324583938,-15.3961775905509));
#7914=CARTESIAN_POINT('',(19.7,0.1060748776216,-15.3));
#7915=CARTESIAN_POINT('Origin',(19.7,0.1060748776216,-15.6));
#7916=CARTESIAN_POINT('',(19.7,5.250735931288,-15.3));
#7917=CARTESIAN_POINT('Origin',(15.78,5.250735931288,-15.6));
#7918=CARTESIAN_POINT('',(15.78,5.250735931288,-15.3));
#7919=CARTESIAN_POINT('',(15.78,5.250735931288,-15.3));
#7920=CARTESIAN_POINT('',(15.78,5.46286796564396,-15.387867965644));
#7921=CARTESIAN_POINT('Origin',(15.78,5.250735931288,-15.6));
#7922=CARTESIAN_POINT('',(15.78,5.46286796564396,-15.387867965644));
#7923=CARTESIAN_POINT('Origin',(15.78,6.03713203435596,-15.962132034356));
#7924=CARTESIAN_POINT('',(15.78,6.03713203435596,-15.962132034356));
#7925=CARTESIAN_POINT('',(15.78,6.03713203435596,-15.962132034356));
#7926=CARTESIAN_POINT('',(15.78,6.03713203435596,-15.962132034356));
#7927=CARTESIAN_POINT('Origin',(15.78,5.825,-16.174264068712));
#7928=CARTESIAN_POINT('',(15.78,6.125,-16.174264068712));
#7929=CARTESIAN_POINT('Origin',(15.78,5.825,-16.174264068712));
#7930=CARTESIAN_POINT('',(15.78,6.125,-16.174264068712));
#7931=CARTESIAN_POINT('Origin',(15.78,6.125,-16.85));
#7932=CARTESIAN_POINT('',(15.78,6.125,-16.85));
#7933=CARTESIAN_POINT('',(15.78,6.125,-16.85));
#7934=CARTESIAN_POINT('',(15.78,6.125,-16.85));
#7935=CARTESIAN_POINT('Origin',(15.78,5.825,-16.85));
#7936=CARTESIAN_POINT('',(15.78,5.825,-17.15));
#7937=CARTESIAN_POINT('Origin',(15.78,5.825,-16.85));
#7938=CARTESIAN_POINT('',(15.78,5.825,-17.15));
#7939=CARTESIAN_POINT('Origin',(15.78,5.825,-17.15));
#7940=CARTESIAN_POINT('',(15.78,-5.825,-17.15));
#7941=CARTESIAN_POINT('',(15.78,-5.825,-17.15));
#7942=CARTESIAN_POINT('',(15.78,-5.825,-17.15));
#7943=CARTESIAN_POINT('Origin',(15.78,-5.825,-16.85));
#7944=CARTESIAN_POINT('',(15.78,-6.125,-16.85));
#7945=CARTESIAN_POINT('Origin',(15.78,-5.825,-16.85));
#7946=CARTESIAN_POINT('',(15.78,-6.125,-16.85));
#7947=CARTESIAN_POINT('Origin',(15.78,-6.125,-15.6));
#7948=CARTESIAN_POINT('',(15.78,-6.125,-15.6));
#7949=CARTESIAN_POINT('',(15.78,-6.125,-15.6));
#7950=CARTESIAN_POINT('',(15.78,-6.125,-15.6));
#7951=CARTESIAN_POINT('Origin',(15.78,-5.825,-15.6));
#7952=CARTESIAN_POINT('',(15.78,-5.825,-15.3));
#7953=CARTESIAN_POINT('Origin',(15.78,-5.825,-15.6));
#7954=CARTESIAN_POINT('',(15.78,-5.825,-15.3));
#7955=CARTESIAN_POINT('Origin',(15.78,-5.825,-15.3));
#7956=CARTESIAN_POINT('',(15.78,-2.145,-15.3));
#7957=CARTESIAN_POINT('',(15.78,-2.145,-15.3));
#7958=CARTESIAN_POINT('',(15.78,-2.145,-15.3));
#7959=CARTESIAN_POINT('Origin',(15.78,-2.145,-15.6));
#7960=CARTESIAN_POINT('',(15.78,-1.845,-15.6));
#7961=CARTESIAN_POINT('Origin',(15.78,-2.145,-15.6));
#7962=CARTESIAN_POINT('',(15.78,-1.845,-15.6));
#7963=CARTESIAN_POINT('Origin',(15.78,-1.845,-16.09));
#7964=CARTESIAN_POINT('',(15.78,-1.845,-16.09));
#7965=CARTESIAN_POINT('',(15.78,-1.845,-16.09));
#7966=CARTESIAN_POINT('',(15.78,-1.845,-16.09));
#7967=CARTESIAN_POINT('Origin',(15.78,-1.395,-16.09));
#7968=CARTESIAN_POINT('',(15.78,-1.395,-16.54));
#7969=CARTESIAN_POINT('Origin',(15.78,-1.395,-16.09));
#7970=CARTESIAN_POINT('',(15.78,-1.395,-16.54));
#7971=CARTESIAN_POINT('Origin',(15.78,-1.395,-16.54));
#7972=CARTESIAN_POINT('',(15.78,-1.36976046458062,-16.54));
#7973=CARTESIAN_POINT('',(15.78,-1.36976046458062,-16.54));
#7974=CARTESIAN_POINT('',(15.78,-1.36976046458062,-16.54));
#7975=CARTESIAN_POINT('Origin',(15.78,-1.36976046458062,-16.09));
#7976=CARTESIAN_POINT('',(15.78,-1.03956816127244,-16.3957336141743));
#7977=CARTESIAN_POINT('Origin',(15.78,-1.36976046458062,-16.09));
#7978=CARTESIAN_POINT('',(15.78,-1.03956816127244,-16.3957336141743));
#7979=CARTESIAN_POINT('Origin',(15.78,-1.03956816127244,-16.3957336141743));
#7980=CARTESIAN_POINT('',(15.78,-0.114053324584008,-15.3961775905508));
#7981=CARTESIAN_POINT('',(15.78,-0.114053324583935,-15.3961775905509));
#7982=CARTESIAN_POINT('',(15.78,-0.114053324584008,-15.3961775905508));
#7983=CARTESIAN_POINT('Origin',(15.78,0.1060748776216,-15.6));
#7984=CARTESIAN_POINT('',(15.78,0.1060748776216,-15.3));
#7985=CARTESIAN_POINT('Origin',(15.78,0.1060748776216,-15.6));
#7986=CARTESIAN_POINT('',(15.78,0.1060748776216,-15.3));
#7987=CARTESIAN_POINT('Origin',(15.78,0.1060748776216,-15.3));
#7988=CARTESIAN_POINT('',(15.78,5.250735931288,-15.3));
#7989=CARTESIAN_POINT('Origin',(15.78,5.250735931288,-15.6));
#7990=CARTESIAN_POINT('Ctrl Pts',(13.,-19.93,-0.87));
#7991=CARTESIAN_POINT('Ctrl Pts',(13.,-19.93,0.581520000001381));
#7992=CARTESIAN_POINT('Ctrl Pts',(13.4694478834967,-19.93,-0.87));
#7993=CARTESIAN_POINT('Ctrl Pts',(13.4694478834967,-19.93,0.581520000001381));
#7994=CARTESIAN_POINT('Ctrl Pts',(14.1737264501672,-19.9280163303704,-0.87));
#7995=CARTESIAN_POINT('Ctrl Pts',(14.1737264501672,-19.9280163303704,0.581520000001381));
#7996=CARTESIAN_POINT('Ctrl Pts',(15.0984231926098,-19.8090777464157,-0.87));
#7997=CARTESIAN_POINT('Ctrl Pts',(15.0984231926098,-19.8090777464157,0.581520000001381));
#7998=CARTESIAN_POINT('Ctrl Pts',(15.7869365194666,-19.6457844925865,-0.87));
#7999=CARTESIAN_POINT('Ctrl Pts',(15.7869365194666,-19.6457844925865,0.581520000001381));
#8000=CARTESIAN_POINT('Ctrl Pts',(16.4535071981255,-19.3981792440205,-0.87));
#8001=CARTESIAN_POINT('Ctrl Pts',(16.4535071981255,-19.3981792440205,0.581520000001381));
#8002=CARTESIAN_POINT('Ctrl Pts',(17.2856828023098,-18.9667085900054,-0.87));
#8003=CARTESIAN_POINT('Ctrl Pts',(17.2856828023098,-18.9667085900054,0.581520000001381));
#8004=CARTESIAN_POINT('Ctrl Pts',(18.0399592467896,-18.3764719937738,-0.87));
#8005=CARTESIAN_POINT('Ctrl Pts',(18.0399592467896,-18.3764719937738,0.581520000001381));
#8006=CARTESIAN_POINT('Ctrl Pts',(18.6614263151367,-17.6767899962386,-0.87));
#8007=CARTESIAN_POINT('Ctrl Pts',(18.6614263151367,-17.6767899962386,0.581520000001381));
#8008=CARTESIAN_POINT('Ctrl Pts',(19.2037473226121,-16.8919390611761,-0.87));
#8009=CARTESIAN_POINT('Ctrl Pts',(19.2037473226121,-16.8919390611761,0.581520000001381));
#8010=CARTESIAN_POINT('Ctrl Pts',(19.5844776155948,-16.0356037810128,-0.87));
#8011=CARTESIAN_POINT('Ctrl Pts',(19.5844776155948,-16.0356037810128,0.581520000001381));
#8012=CARTESIAN_POINT('Ctrl Pts',(19.8078838884432,-15.1089800996434,-0.87));
#8013=CARTESIAN_POINT('Ctrl Pts',(19.8078838884432,-15.1089800996434,0.581520000001381));
#8014=CARTESIAN_POINT('Ctrl Pts',(19.9277563448723,-14.1782766386665,-0.87));
#8015=CARTESIAN_POINT('Ctrl Pts',(19.9277563448723,-14.1782766386665,0.581520000001381));
#8016=CARTESIAN_POINT('Ctrl Pts',(19.93,-13.4712353617578,-0.87));
#8017=CARTESIAN_POINT('Ctrl Pts',(19.93,-13.4712353617578,0.581520000001381));
#8018=CARTESIAN_POINT('Ctrl Pts',(19.93,-13.,-0.87));
#8019=CARTESIAN_POINT('Ctrl Pts',(19.93,-13.,0.581520000001381));
#8020=CARTESIAN_POINT('',(19.93,-13.,-0.170000000000003));
#8021=CARTESIAN_POINT('',(19.93,-13.,-0.87));
#8022=CARTESIAN_POINT('',(13.,-19.93,-0.169999999999334));
#8023=CARTESIAN_POINT('Ctrl Pts',(19.93,-13.,-0.170000000000003));
#8024=CARTESIAN_POINT('Ctrl Pts',(19.9299974979801,-13.2315783426107,-0.170000000000003));
#8025=CARTESIAN_POINT('Ctrl Pts',(19.9297223638806,-13.4637804189941,-0.170000000000003));
#8026=CARTESIAN_POINT('Ctrl Pts',(19.9219462913656,-13.8122790701293,-0.170000000000003));
#8027=CARTESIAN_POINT('Ctrl Pts',(19.9181253196865,-13.9284783540988,-0.170000000000003));
#8028=CARTESIAN_POINT('Ctrl Pts',(19.9068446409226,-14.1608164016391,-0.170000000000003));
#8029=CARTESIAN_POINT('Ctrl Pts',(19.8993866496059,-14.2769645926997,-0.170000000000004));
#8030=CARTESIAN_POINT('Ctrl Pts',(19.8845691117322,-14.4510157141784,-0.170000000000003));
#8031=CARTESIAN_POINT('Ctrl Pts',(19.8790386365239,-14.5089775682577,-0.170000000000004));
#8032=CARTESIAN_POINT('Ctrl Pts',(19.8667038686308,-14.624829883355,-0.170000000000003));
#8033=CARTESIAN_POINT('Ctrl Pts',(19.859899053352,-14.6827093402567,-0.170000000000003));
#8034=CARTESIAN_POINT('Ctrl Pts',(19.8449203469134,-14.7983713652943,-0.170000000000003));
#8035=CARTESIAN_POINT('Ctrl Pts',(19.8367464463656,-14.8561525441102,-0.170000000000003));
#8036=CARTESIAN_POINT('Ctrl Pts',(19.8189355247259,-14.9716028500847,-0.170000000000004));
#8037=CARTESIAN_POINT('Ctrl Pts',(19.8092977643773,-15.0292688680566,-0.170000000000004));
#8038=CARTESIAN_POINT('Ctrl Pts',(19.7884683453241,-15.1444883266815,-0.170000000000003));
#8039=CARTESIAN_POINT('Ctrl Pts',(19.7772589484235,-15.2020474410203,-0.170000000000003));
#8040=CARTESIAN_POINT('Ctrl Pts',(19.7532220316845,-15.3169660102214,-0.170000000000004));
#8041=CARTESIAN_POINT('Ctrl Pts',(19.7403941223542,-15.3743473688422,-0.170000000000003));
#8042=CARTESIAN_POINT('Ctrl Pts',(19.7130670883575,-15.4889449907547,-0.170000000000004));
#8043=CARTESIAN_POINT('Ctrl Pts',(19.6985679641514,-15.5461635495409,-0.170000000000003));
#8044=CARTESIAN_POINT('Ctrl Pts',(19.667819160935,-15.660442444871,-0.170000000000004));
#8045=CARTESIAN_POINT('Ctrl Pts',(19.6515699856828,-15.7175037594252,-0.170000000000004));
#8046=CARTESIAN_POINT('Ctrl Pts',(19.6258010354262,-15.802974173749,-0.170000000000004));
#8047=CARTESIAN_POINT('Ctrl Pts',(19.6169773809318,-15.8314489877868,-0.170000000000004));
#8048=CARTESIAN_POINT('Ctrl Pts',(19.5988967093751,-15.8882684083738,-0.170000000000003));
#8049=CARTESIAN_POINT('Ctrl Pts',(19.5896546576544,-15.9165612710688,-0.170000000000003));
#8050=CARTESIAN_POINT('Ctrl Pts',(19.5707562286361,-15.9729525600878,-0.170000000000003));
#8051=CARTESIAN_POINT('Ctrl Pts',(19.5611017408575,-16.0010444185681,-0.170000000000003));
#8052=CARTESIAN_POINT('Ctrl Pts',(19.5413826853587,-16.0570204159623,-0.170000000000003));
#8053=CARTESIAN_POINT('Ctrl Pts',(19.5313181176958,-16.0849045547535,-0.170000000000003));
#8054=CARTESIAN_POINT('Ctrl Pts',(19.5005100292344,-16.1682451730272,-0.170000000000004));
#8055=CARTESIAN_POINT('Ctrl Pts',(19.4791521120614,-16.2233898512393,-0.170000000000003));
#8056=CARTESIAN_POINT('Ctrl Pts',(19.4348020943881,-16.3328466159109,-0.170000000000003));
#8057=CARTESIAN_POINT('Ctrl Pts',(19.4118099960212,-16.387158698716,-0.170000000000003));
#8058=CARTESIAN_POINT('Ctrl Pts',(19.3403892767179,-16.5488445158947,-0.170000000000003));
#8059=CARTESIAN_POINT('Ctrl Pts',(19.2895160821212,-16.6549677030747,-0.170000000000003));
#8060=CARTESIAN_POINT('Ctrl Pts',(19.2083478464998,-16.8116466539184,-0.170000000000003));
#8061=CARTESIAN_POINT('Ctrl Pts',(19.1804820728536,-16.8634553471719,-0.170000000000003));
#8062=CARTESIAN_POINT('Ctrl Pts',(19.1231367279583,-16.9662370055023,-0.170000000000003));
#8063=CARTESIAN_POINT('Ctrl Pts',(19.093658483261,-17.0172053734163,-0.170000000000003));
#8064=CARTESIAN_POINT('Ctrl Pts',(19.0330887805479,-17.1183245054104,-0.170000000000003));
#8065=CARTESIAN_POINT('Ctrl Pts',(19.001973797056,-17.1684793992969,-0.170000000000003));
#8066=CARTESIAN_POINT('Ctrl Pts',(18.93814244192,-17.267909278911,-0.170000000000003));
#8067=CARTESIAN_POINT('Ctrl Pts',(18.9054178488741,-17.3172034018669,-0.170000000000003));
#8068=CARTESIAN_POINT('Ctrl Pts',(18.8383504986156,-17.4149504554914,-0.170000000000003));
#8069=CARTESIAN_POINT('Ctrl Pts',(18.8040044829424,-17.4634078225464,-0.170000000000003));
#8070=CARTESIAN_POINT('Ctrl Pts',(18.7512546034006,-17.5354561397642,-0.170000000000003));
#8071=CARTESIAN_POINT('Ctrl Pts',(18.7334519345119,-17.5593834707323,-0.170000000000003));
#8072=CARTESIAN_POINT('Ctrl Pts',(18.6974834847599,-17.6069525190819,-0.170000000000003));
#8073=CARTESIAN_POINT('Ctrl Pts',(18.6793444338986,-17.6305599804411,-0.170000000000003));
#8074=CARTESIAN_POINT('Ctrl Pts',(18.642732179412,-17.6774483955625,-0.170000000000003));
#8075=CARTESIAN_POINT('Ctrl Pts',(18.6242759233857,-17.7007121781365,-0.170000000000003));
#8076=CARTESIAN_POINT('Ctrl Pts',(18.587040839776,-17.7469212864495,-0.170000000000003));
#8077=CARTESIAN_POINT('Ctrl Pts',(18.5682671639699,-17.7698578934785,-0.170000000000003));
#8078=CARTESIAN_POINT('Ctrl Pts',(18.5114721389177,-17.8381783994251,-0.170000000000003));
#8079=CARTESIAN_POINT('Ctrl Pts',(18.4729827426762,-17.8830638587522,-0.170000000000003));
#8080=CARTESIAN_POINT('Ctrl Pts',(18.394762019447,-17.9715271268033,-0.170000000000003));
#8081=CARTESIAN_POINT('Ctrl Pts',(18.3550312777179,-18.0151040581282,-0.170000000000003));
#8082=CARTESIAN_POINT('Ctrl Pts',(18.2743427629661,-18.1009588374134,-0.17));
#8083=CARTESIAN_POINT('Ctrl Pts',(18.23338947067,-18.1432302360976,-0.17));
#8084=CARTESIAN_POINT('Ctrl Pts',(18.171036145884,-18.2056902264265,-0.170000000000004));
#8085=CARTESIAN_POINT('Ctrl Pts',(18.150085063841,-18.2263570969173,-0.17));
#8086=CARTESIAN_POINT('Ctrl Pts',(18.1078860567855,-18.2673476857477,-0.170000000000004));
#8087=CARTESIAN_POINT('Ctrl Pts',(18.0866301503035,-18.2876806975027,-0.170000000000003));
#8088=CARTESIAN_POINT('Ctrl Pts',(18.0224083878783,-18.34818322124,-0.170000000000003));
#8089=CARTESIAN_POINT('Ctrl Pts',(17.9789800457643,-18.3878661245202,-0.170000000000003));
#8090=CARTESIAN_POINT('Ctrl Pts',(17.8468733364369,-18.504970201152,-0.17));
#8091=CARTESIAN_POINT('Ctrl Pts',(17.7563708011243,-18.580459099332,-0.170000000000003));
#8092=CARTESIAN_POINT('Ctrl Pts',(17.6169268071763,-18.6898125028398,-0.170000000000003));
#8093=CARTESIAN_POINT('Ctrl Pts',(17.5698292257594,-18.7256160411,-0.170000000000003));
#8094=CARTESIAN_POINT('Ctrl Pts',(17.4743787433482,-18.7959110899066,-0.170000000000003));
#8095=CARTESIAN_POINT('Ctrl Pts',(17.4260232604965,-18.8304040240685,-0.170000000000003));
#8096=CARTESIAN_POINT('Ctrl Pts',(17.3525318155373,-18.8811348118455,-0.170000000000003));
#8097=CARTESIAN_POINT('Ctrl Pts',(17.3278548287869,-18.8978895422913,-0.170000000000003));
#8098=CARTESIAN_POINT('Ctrl Pts',(17.2782628209807,-18.9310002935448,-0.170000000000003));
#8099=CARTESIAN_POINT('Ctrl Pts',(17.2533778754054,-18.9473366923417,-0.170000000000003));
#8100=CARTESIAN_POINT('Ctrl Pts',(17.2034039780702,-18.9795883970145,-0.170000000000003));
#8101=CARTESIAN_POINT('Ctrl Pts',(17.178319269935,-18.9955009079114,-0.170000000000003));
#8102=CARTESIAN_POINT('Ctrl Pts',(17.1279532905193,-19.0268985037217,-0.170000000000003));
#8103=CARTESIAN_POINT('Ctrl Pts',(17.1026699780502,-19.0423850466495,-0.170000000000003));
#8104=CARTESIAN_POINT('Ctrl Pts',(17.0265353006735,-19.0881924226596,-0.170000000000003));
#8105=CARTESIAN_POINT('Ctrl Pts',(16.9754236624424,-19.1178672459498,-0.170000000000003));
#8106=CARTESIAN_POINT('Ctrl Pts',(16.8724249190814,-19.1755547801714,-0.170000000000003));
#8107=CARTESIAN_POINT('Ctrl Pts',(16.8205513132144,-19.2035580256717,-0.170000000000003));
#8108=CARTESIAN_POINT('Ctrl Pts',(16.6638096335653,-19.2850674546802,-0.170000000000003));
#8109=CARTESIAN_POINT('Ctrl Pts',(16.5578263020887,-19.3360711604058,-0.170000000000003));
#8110=CARTESIAN_POINT('Ctrl Pts',(16.3429153755892,-19.4314634431576,-0.170000000000003));
#8111=CARTESIAN_POINT('Ctrl Pts',(16.2339881835943,-19.4758516725037,-0.170000000000003));
#8112=CARTESIAN_POINT('Ctrl Pts',(16.068402865684,-19.5374829459456,-0.170000000000003));
#8113=CARTESIAN_POINT('Ctrl Pts',(16.0128418718762,-19.5572012344873,-0.170000000000003));
#8114=CARTESIAN_POINT('Ctrl Pts',(15.9009885460462,-19.5949849135531,-0.170000000000003));
#8115=CARTESIAN_POINT('Ctrl Pts',(15.8446991640919,-19.6130492008736,-0.170000000000003));
#8116=CARTESIAN_POINT('Ctrl Pts',(15.7313765893127,-19.6475249383379,-0.170000000000003));
#8117=CARTESIAN_POINT('Ctrl Pts',(15.6743403086222,-19.6639289481656,-0.170000000000003));
#8118=CARTESIAN_POINT('Ctrl Pts',(15.5882836890699,-19.6872914573788,-0.170000000000003));
#8119=CARTESIAN_POINT('Ctrl Pts',(15.5595012226951,-19.6948747751805,-0.170000000000003));
#8120=CARTESIAN_POINT('Ctrl Pts',(15.5017790326307,-19.7096289254123,-0.170000000000003));
#8121=CARTESIAN_POINT('Ctrl Pts',(15.4729061883835,-19.7167826092301,-0.170000000000003));
#8122=CARTESIAN_POINT('Ctrl Pts',(15.4151262224938,-19.7306571357834,-0.170000000000003));
#8123=CARTESIAN_POINT('Ctrl Pts',(15.3862211391552,-19.7373774599845,-0.170000000000003));
#8124=CARTESIAN_POINT('Ctrl Pts',(15.3283821828261,-19.7503950429503,-0.170000000000003));
#8125=CARTESIAN_POINT('Ctrl Pts',(15.2994483097105,-19.7566923019483,-0.170000000000003));
#8126=CARTESIAN_POINT('Ctrl Pts',(15.2126055636341,-19.7749656704087,-0.170000000000003));
#8127=CARTESIAN_POINT('Ctrl Pts',(15.1546555790538,-19.7863233876681,-0.170000000000003));
#8128=CARTESIAN_POINT('Ctrl Pts',(14.9806569355013,-19.8180520191081,-0.170000000000003));
#8129=CARTESIAN_POINT('Ctrl Pts',(14.8644599061152,-19.8360787211712,-0.170000000000003));
#8130=CARTESIAN_POINT('Ctrl Pts',(14.6317463017894,-19.8665632827468,-0.170000000000003));
#8131=CARTESIAN_POINT('Ctrl Pts',(14.5152314305845,-19.8790216385021,-0.170000000000003));
#8132=CARTESIAN_POINT('Ctrl Pts',(14.1653000901973,-19.909050701692,-0.170000000000004));
#8133=CARTESIAN_POINT('Ctrl Pts',(13.9318243632898,-19.9192392823111,-0.170000000000004));
#8134=CARTESIAN_POINT('Ctrl Pts',(13.4653631652813,-19.9297161378814,-0.170000000000004));
#8135=CARTESIAN_POINT('Ctrl Pts',(13.2323666994197,-19.9299967811082,-0.170000000000003));
#8136=CARTESIAN_POINT('Ctrl Pts',(13.,-19.93,-0.170000000000003));
#8137=CARTESIAN_POINT('',(13.,-19.93,-0.87));
#8138=CARTESIAN_POINT('Origin',(-13.,-19.93,-2.07));
#8139=CARTESIAN_POINT('',(-13.,-19.93,-0.170000000000003));
#8140=CARTESIAN_POINT('',(13.,-19.93,-0.170000000000003));
#8141=CARTESIAN_POINT('',(-13.,-19.93,-0.87));
#8142=CARTESIAN_POINT('Ctrl Pts',(-19.93,-13.,-0.87));
#8143=CARTESIAN_POINT('Ctrl Pts',(-19.93,-13.,0.581520000073037));
#8144=CARTESIAN_POINT('Ctrl Pts',(-19.93,-13.4694478834967,-0.87));
#8145=CARTESIAN_POINT('Ctrl Pts',(-19.93,-13.4694478834967,0.581520000073037));
#8146=CARTESIAN_POINT('Ctrl Pts',(-19.9280163303704,-14.1737264501672,-0.87));
#8147=CARTESIAN_POINT('Ctrl Pts',(-19.9280163303704,-14.1737264501672,0.581520000073037));
#8148=CARTESIAN_POINT('Ctrl Pts',(-19.8090777464157,-15.0984231926097,-0.87));
#8149=CARTESIAN_POINT('Ctrl Pts',(-19.8090777464157,-15.0984231926097,0.581520000073037));
#8150=CARTESIAN_POINT('Ctrl Pts',(-19.6457844925865,-15.7869365194666,-0.87));
#8151=CARTESIAN_POINT('Ctrl Pts',(-19.6457844925865,-15.7869365194666,0.581520000073037));
#8152=CARTESIAN_POINT('Ctrl Pts',(-19.3981792440206,-16.4535071981255,-0.87));
#8153=CARTESIAN_POINT('Ctrl Pts',(-19.3981792440206,-16.4535071981255,0.581520000073037));
#8154=CARTESIAN_POINT('Ctrl Pts',(-18.9667085900054,-17.2856828023097,-0.87));
#8155=CARTESIAN_POINT('Ctrl Pts',(-18.9667085900054,-17.2856828023097,0.581520000073037));
#8156=CARTESIAN_POINT('Ctrl Pts',(-18.3764719937739,-18.0399592467895,-0.87));
#8157=CARTESIAN_POINT('Ctrl Pts',(-18.3764719937739,-18.0399592467895,0.581520000073037));
#8158=CARTESIAN_POINT('Ctrl Pts',(-17.6767899962387,-18.6614263151367,-0.87));
#8159=CARTESIAN_POINT('Ctrl Pts',(-17.6767899962387,-18.6614263151367,0.581520000073037));
#8160=CARTESIAN_POINT('Ctrl Pts',(-16.8919390611762,-19.203747322612,-0.87));
#8161=CARTESIAN_POINT('Ctrl Pts',(-16.8919390611762,-19.203747322612,0.581520000073037));
#8162=CARTESIAN_POINT('Ctrl Pts',(-16.0356037810129,-19.5844776155948,-0.87));
#8163=CARTESIAN_POINT('Ctrl Pts',(-16.0356037810129,-19.5844776155948,0.581520000073037));
#8164=CARTESIAN_POINT('Ctrl Pts',(-15.1089800996434,-19.8078838884433,-0.87));
#8165=CARTESIAN_POINT('Ctrl Pts',(-15.1089800996434,-19.8078838884433,0.581520000073037));
#8166=CARTESIAN_POINT('Ctrl Pts',(-14.1782766386666,-19.9277563448723,-0.87));
#8167=CARTESIAN_POINT('Ctrl Pts',(-14.1782766386666,-19.9277563448723,0.581520000073037));
#8168=CARTESIAN_POINT('Ctrl Pts',(-13.4712353617578,-19.93,-0.87));
#8169=CARTESIAN_POINT('Ctrl Pts',(-13.4712353617578,-19.93,0.581520000073037));
#8170=CARTESIAN_POINT('Ctrl Pts',(-13.,-19.93,-0.87));
#8171=CARTESIAN_POINT('Ctrl Pts',(-13.,-19.93,0.581520000073037));
#8172=CARTESIAN_POINT('',(-19.93,-13.,-0.169999999964778));
#8173=CARTESIAN_POINT('Ctrl Pts',(-13.,-19.93,-0.170000000000003));
#8174=CARTESIAN_POINT('Ctrl Pts',(-13.2315783426107,-19.9299974979801,-0.170000000000003));
#8175=CARTESIAN_POINT('Ctrl Pts',(-13.4637804189942,-19.9297223638806,-0.170000000000003));
#8176=CARTESIAN_POINT('Ctrl Pts',(-13.8122790701293,-19.9219462913656,-0.170000000000003));
#8177=CARTESIAN_POINT('Ctrl Pts',(-13.9284783540987,-19.9181253196865,-0.170000000000003));
#8178=CARTESIAN_POINT('Ctrl Pts',(-14.1608164016391,-19.9068446409226,-0.170000000000003));
#8179=CARTESIAN_POINT('Ctrl Pts',(-14.2769645926997,-19.8993866496059,-0.170000000000003));
#8180=CARTESIAN_POINT('Ctrl Pts',(-14.4510157141784,-19.8845691117322,-0.170000000000003));
#8181=CARTESIAN_POINT('Ctrl Pts',(-14.5089775682577,-19.8790386365239,-0.170000000000004));
#8182=CARTESIAN_POINT('Ctrl Pts',(-14.6248298833549,-19.8667038686308,-0.170000000000003));
#8183=CARTESIAN_POINT('Ctrl Pts',(-14.6827093402567,-19.8598990533521,-0.170000000000003));
#8184=CARTESIAN_POINT('Ctrl Pts',(-14.7983713652943,-19.8449203469135,-0.170000000000003));
#8185=CARTESIAN_POINT('Ctrl Pts',(-14.8561525441102,-19.8367464463656,-0.170000000000003));
#8186=CARTESIAN_POINT('Ctrl Pts',(-14.9716028500846,-19.818935524726,-0.170000000000003));
#8187=CARTESIAN_POINT('Ctrl Pts',(-15.0292688680566,-19.8092977643774,-0.170000000000003));
#8188=CARTESIAN_POINT('Ctrl Pts',(-15.1444883266815,-19.7884683453241,-0.170000000000003));
#8189=CARTESIAN_POINT('Ctrl Pts',(-15.2020474410202,-19.7772589484235,-0.170000000000003));
#8190=CARTESIAN_POINT('Ctrl Pts',(-15.3169660102213,-19.7532220316846,-0.170000000000003));
#8191=CARTESIAN_POINT('Ctrl Pts',(-15.3743473688421,-19.7403941223542,-0.170000000000003));
#8192=CARTESIAN_POINT('Ctrl Pts',(-15.4889449907546,-19.7130670883576,-0.170000000000003));
#8193=CARTESIAN_POINT('Ctrl Pts',(-15.5461635495408,-19.6985679641515,-0.170000000000003));
#8194=CARTESIAN_POINT('Ctrl Pts',(-15.6604424448708,-19.6678191609351,-0.170000000000003));
#8195=CARTESIAN_POINT('Ctrl Pts',(-15.7175037594252,-19.6515699856828,-0.170000000000003));
#8196=CARTESIAN_POINT('Ctrl Pts',(-15.8029741737488,-19.6258010354263,-0.170000000000003));
#8197=CARTESIAN_POINT('Ctrl Pts',(-15.8314489877867,-19.6169773809318,-0.170000000000003));
#8198=CARTESIAN_POINT('Ctrl Pts',(-15.8882684083737,-19.5988967093752,-0.170000000000003));
#8199=CARTESIAN_POINT('Ctrl Pts',(-15.9165612710687,-19.5896546576545,-0.170000000000003));
#8200=CARTESIAN_POINT('Ctrl Pts',(-15.9729525600877,-19.5707562286362,-0.170000000000003));
#8201=CARTESIAN_POINT('Ctrl Pts',(-16.0010444185681,-19.5611017408575,-0.170000000000003));
#8202=CARTESIAN_POINT('Ctrl Pts',(-16.0570204159623,-19.5413826853588,-0.170000000000003));
#8203=CARTESIAN_POINT('Ctrl Pts',(-16.0849045547534,-19.5313181176959,-0.170000000000003));
#8204=CARTESIAN_POINT('Ctrl Pts',(-16.1682451730272,-19.5005100292345,-0.17));
#8205=CARTESIAN_POINT('Ctrl Pts',(-16.2233898512392,-19.4791521120615,-0.170000000000003));
#8206=CARTESIAN_POINT('Ctrl Pts',(-16.3328466159107,-19.4348020943881,-0.170000000000003));
#8207=CARTESIAN_POINT('Ctrl Pts',(-16.387158698716,-19.4118099960213,-0.170000000000003));
#8208=CARTESIAN_POINT('Ctrl Pts',(-16.5488445158947,-19.3403892767179,-0.170000000000004));
#8209=CARTESIAN_POINT('Ctrl Pts',(-16.6549677030747,-19.2895160821214,-0.170000000000003));
#8210=CARTESIAN_POINT('Ctrl Pts',(-16.8116466539183,-19.2083478464998,-0.170000000000003));
#8211=CARTESIAN_POINT('Ctrl Pts',(-16.8634553471719,-19.1804820728536,-0.170000000000003));
#8212=CARTESIAN_POINT('Ctrl Pts',(-16.9662370055022,-19.1231367279584,-0.170000000000003));
#8213=CARTESIAN_POINT('Ctrl Pts',(-17.0172053734162,-19.0936584832611,-0.170000000000003));
#8214=CARTESIAN_POINT('Ctrl Pts',(-17.1183245054103,-19.0330887805481,-0.170000000000003));
#8215=CARTESIAN_POINT('Ctrl Pts',(-17.1684793992968,-19.0019737970561,-0.170000000000003));
#8216=CARTESIAN_POINT('Ctrl Pts',(-17.267909278911,-18.9381424419202,-0.170000000000003));
#8217=CARTESIAN_POINT('Ctrl Pts',(-17.3172034018668,-18.9054178488742,-0.170000000000003));
#8218=CARTESIAN_POINT('Ctrl Pts',(-17.4149504554914,-18.8383504986157,-0.170000000000003));
#8219=CARTESIAN_POINT('Ctrl Pts',(-17.4634078225463,-18.8040044829425,-0.170000000000004));
#8220=CARTESIAN_POINT('Ctrl Pts',(-17.5354561397642,-18.7512546034007,-0.170000000000003));
#8221=CARTESIAN_POINT('Ctrl Pts',(-17.5593834707322,-18.733451934512,-0.170000000000003));
#8222=CARTESIAN_POINT('Ctrl Pts',(-17.6069525190818,-18.69748348476,-0.170000000000003));
#8223=CARTESIAN_POINT('Ctrl Pts',(-17.6305599804411,-18.6793444338986,-0.170000000000003));
#8224=CARTESIAN_POINT('Ctrl Pts',(-17.6774483955624,-18.6427321794121,-0.170000000000003));
#8225=CARTESIAN_POINT('Ctrl Pts',(-17.7007121781364,-18.6242759233858,-0.170000000000003));
#8226=CARTESIAN_POINT('Ctrl Pts',(-17.7469212864494,-18.5870408397761,-0.170000000000003));
#8227=CARTESIAN_POINT('Ctrl Pts',(-17.7698578934785,-18.56826716397,-0.170000000000003));
#8228=CARTESIAN_POINT('Ctrl Pts',(-17.8381783994251,-18.5114721389179,-0.170000000000003));
#8229=CARTESIAN_POINT('Ctrl Pts',(-17.8830638587521,-18.4729827426763,-0.170000000000003));
#8230=CARTESIAN_POINT('Ctrl Pts',(-17.9715271268033,-18.3947620194471,-0.170000000000003));
#8231=CARTESIAN_POINT('Ctrl Pts',(-18.0151040581282,-18.355031277718,-0.170000000000003));
#8232=CARTESIAN_POINT('Ctrl Pts',(-18.1009588374134,-18.2743427629661,-0.170000000000003));
#8233=CARTESIAN_POINT('Ctrl Pts',(-18.1432302360975,-18.2333894706701,-0.17));
#8234=CARTESIAN_POINT('Ctrl Pts',(-18.2056902264264,-18.1710361458841,-0.170000000000003));
#8235=CARTESIAN_POINT('Ctrl Pts',(-18.2263570969172,-18.1500850638411,-0.170000000000003));
#8236=CARTESIAN_POINT('Ctrl Pts',(-18.2673476857476,-18.1078860567856,-0.170000000000003));
#8237=CARTESIAN_POINT('Ctrl Pts',(-18.2876806975027,-18.0866301503035,-0.170000000000003));
#8238=CARTESIAN_POINT('Ctrl Pts',(-18.3481832212399,-18.0224083878784,-0.170000000000003));
#8239=CARTESIAN_POINT('Ctrl Pts',(-18.3878661245202,-17.9789800457645,-0.170000000000003));
#8240=CARTESIAN_POINT('Ctrl Pts',(-18.504970201152,-17.846873336437,-0.17));
#8241=CARTESIAN_POINT('Ctrl Pts',(-18.580459099332,-17.7563708011244,-0.17));
#8242=CARTESIAN_POINT('Ctrl Pts',(-18.6898125028397,-17.6169268071764,-0.170000000000003));
#8243=CARTESIAN_POINT('Ctrl Pts',(-18.7256160411,-17.5698292257595,-0.170000000000003));
#8244=CARTESIAN_POINT('Ctrl Pts',(-18.7959110899065,-17.4743787433483,-0.170000000000003));
#8245=CARTESIAN_POINT('Ctrl Pts',(-18.8304040240684,-17.4260232604965,-0.170000000000003));
#8246=CARTESIAN_POINT('Ctrl Pts',(-18.8811348118455,-17.3525318155374,-0.170000000000003));
#8247=CARTESIAN_POINT('Ctrl Pts',(-18.8978895422912,-17.327854828787,-0.170000000000003));
#8248=CARTESIAN_POINT('Ctrl Pts',(-18.9310002935448,-17.2782628209808,-0.170000000000003));
#8249=CARTESIAN_POINT('Ctrl Pts',(-18.9473366923416,-17.2533778754055,-0.170000000000003));
#8250=CARTESIAN_POINT('Ctrl Pts',(-18.9795883970145,-17.2034039780702,-0.170000000000003));
#8251=CARTESIAN_POINT('Ctrl Pts',(-18.9955009079113,-17.1783192699351,-0.170000000000003));
#8252=CARTESIAN_POINT('Ctrl Pts',(-19.0268985037217,-17.1279532905194,-0.170000000000003));
#8253=CARTESIAN_POINT('Ctrl Pts',(-19.0423850466495,-17.1026699780503,-0.170000000000003));
#8254=CARTESIAN_POINT('Ctrl Pts',(-19.0881924226595,-17.0265353006736,-0.170000000000004));
#8255=CARTESIAN_POINT('Ctrl Pts',(-19.1178672459497,-16.9754236624425,-0.170000000000003));
#8256=CARTESIAN_POINT('Ctrl Pts',(-19.1755547801713,-16.8724249190814,-0.170000000000003));
#8257=CARTESIAN_POINT('Ctrl Pts',(-19.2035580256716,-16.8205513132145,-0.170000000000003));
#8258=CARTESIAN_POINT('Ctrl Pts',(-19.2850674546802,-16.6638096335654,-0.170000000000003));
#8259=CARTESIAN_POINT('Ctrl Pts',(-19.3360711604057,-16.5578263020888,-0.170000000000003));
#8260=CARTESIAN_POINT('Ctrl Pts',(-19.4314634431576,-16.3429153755893,-0.170000000000004));
#8261=CARTESIAN_POINT('Ctrl Pts',(-19.4758516725036,-16.2339881835944,-0.170000000000003));
#8262=CARTESIAN_POINT('Ctrl Pts',(-19.5374829459455,-16.0684028656842,-0.170000000000003));
#8263=CARTESIAN_POINT('Ctrl Pts',(-19.5572012344873,-16.0128418718762,-0.170000000000003));
#8264=CARTESIAN_POINT('Ctrl Pts',(-19.5949849135531,-15.9009885460463,-0.170000000000003));
#8265=CARTESIAN_POINT('Ctrl Pts',(-19.6130492008736,-15.844699164092,-0.170000000000003));
#8266=CARTESIAN_POINT('Ctrl Pts',(-19.6475249383379,-15.7313765893129,-0.170000000000003));
#8267=CARTESIAN_POINT('Ctrl Pts',(-19.6639289481656,-15.6743403086222,-0.170000000000003));
#8268=CARTESIAN_POINT('Ctrl Pts',(-19.6872914573788,-15.58828368907,-0.170000000000003));
#8269=CARTESIAN_POINT('Ctrl Pts',(-19.6948747751805,-15.5595012226952,-0.170000000000003));
#8270=CARTESIAN_POINT('Ctrl Pts',(-19.7096289254123,-15.5017790326308,-0.170000000000003));
#8271=CARTESIAN_POINT('Ctrl Pts',(-19.7167826092301,-15.4729061883836,-0.170000000000003));
#8272=CARTESIAN_POINT('Ctrl Pts',(-19.7306571357834,-15.4151262224939,-0.170000000000003));
#8273=CARTESIAN_POINT('Ctrl Pts',(-19.7373774599845,-15.3862211391552,-0.170000000000003));
#8274=CARTESIAN_POINT('Ctrl Pts',(-19.7503950429503,-15.3283821828262,-0.170000000000003));
#8275=CARTESIAN_POINT('Ctrl Pts',(-19.7566923019483,-15.2994483097106,-0.170000000000003));
#8276=CARTESIAN_POINT('Ctrl Pts',(-19.7749656704086,-15.2126055636341,-0.170000000000004));
#8277=CARTESIAN_POINT('Ctrl Pts',(-19.7863233876681,-15.1546555790538,-0.170000000000003));
#8278=CARTESIAN_POINT('Ctrl Pts',(-19.8180520191081,-14.9806569355014,-0.170000000000003));
#8279=CARTESIAN_POINT('Ctrl Pts',(-19.8360787211711,-14.8644599061153,-0.170000000000004));
#8280=CARTESIAN_POINT('Ctrl Pts',(-19.8665632827467,-14.6317463017895,-0.17));
#8281=CARTESIAN_POINT('Ctrl Pts',(-19.8790216385021,-14.5152314305846,-0.170000000000003));
#8282=CARTESIAN_POINT('Ctrl Pts',(-19.909050701692,-14.1653000901973,-0.17));
#8283=CARTESIAN_POINT('Ctrl Pts',(-19.919239282311,-13.9318243632898,-0.170000000000003));
#8284=CARTESIAN_POINT('Ctrl Pts',(-19.9297161378814,-13.4653631652813,-0.170000000000004));
#8285=CARTESIAN_POINT('Ctrl Pts',(-19.9299967811082,-13.2323666994197,-0.170000000000003));
#8286=CARTESIAN_POINT('Ctrl Pts',(-19.93,-13.,-0.170000000000003));
#8287=CARTESIAN_POINT('',(-19.93,-13.,-0.87));
#8288=CARTESIAN_POINT('Origin',(-19.93,13.,-2.07));
#8289=CARTESIAN_POINT('',(-19.93,13.,-0.170000000000003));
#8290=CARTESIAN_POINT('',(-19.93,-13.,-0.170000000000003));
#8291=CARTESIAN_POINT('',(-19.93,13.,-0.87));
#8292=CARTESIAN_POINT('Ctrl Pts',(-13.,19.93,-0.87));
#8293=CARTESIAN_POINT('Ctrl Pts',(-13.,19.93,0.58152));
#8294=CARTESIAN_POINT('Ctrl Pts',(-13.4694478834967,19.93,-0.87));
#8295=CARTESIAN_POINT('Ctrl Pts',(-13.4694478834967,19.93,0.58152));
#8296=CARTESIAN_POINT('Ctrl Pts',(-14.1737264501672,19.9280163303704,-0.87));
#8297=CARTESIAN_POINT('Ctrl Pts',(-14.1737264501672,19.9280163303704,0.58152));
#8298=CARTESIAN_POINT('Ctrl Pts',(-15.0984231926098,19.8090777464157,-0.87));
#8299=CARTESIAN_POINT('Ctrl Pts',(-15.0984231926098,19.8090777464157,0.58152));
#8300=CARTESIAN_POINT('Ctrl Pts',(-15.7869365194666,19.6457844925866,-0.87));
#8301=CARTESIAN_POINT('Ctrl Pts',(-15.7869365194666,19.6457844925866,0.58152));
#8302=CARTESIAN_POINT('Ctrl Pts',(-16.4535071981255,19.3981792440206,-0.87));
#8303=CARTESIAN_POINT('Ctrl Pts',(-16.4535071981255,19.3981792440206,0.58152));
#8304=CARTESIAN_POINT('Ctrl Pts',(-17.2856828023097,18.9667085900053,-0.87));
#8305=CARTESIAN_POINT('Ctrl Pts',(-17.2856828023097,18.9667085900053,0.58152));
#8306=CARTESIAN_POINT('Ctrl Pts',(-18.0399592467895,18.3764719937738,-0.87));
#8307=CARTESIAN_POINT('Ctrl Pts',(-18.0399592467895,18.3764719937738,0.58152));
#8308=CARTESIAN_POINT('Ctrl Pts',(-18.6614263151367,17.6767899962387,-0.87));
#8309=CARTESIAN_POINT('Ctrl Pts',(-18.6614263151367,17.6767899962387,0.58152));
#8310=CARTESIAN_POINT('Ctrl Pts',(-19.2037473226119,16.8919390611762,-0.87));
#8311=CARTESIAN_POINT('Ctrl Pts',(-19.2037473226119,16.8919390611762,0.58152));
#8312=CARTESIAN_POINT('Ctrl Pts',(-19.5844776155948,16.0356037810129,-0.87));
#8313=CARTESIAN_POINT('Ctrl Pts',(-19.5844776155948,16.0356037810129,0.58152));
#8314=CARTESIAN_POINT('Ctrl Pts',(-19.8078838884433,15.1089800996434,-0.87));
#8315=CARTESIAN_POINT('Ctrl Pts',(-19.8078838884433,15.1089800996434,0.58152));
#8316=CARTESIAN_POINT('Ctrl Pts',(-19.9277563448723,14.1782766386665,-0.87));
#8317=CARTESIAN_POINT('Ctrl Pts',(-19.9277563448723,14.1782766386665,0.58152));
#8318=CARTESIAN_POINT('Ctrl Pts',(-19.93,13.4712353617578,-0.87));
#8319=CARTESIAN_POINT('Ctrl Pts',(-19.93,13.4712353617578,0.58152));
#8320=CARTESIAN_POINT('Ctrl Pts',(-19.93,13.,-0.87));
#8321=CARTESIAN_POINT('Ctrl Pts',(-19.93,13.,0.58152));
#8322=CARTESIAN_POINT('',(-13.,19.93,-0.170000000020334));
#8323=CARTESIAN_POINT('Ctrl Pts',(-19.93,13.,-0.170000000000003));
#8324=CARTESIAN_POINT('Ctrl Pts',(-19.9299974979801,13.2315783426107,-0.170000000000003));
#8325=CARTESIAN_POINT('Ctrl Pts',(-19.9297223638806,13.4637804189942,-0.170000000000003));
#8326=CARTESIAN_POINT('Ctrl Pts',(-19.9219462913656,13.8122790701292,-0.170000000000003));
#8327=CARTESIAN_POINT('Ctrl Pts',(-19.9181253196865,13.9284783540987,-0.170000000000003));
#8328=CARTESIAN_POINT('Ctrl Pts',(-19.9068446409226,14.1608164016391,-0.170000000000004));
#8329=CARTESIAN_POINT('Ctrl Pts',(-19.8993866496059,14.2769645926996,-0.170000000000003));
#8330=CARTESIAN_POINT('Ctrl Pts',(-19.8845691117322,14.4510157141783,-0.170000000000003));
#8331=CARTESIAN_POINT('Ctrl Pts',(-19.8790386365239,14.5089775682576,-0.170000000000003));
#8332=CARTESIAN_POINT('Ctrl Pts',(-19.8667038686308,14.6248298833549,-0.170000000000003));
#8333=CARTESIAN_POINT('Ctrl Pts',(-19.859899053352,14.6827093402566,-0.170000000000003));
#8334=CARTESIAN_POINT('Ctrl Pts',(-19.8449203469134,14.7983713652942,-0.170000000000003));
#8335=CARTESIAN_POINT('Ctrl Pts',(-19.8367464463656,14.8561525441101,-0.170000000000003));
#8336=CARTESIAN_POINT('Ctrl Pts',(-19.818935524726,14.9716028500846,-0.170000000000003));
#8337=CARTESIAN_POINT('Ctrl Pts',(-19.8092977643774,15.0292688680565,-0.170000000000003));
#8338=CARTESIAN_POINT('Ctrl Pts',(-19.7884683453241,15.1444883266814,-0.170000000000003));
#8339=CARTESIAN_POINT('Ctrl Pts',(-19.7772589484236,15.2020474410202,-0.170000000000003));
#8340=CARTESIAN_POINT('Ctrl Pts',(-19.7532220316846,15.3169660102213,-0.170000000000003));
#8341=CARTESIAN_POINT('Ctrl Pts',(-19.7403941223542,15.374347368842,-0.170000000000004));
#8342=CARTESIAN_POINT('Ctrl Pts',(-19.7130670883576,15.4889449907546,-0.17));
#8343=CARTESIAN_POINT('Ctrl Pts',(-19.6985679641515,15.5461635495407,-0.170000000000003));
#8344=CARTESIAN_POINT('Ctrl Pts',(-19.6678191609351,15.6604424448708,-0.17));
#8345=CARTESIAN_POINT('Ctrl Pts',(-19.6515699856828,15.7175037594251,-0.170000000000003));
#8346=CARTESIAN_POINT('Ctrl Pts',(-19.6258010354263,15.8029741737488,-0.170000000000003));
#8347=CARTESIAN_POINT('Ctrl Pts',(-19.6169773809318,15.8314489877865,-0.170000000000003));
#8348=CARTESIAN_POINT('Ctrl Pts',(-19.5988967093752,15.8882684083736,-0.17));
#8349=CARTESIAN_POINT('Ctrl Pts',(-19.5896546576545,15.9165612710686,-0.170000000000003));
#8350=CARTESIAN_POINT('Ctrl Pts',(-19.5707562286362,15.9729525600876,-0.170000000000004));
#8351=CARTESIAN_POINT('Ctrl Pts',(-19.5611017408575,16.001044418568,-0.17));
#8352=CARTESIAN_POINT('Ctrl Pts',(-19.5413826853588,16.0570204159622,-0.170000000000004));
#8353=CARTESIAN_POINT('Ctrl Pts',(-19.5313181176959,16.0849045547533,-0.170000000000003));
#8354=CARTESIAN_POINT('Ctrl Pts',(-19.5005100292345,16.1682451730271,-0.170000000000003));
#8355=CARTESIAN_POINT('Ctrl Pts',(-19.4791521120614,16.2233898512391,-0.170000000000004));
#8356=CARTESIAN_POINT('Ctrl Pts',(-19.4348020943881,16.3328466159107,-0.17));
#8357=CARTESIAN_POINT('Ctrl Pts',(-19.4118099960213,16.3871586987159,-0.170000000000003));
#8358=CARTESIAN_POINT('Ctrl Pts',(-19.3403892767179,16.5488445158946,-0.170000000000003));
#8359=CARTESIAN_POINT('Ctrl Pts',(-19.2895160821213,16.6549677030747,-0.17));
#8360=CARTESIAN_POINT('Ctrl Pts',(-19.2083478464998,16.8116466539183,-0.170000000000003));
#8361=CARTESIAN_POINT('Ctrl Pts',(-19.1804820728536,16.8634553471718,-0.170000000000003));
#8362=CARTESIAN_POINT('Ctrl Pts',(-19.1231367279584,16.9662370055022,-0.170000000000004));
#8363=CARTESIAN_POINT('Ctrl Pts',(-19.093658483261,17.0172053734162,-0.17));
#8364=CARTESIAN_POINT('Ctrl Pts',(-19.033088780548,17.1183245054102,-0.170000000000004));
#8365=CARTESIAN_POINT('Ctrl Pts',(-19.0019737970561,17.1684793992967,-0.170000000000003));
#8366=CARTESIAN_POINT('Ctrl Pts',(-18.9381424419201,17.2679092789109,-0.170000000000003));
#8367=CARTESIAN_POINT('Ctrl Pts',(-18.9054178488742,17.3172034018667,-0.170000000000003));
#8368=CARTESIAN_POINT('Ctrl Pts',(-18.8383504986157,17.4149504554913,-0.170000000000003));
#8369=CARTESIAN_POINT('Ctrl Pts',(-18.8040044829425,17.4634078225463,-0.170000000000003));
#8370=CARTESIAN_POINT('Ctrl Pts',(-18.7512546034007,17.5354561397642,-0.170000000000003));
#8371=CARTESIAN_POINT('Ctrl Pts',(-18.7334519345121,17.5593834707321,-0.170000000000003));
#8372=CARTESIAN_POINT('Ctrl Pts',(-18.69748348476,17.6069525190817,-0.170000000000003));
#8373=CARTESIAN_POINT('Ctrl Pts',(-18.6793444338986,17.630559980441,-0.170000000000003));
#8374=CARTESIAN_POINT('Ctrl Pts',(-18.6427321794121,17.6774483955623,-0.170000000000004));
#8375=CARTESIAN_POINT('Ctrl Pts',(-18.6242759233858,17.7007121781363,-0.170000000000003));
#8376=CARTESIAN_POINT('Ctrl Pts',(-18.5870408397761,17.7469212864494,-0.170000000000003));
#8377=CARTESIAN_POINT('Ctrl Pts',(-18.5682671639699,17.7698578934784,-0.170000000000003));
#8378=CARTESIAN_POINT('Ctrl Pts',(-18.5114721389178,17.838178399425,-0.170000000000003));
#8379=CARTESIAN_POINT('Ctrl Pts',(-18.4729827426763,17.8830638587521,-0.170000000000003));
#8380=CARTESIAN_POINT('Ctrl Pts',(-18.3947620194471,17.9715271268032,-0.170000000000003));
#8381=CARTESIAN_POINT('Ctrl Pts',(-18.355031277718,18.0151040581281,-0.170000000000003));
#8382=CARTESIAN_POINT('Ctrl Pts',(-18.2743427629661,18.1009588374133,-0.170000000000003));
#8383=CARTESIAN_POINT('Ctrl Pts',(-18.2333894706701,18.1432302360974,-0.170000000000003));
#8384=CARTESIAN_POINT('Ctrl Pts',(-18.1710361458841,18.2056902264263,-0.170000000000003));
#8385=CARTESIAN_POINT('Ctrl Pts',(-18.1500850638411,18.2263570969171,-0.170000000000003));
#8386=CARTESIAN_POINT('Ctrl Pts',(-18.1078860567856,18.2673476857475,-0.170000000000003));
#8387=CARTESIAN_POINT('Ctrl Pts',(-18.0866301503036,18.2876806975026,-0.170000000000003));
#8388=CARTESIAN_POINT('Ctrl Pts',(-18.0224083878784,18.3481832212399,-0.170000000000003));
#8389=CARTESIAN_POINT('Ctrl Pts',(-17.9789800457645,18.3878661245201,-0.170000000000003));
#8390=CARTESIAN_POINT('Ctrl Pts',(-17.846873336437,18.504970201152,-0.170000000000004));
#8391=CARTESIAN_POINT('Ctrl Pts',(-17.7563708011244,18.580459099332,-0.17));
#8392=CARTESIAN_POINT('Ctrl Pts',(-17.6169268071764,18.6898125028397,-0.170000000000003));
#8393=CARTESIAN_POINT('Ctrl Pts',(-17.5698292257595,18.7256160410999,-0.170000000000003));
#8394=CARTESIAN_POINT('Ctrl Pts',(-17.4743787433483,18.7959110899065,-0.170000000000004));
#8395=CARTESIAN_POINT('Ctrl Pts',(-17.4260232604966,18.8304040240684,-0.170000000000003));
#8396=CARTESIAN_POINT('Ctrl Pts',(-17.3525318155375,18.8811348118454,-0.170000000000003));
#8397=CARTESIAN_POINT('Ctrl Pts',(-17.327854828787,18.8978895422911,-0.170000000000003));
#8398=CARTESIAN_POINT('Ctrl Pts',(-17.2782628209809,18.9310002935447,-0.170000000000003));
#8399=CARTESIAN_POINT('Ctrl Pts',(-17.2533778754055,18.9473366923415,-0.170000000000003));
#8400=CARTESIAN_POINT('Ctrl Pts',(-17.2034039780703,18.9795883970144,-0.170000000000003));
#8401=CARTESIAN_POINT('Ctrl Pts',(-17.1783192699352,18.9955009079113,-0.170000000000003));
#8402=CARTESIAN_POINT('Ctrl Pts',(-17.1279532905194,19.0268985037216,-0.170000000000004));
#8403=CARTESIAN_POINT('Ctrl Pts',(-17.1026699780503,19.0423850466494,-0.170000000000003));
#8404=CARTESIAN_POINT('Ctrl Pts',(-17.0265353006736,19.0881924226594,-0.170000000000005));
#8405=CARTESIAN_POINT('Ctrl Pts',(-16.9754236624425,19.1178672459497,-0.170000000000003));
#8406=CARTESIAN_POINT('Ctrl Pts',(-16.8724249190814,19.1755547801713,-0.170000000000003));
#8407=CARTESIAN_POINT('Ctrl Pts',(-16.8205513132145,19.2035580256716,-0.170000000000003));
#8408=CARTESIAN_POINT('Ctrl Pts',(-16.6638096335654,19.2850674546801,-0.170000000000003));
#8409=CARTESIAN_POINT('Ctrl Pts',(-16.5578263020888,19.3360711604057,-0.170000000000003));
#8410=CARTESIAN_POINT('Ctrl Pts',(-16.3429153755893,19.4314634431575,-0.170000000000003));
#8411=CARTESIAN_POINT('Ctrl Pts',(-16.2339881835945,19.4758516725036,-0.170000000000003));
#8412=CARTESIAN_POINT('Ctrl Pts',(-16.0684028656842,19.5374829459455,-0.170000000000003));
#8413=CARTESIAN_POINT('Ctrl Pts',(-16.0128418718763,19.5572012344873,-0.170000000000003));
#8414=CARTESIAN_POINT('Ctrl Pts',(-15.9009885460464,19.5949849135531,-0.170000000000003));
#8415=CARTESIAN_POINT('Ctrl Pts',(-15.8446991640921,19.6130492008735,-0.170000000000003));
#8416=CARTESIAN_POINT('Ctrl Pts',(-15.7313765893129,19.6475249383379,-0.170000000000003));
#8417=CARTESIAN_POINT('Ctrl Pts',(-15.6743403086223,19.6639289481655,-0.170000000000003));
#8418=CARTESIAN_POINT('Ctrl Pts',(-15.58828368907,19.6872914573788,-0.170000000000003));
#8419=CARTESIAN_POINT('Ctrl Pts',(-15.5595012226952,19.6948747751805,-0.170000000000003));
#8420=CARTESIAN_POINT('Ctrl Pts',(-15.5017790326309,19.7096289254123,-0.170000000000003));
#8421=CARTESIAN_POINT('Ctrl Pts',(-15.4729061883837,19.7167826092301,-0.170000000000003));
#8422=CARTESIAN_POINT('Ctrl Pts',(-15.4151262224939,19.7306571357834,-0.170000000000003));
#8423=CARTESIAN_POINT('Ctrl Pts',(-15.3862211391554,19.7373774599845,-0.17));
#8424=CARTESIAN_POINT('Ctrl Pts',(-15.3283821828262,19.7503950429502,-0.170000000000003));
#8425=CARTESIAN_POINT('Ctrl Pts',(-15.2994483097106,19.7566923019483,-0.170000000000003));
#8426=CARTESIAN_POINT('Ctrl Pts',(-15.2126055636342,19.7749656704086,-0.170000000000004));
#8427=CARTESIAN_POINT('Ctrl Pts',(-15.1546555790539,19.7863233876681,-0.170000000000003));
#8428=CARTESIAN_POINT('Ctrl Pts',(-14.9806569355014,19.8180520191081,-0.170000000000003));
#8429=CARTESIAN_POINT('Ctrl Pts',(-14.8644599061153,19.8360787211711,-0.170000000000003));
#8430=CARTESIAN_POINT('Ctrl Pts',(-14.6317463017895,19.8665632827467,-0.170000000000003));
#8431=CARTESIAN_POINT('Ctrl Pts',(-14.5152314305846,19.8790216385021,-0.170000000000003));
#8432=CARTESIAN_POINT('Ctrl Pts',(-14.1653000901974,19.909050701692,-0.170000000000004));
#8433=CARTESIAN_POINT('Ctrl Pts',(-13.9318243632899,19.919239282311,-0.170000000000004));
#8434=CARTESIAN_POINT('Ctrl Pts',(-13.4653631652813,19.9297161378814,-0.170000000000003));
#8435=CARTESIAN_POINT('Ctrl Pts',(-13.2323666994197,19.9299967811082,-0.170000000000004));
#8436=CARTESIAN_POINT('Ctrl Pts',(-13.,19.93,-0.170000000000003));
#8437=CARTESIAN_POINT('',(-13.,19.93,-0.87));
#8438=CARTESIAN_POINT('Origin',(13.,19.93,-2.07));
#8439=CARTESIAN_POINT('',(13.,19.93,-0.170000000000003));
#8440=CARTESIAN_POINT('',(-13.,19.93,-0.170000000000003));
#8441=CARTESIAN_POINT('',(13.,19.93,-0.87));
#8442=CARTESIAN_POINT('Ctrl Pts',(19.93,13.,-0.87));
#8443=CARTESIAN_POINT('Ctrl Pts',(19.93,13.,0.58152));
#8444=CARTESIAN_POINT('Ctrl Pts',(19.93,13.4694478834967,-0.87));
#8445=CARTESIAN_POINT('Ctrl Pts',(19.93,13.4694478834967,0.58152));
#8446=CARTESIAN_POINT('Ctrl Pts',(19.9280163303704,14.1737264501672,-0.87));
#8447=CARTESIAN_POINT('Ctrl Pts',(19.9280163303704,14.1737264501672,0.58152));
#8448=CARTESIAN_POINT('Ctrl Pts',(19.8090777464157,15.0984231926097,-0.87));
#8449=CARTESIAN_POINT('Ctrl Pts',(19.8090777464157,15.0984231926097,0.58152));
#8450=CARTESIAN_POINT('Ctrl Pts',(19.6457844925866,15.7869365194665,-0.87));
#8451=CARTESIAN_POINT('Ctrl Pts',(19.6457844925866,15.7869365194665,0.58152));
#8452=CARTESIAN_POINT('Ctrl Pts',(19.3981792440205,16.4535071981254,-0.87));
#8453=CARTESIAN_POINT('Ctrl Pts',(19.3981792440205,16.4535071981254,0.58152));
#8454=CARTESIAN_POINT('Ctrl Pts',(18.9667085900053,17.2856828023097,-0.87));
#8455=CARTESIAN_POINT('Ctrl Pts',(18.9667085900053,17.2856828023097,0.58152));
#8456=CARTESIAN_POINT('Ctrl Pts',(18.3764719937738,18.0399592467895,-0.87));
#8457=CARTESIAN_POINT('Ctrl Pts',(18.3764719937738,18.0399592467895,0.58152));
#8458=CARTESIAN_POINT('Ctrl Pts',(17.6767899962386,18.6614263151366,-0.87));
#8459=CARTESIAN_POINT('Ctrl Pts',(17.6767899962386,18.6614263151366,0.58152));
#8460=CARTESIAN_POINT('Ctrl Pts',(16.8919390611761,19.203747322612,-0.87));
#8461=CARTESIAN_POINT('Ctrl Pts',(16.8919390611761,19.203747322612,0.58152));
#8462=CARTESIAN_POINT('Ctrl Pts',(16.0356037810128,19.5844776155947,-0.87));
#8463=CARTESIAN_POINT('Ctrl Pts',(16.0356037810128,19.5844776155947,0.58152));
#8464=CARTESIAN_POINT('Ctrl Pts',(15.1089800996434,19.8078838884432,-0.87));
#8465=CARTESIAN_POINT('Ctrl Pts',(15.1089800996434,19.8078838884432,0.58152));
#8466=CARTESIAN_POINT('Ctrl Pts',(14.1782766386666,19.9277563448723,-0.87));
#8467=CARTESIAN_POINT('Ctrl Pts',(14.1782766386666,19.9277563448723,0.58152));
#8468=CARTESIAN_POINT('Ctrl Pts',(13.4712353617578,19.93,-0.87));
#8469=CARTESIAN_POINT('Ctrl Pts',(13.4712353617578,19.93,0.58152));
#8470=CARTESIAN_POINT('Ctrl Pts',(13.,19.93,-0.87));
#8471=CARTESIAN_POINT('Ctrl Pts',(13.,19.93,0.58152));
#8472=CARTESIAN_POINT('',(19.93,13.,-0.170000000000003));
#8473=CARTESIAN_POINT('Ctrl Pts',(13.,19.93,-0.170000000000003));
#8474=CARTESIAN_POINT('Ctrl Pts',(13.2315783426107,19.9299974979801,-0.170000000000003));
#8475=CARTESIAN_POINT('Ctrl Pts',(13.4637804189942,19.9297223638806,-0.170000000000003));
#8476=CARTESIAN_POINT('Ctrl Pts',(13.8122790701293,19.9219462913656,-0.170000000000003));
#8477=CARTESIAN_POINT('Ctrl Pts',(13.9284783540988,19.9181253196865,-0.170000000000003));
#8478=CARTESIAN_POINT('Ctrl Pts',(14.1608164016391,19.9068446409226,-0.170000000000003));
#8479=CARTESIAN_POINT('Ctrl Pts',(14.2769645926997,19.8993866496059,-0.170000000000003));
#8480=CARTESIAN_POINT('Ctrl Pts',(14.4510157141784,19.8845691117322,-0.170000000000003));
#8481=CARTESIAN_POINT('Ctrl Pts',(14.5089775682577,19.8790386365239,-0.170000000000003));
#8482=CARTESIAN_POINT('Ctrl Pts',(14.6248298833549,19.8667038686308,-0.170000000000004));
#8483=CARTESIAN_POINT('Ctrl Pts',(14.6827093402567,19.859899053352,-0.170000000000003));
#8484=CARTESIAN_POINT('Ctrl Pts',(14.7983713652943,19.8449203469134,-0.170000000000003));
#8485=CARTESIAN_POINT('Ctrl Pts',(14.8561525441102,19.8367464463656,-0.170000000000003));
#8486=CARTESIAN_POINT('Ctrl Pts',(14.9716028500846,19.8189355247259,-0.170000000000003));
#8487=CARTESIAN_POINT('Ctrl Pts',(15.0292688680566,19.8092977643773,-0.170000000000003));
#8488=CARTESIAN_POINT('Ctrl Pts',(15.1444883266815,19.7884683453241,-0.170000000000003));
#8489=CARTESIAN_POINT('Ctrl Pts',(15.2020474410203,19.7772589484235,-0.170000000000003));
#8490=CARTESIAN_POINT('Ctrl Pts',(15.3169660102214,19.7532220316845,-0.170000000000003));
#8491=CARTESIAN_POINT('Ctrl Pts',(15.3743473688422,19.7403941223541,-0.170000000000003));
#8492=CARTESIAN_POINT('Ctrl Pts',(15.4889449907547,19.7130670883574,-0.170000000000003));
#8493=CARTESIAN_POINT('Ctrl Pts',(15.5461635495409,19.6985679641514,-0.170000000000003));
#8494=CARTESIAN_POINT('Ctrl Pts',(15.660442444871,19.667819160935,-0.170000000000003));
#8495=CARTESIAN_POINT('Ctrl Pts',(15.7175037594252,19.6515699856827,-0.170000000000004));
#8496=CARTESIAN_POINT('Ctrl Pts',(15.8029741737489,19.6258010354262,-0.170000000000003));
#8497=CARTESIAN_POINT('Ctrl Pts',(15.8314489877868,19.6169773809317,-0.170000000000005));
#8498=CARTESIAN_POINT('Ctrl Pts',(15.8882684083738,19.598896709375,-0.17));
#8499=CARTESIAN_POINT('Ctrl Pts',(15.9165612710688,19.5896546576544,-0.170000000000003));
#8500=CARTESIAN_POINT('Ctrl Pts',(15.9729525600877,19.5707562286361,-0.170000000000003));
#8501=CARTESIAN_POINT('Ctrl Pts',(16.0010444185681,19.5611017408574,-0.170000000000003));
#8502=CARTESIAN_POINT('Ctrl Pts',(16.0570204159623,19.5413826853586,-0.170000000000003));
#8503=CARTESIAN_POINT('Ctrl Pts',(16.0849045547534,19.5313181176957,-0.170000000000003));
#8504=CARTESIAN_POINT('Ctrl Pts',(16.1682451730272,19.5005100292343,-0.170000000000003));
#8505=CARTESIAN_POINT('Ctrl Pts',(16.2233898512393,19.4791521120613,-0.170000000000003));
#8506=CARTESIAN_POINT('Ctrl Pts',(16.3328466159108,19.434802094388,-0.170000000000003));
#8507=CARTESIAN_POINT('Ctrl Pts',(16.387158698716,19.4118099960211,-0.170000000000003));
#8508=CARTESIAN_POINT('Ctrl Pts',(16.5488445158947,19.3403892767179,-0.170000000000003));
#8509=CARTESIAN_POINT('Ctrl Pts',(16.6549677030747,19.2895160821212,-0.170000000000003));
#8510=CARTESIAN_POINT('Ctrl Pts',(16.8116466539184,19.2083478464997,-0.170000000000003));
#8511=CARTESIAN_POINT('Ctrl Pts',(16.8634553471719,19.1804820728535,-0.170000000000003));
#8512=CARTESIAN_POINT('Ctrl Pts',(16.9662370055023,19.1231367279582,-0.170000000000004));
#8513=CARTESIAN_POINT('Ctrl Pts',(17.0172053734162,19.0936584832609,-0.170000000000004));
#8514=CARTESIAN_POINT('Ctrl Pts',(17.1183245054103,19.0330887805479,-0.17));
#8515=CARTESIAN_POINT('Ctrl Pts',(17.1684793992968,19.0019737970559,-0.170000000000005));
#8516=CARTESIAN_POINT('Ctrl Pts',(17.267909278911,18.93814244192,-0.17));
#8517=CARTESIAN_POINT('Ctrl Pts',(17.3172034018668,18.9054178488741,-0.170000000000004));
#8518=CARTESIAN_POINT('Ctrl Pts',(17.4149504554914,18.8383504986156,-0.17));
#8519=CARTESIAN_POINT('Ctrl Pts',(17.4634078225463,18.8040044829424,-0.17));
#8520=CARTESIAN_POINT('Ctrl Pts',(17.5354561397642,18.7512546034006,-0.170000000000003));
#8521=CARTESIAN_POINT('Ctrl Pts',(17.5593834707322,18.7334519345119,-0.170000000000003));
#8522=CARTESIAN_POINT('Ctrl Pts',(17.6069525190818,18.6974834847598,-0.170000000000003));
#8523=CARTESIAN_POINT('Ctrl Pts',(17.6305599804411,18.6793444338985,-0.170000000000004));
#8524=CARTESIAN_POINT('Ctrl Pts',(17.6774483955624,18.6427321794119,-0.170000000000004));
#8525=CARTESIAN_POINT('Ctrl Pts',(17.7007121781364,18.6242759233856,-0.170000000000004));
#8526=CARTESIAN_POINT('Ctrl Pts',(17.7469212864494,18.5870408397758,-0.170000000000003));
#8527=CARTESIAN_POINT('Ctrl Pts',(17.7698578934785,18.5682671639698,-0.170000000000003));
#8528=CARTESIAN_POINT('Ctrl Pts',(17.8381783994251,18.5114721389177,-0.170000000000003));
#8529=CARTESIAN_POINT('Ctrl Pts',(17.8830638587521,18.4729827426761,-0.170000000000003));
#8530=CARTESIAN_POINT('Ctrl Pts',(17.9715271268033,18.3947620194469,-0.170000000000003));
#8531=CARTESIAN_POINT('Ctrl Pts',(18.0151040581282,18.3550312777179,-0.170000000000003));
#8532=CARTESIAN_POINT('Ctrl Pts',(18.1009588374134,18.274342762966,-0.170000000000003));
#8533=CARTESIAN_POINT('Ctrl Pts',(18.1432302360975,18.2333894706699,-0.17));
#8534=CARTESIAN_POINT('Ctrl Pts',(18.2056902264264,18.171036145884,-0.17));
#8535=CARTESIAN_POINT('Ctrl Pts',(18.2263570969172,18.150085063841,-0.170000000000003));
#8536=CARTESIAN_POINT('Ctrl Pts',(18.2673476857476,18.1078860567854,-0.170000000000004));
#8537=CARTESIAN_POINT('Ctrl Pts',(18.2876806975026,18.0866301503034,-0.170000000000003));
#8538=CARTESIAN_POINT('Ctrl Pts',(18.3481832212399,18.0224083878782,-0.170000000000004));
#8539=CARTESIAN_POINT('Ctrl Pts',(18.3878661245202,17.9789800457643,-0.170000000000004));
#8540=CARTESIAN_POINT('Ctrl Pts',(18.504970201152,17.8468733364369,-0.170000000000005));
#8541=CARTESIAN_POINT('Ctrl Pts',(18.580459099332,17.7563708011242,-0.17));
#8542=CARTESIAN_POINT('Ctrl Pts',(18.6898125028397,17.6169268071763,-0.170000000000004));
#8543=CARTESIAN_POINT('Ctrl Pts',(18.7256160411,17.5698292257594,-0.170000000000004));
#8544=CARTESIAN_POINT('Ctrl Pts',(18.7959110899065,17.4743787433481,-0.170000000000003));
#8545=CARTESIAN_POINT('Ctrl Pts',(18.8304040240684,17.4260232604965,-0.170000000000004));
#8546=CARTESIAN_POINT('Ctrl Pts',(18.8811348118455,17.3525318155373,-0.170000000000003));
#8547=CARTESIAN_POINT('Ctrl Pts',(18.8978895422912,17.3278548287869,-0.170000000000003));
#8548=CARTESIAN_POINT('Ctrl Pts',(18.9310002935448,17.2782628209807,-0.170000000000003));
#8549=CARTESIAN_POINT('Ctrl Pts',(18.9473366923416,17.2533778754053,-0.170000000000003));
#8550=CARTESIAN_POINT('Ctrl Pts',(18.9795883970145,17.2034039780701,-0.170000000000003));
#8551=CARTESIAN_POINT('Ctrl Pts',(18.9955009079113,17.178319269935,-0.170000000000003));
#8552=CARTESIAN_POINT('Ctrl Pts',(19.0268985037217,17.1279532905192,-0.170000000000003));
#8553=CARTESIAN_POINT('Ctrl Pts',(19.0423850466495,17.1026699780502,-0.170000000000003));
#8554=CARTESIAN_POINT('Ctrl Pts',(19.0881924226594,17.0265353006735,-0.170000000000003));
#8555=CARTESIAN_POINT('Ctrl Pts',(19.1178672459497,16.9754236624424,-0.170000000000003));
#8556=CARTESIAN_POINT('Ctrl Pts',(19.1755547801713,16.8724249190813,-0.170000000000003));
#8557=CARTESIAN_POINT('Ctrl Pts',(19.2035580256716,16.8205513132143,-0.170000000000003));
#8558=CARTESIAN_POINT('Ctrl Pts',(19.2850674546801,16.6638096335653,-0.170000000000003));
#8559=CARTESIAN_POINT('Ctrl Pts',(19.3360711604057,16.5578263020887,-0.170000000000003));
#8560=CARTESIAN_POINT('Ctrl Pts',(19.4314634431576,16.3429153755892,-0.170000000000003));
#8561=CARTESIAN_POINT('Ctrl Pts',(19.4758516725037,16.2339881835943,-0.170000000000003));
#8562=CARTESIAN_POINT('Ctrl Pts',(19.5374829459456,16.0684028656841,-0.170000000000003));
#8563=CARTESIAN_POINT('Ctrl Pts',(19.5572012344873,16.0128418718762,-0.170000000000003));
#8564=CARTESIAN_POINT('Ctrl Pts',(19.5949849135531,15.9009885460462,-0.170000000000003));
#8565=CARTESIAN_POINT('Ctrl Pts',(19.6130492008736,15.8446991640919,-0.170000000000004));
#8566=CARTESIAN_POINT('Ctrl Pts',(19.6475249383379,15.7313765893127,-0.170000000000003));
#8567=CARTESIAN_POINT('Ctrl Pts',(19.6639289481656,15.6743403086222,-0.170000000000003));
#8568=CARTESIAN_POINT('Ctrl Pts',(19.6872914573788,15.5882836890699,-0.170000000000003));
#8569=CARTESIAN_POINT('Ctrl Pts',(19.6948747751805,15.5595012226951,-0.170000000000004));
#8570=CARTESIAN_POINT('Ctrl Pts',(19.7096289254123,15.5017790326308,-0.170000000000004));
#8571=CARTESIAN_POINT('Ctrl Pts',(19.7167826092301,15.4729061883835,-0.170000000000003));
#8572=CARTESIAN_POINT('Ctrl Pts',(19.7306571357834,15.4151262224938,-0.170000000000003));
#8573=CARTESIAN_POINT('Ctrl Pts',(19.7373774599845,15.3862211391552,-0.170000000000003));
#8574=CARTESIAN_POINT('Ctrl Pts',(19.7503950429503,15.3283821828261,-0.170000000000003));
#8575=CARTESIAN_POINT('Ctrl Pts',(19.7566923019483,15.2994483097105,-0.170000000000003));
#8576=CARTESIAN_POINT('Ctrl Pts',(19.7749656704087,15.2126055636341,-0.170000000000003));
#8577=CARTESIAN_POINT('Ctrl Pts',(19.7863233876681,15.1546555790538,-0.170000000000003));
#8578=CARTESIAN_POINT('Ctrl Pts',(19.8180520191081,14.9806569355013,-0.170000000000003));
#8579=CARTESIAN_POINT('Ctrl Pts',(19.8360787211711,14.8644599061152,-0.170000000000003));
#8580=CARTESIAN_POINT('Ctrl Pts',(19.8665632827467,14.6317463017894,-0.170000000000003));
#8581=CARTESIAN_POINT('Ctrl Pts',(19.8790216385021,14.5152314305845,-0.170000000000003));
#8582=CARTESIAN_POINT('Ctrl Pts',(19.909050701692,14.1653000901973,-0.170000000000003));
#8583=CARTESIAN_POINT('Ctrl Pts',(19.919239282311,13.9318243632898,-0.170000000000003));
#8584=CARTESIAN_POINT('Ctrl Pts',(19.9297161378814,13.4653631652813,-0.170000000000003));
#8585=CARTESIAN_POINT('Ctrl Pts',(19.9299967811082,13.2323666994197,-0.170000000000003));
#8586=CARTESIAN_POINT('Ctrl Pts',(19.93,13.,-0.170000000000003));
#8587=CARTESIAN_POINT('',(19.93,13.,-0.87));
#8588=CARTESIAN_POINT('Origin',(19.93,-13.,-2.07));
#8589=CARTESIAN_POINT('',(19.93,13.,-0.170000000000003));
#8590=CARTESIAN_POINT('Origin',(18.1842585658653,-18.1924310442813,-0.07));
#8591=CARTESIAN_POINT('',(19.83,-13.,-0.07));
#8592=CARTESIAN_POINT('',(19.83,13.,-0.07));
#8593=CARTESIAN_POINT('',(19.83,-13.,-0.07));
#8594=CARTESIAN_POINT('',(13.,19.83,-0.07));
#8595=CARTESIAN_POINT('Ctrl Pts',(19.83,13.,-0.07));
#8596=CARTESIAN_POINT('Ctrl Pts',(19.8299982305404,13.2322805934958,-0.07));
#8597=CARTESIAN_POINT('Ctrl Pts',(19.8297094421923,13.4645354057462,-0.07));
#8598=CARTESIAN_POINT('Ctrl Pts',(19.8192963970736,13.9281615674756,-0.07));
#8599=CARTESIAN_POINT('Ctrl Pts',(19.8091784902505,14.1595334872807,-0.07));
#8600=CARTESIAN_POINT('Ctrl Pts',(19.7795070468768,14.5052894030885,-0.07));
#8601=CARTESIAN_POINT('Ctrl Pts',(19.7672051196905,14.6203247688681,-0.07));
#8602=CARTESIAN_POINT('Ctrl Pts',(19.7371311093223,14.8499041481981,-0.07));
#8603=CARTESIAN_POINT('Ctrl Pts',(19.7193587205399,14.9644481342938,-0.07));
#8604=CARTESIAN_POINT('Ctrl Pts',(19.6881033797989,15.1358512134911,-0.07));
#8605=CARTESIAN_POINT('Ctrl Pts',(19.6769187400066,15.192916750582,-0.07));
#8606=CARTESIAN_POINT('Ctrl Pts',(19.6589301262489,15.2784062203937,-0.07));
#8607=CARTESIAN_POINT('Ctrl Pts',(19.6465338248493,15.3353629209829,-0.07));
#8608=CARTESIAN_POINT('Ctrl Pts',(19.6333088447897,15.3922451861969,-0.07));
#8609=CARTESIAN_POINT('Ctrl Pts',(19.6196590433892,15.4490892921853,-0.07));
#8610=CARTESIAN_POINT('Ctrl Pts',(19.6126222421524,15.4774902609308,-0.07));
#8611=CARTESIAN_POINT('Ctrl Pts',(19.5981112597407,15.5342611129637,-0.07));
#8612=CARTESIAN_POINT('Ctrl Pts',(19.5906539623676,15.5625651631039,-0.07));
#8613=CARTESIAN_POINT('Ctrl Pts',(19.5676826862718,15.6471806386826,-0.07));
#8614=CARTESIAN_POINT('Ctrl Pts',(19.5515586108083,15.7032430415431,-0.07));
#8615=CARTESIAN_POINT('Ctrl Pts',(19.5176740883985,15.8146222889379,-0.07));
#8616=CARTESIAN_POINT('Ctrl Pts',(19.499918880616,15.8699485278373,-0.07));
#8617=CARTESIAN_POINT('Ctrl Pts',(19.4627858494181,15.9798757010851,-0.07));
#8618=CARTESIAN_POINT('Ctrl Pts',(19.4434082025208,16.0344767143359,-0.07));
#8619=CARTESIAN_POINT('Ctrl Pts',(19.3828446820942,16.1971932918933,-0.07));
#8620=CARTESIAN_POINT('Ctrl Pts',(19.3392294262022,16.3042229292228,-0.07));
#8621=CARTESIAN_POINT('Ctrl Pts',(19.2455038400562,16.5153789242038,-0.07));
#8622=CARTESIAN_POINT('Ctrl Pts',(19.1953935977049,16.6195053211434,-0.07));
#8623=CARTESIAN_POINT('Ctrl Pts',(19.1153136959906,16.7734981320282,-0.07));
#8624=CARTESIAN_POINT('Ctrl Pts',(19.0878010622419,16.8244628293998,-0.07));
#8625=CARTESIAN_POINT('Ctrl Pts',(19.03112562684,16.9256546038056,-0.07));
#8626=CARTESIAN_POINT('Ctrl Pts',(19.0019638654595,16.9758821458342,-0.07));
#8627=CARTESIAN_POINT('Ctrl Pts',(18.9569702635575,17.0506642834187,-0.07));
#8628=CARTESIAN_POINT('Ctrl Pts',(18.9417599147311,17.0754966839746,-0.07));
#8629=CARTESIAN_POINT('Ctrl Pts',(18.9109170608568,17.1249727824657,-0.07));
#8630=CARTESIAN_POINT('Ctrl Pts',(18.8952843774807,17.1496164006867,-0.07));
#8631=CARTESIAN_POINT('Ctrl Pts',(18.8635974385521,17.1987151955703,-0.07));
#8632=CARTESIAN_POINT('Ctrl Pts',(18.847545929291,17.2231662026201,-0.07));
#8633=CARTESIAN_POINT('Ctrl Pts',(18.8150104980778,17.2718965182711,-0.07));
#8634=CARTESIAN_POINT('Ctrl Pts',(18.7985458560702,17.2961462756415,-0.07));
#8635=CARTESIAN_POINT('Ctrl Pts',(18.7486907552366,17.3683691512773,-0.07));
#8636=CARTESIAN_POINT('Ctrl Pts',(18.7147897195717,17.4158949834062,-0.07));
#8637=CARTESIAN_POINT('Ctrl Pts',(18.6456965386685,17.5097135029928,-0.0700000000000008));
#8638=CARTESIAN_POINT('Ctrl Pts',(18.6105029945639,17.5560087339745,-0.07));
#8639=CARTESIAN_POINT('Ctrl Pts',(18.5030104472093,17.6930798133558,-0.0699999999999987));
#8640=CARTESIAN_POINT('Ctrl Pts',(18.4288037445991,17.7820450492187,-0.0700000000000022));
#8641=CARTESIAN_POINT('Ctrl Pts',(18.3137013230075,17.9118935370718,-0.0700000000000008));
#8642=CARTESIAN_POINT('Ctrl Pts',(18.274700577641,17.9545753233757,-0.070000000000002));
#8643=CARTESIAN_POINT('Ctrl Pts',(18.2152418158832,18.0176890956618,-0.07));
#8644=CARTESIAN_POINT('Ctrl Pts',(18.1952624390185,18.0385753621789,-0.07));
#8645=CARTESIAN_POINT('Ctrl Pts',(18.1549823231804,18.0800428879068,-0.0699999999999992));
#8646=CARTESIAN_POINT('Ctrl Pts',(18.1346809260676,18.1006235224666,-0.0699999999999985));
#8647=CARTESIAN_POINT('Ctrl Pts',(18.0732931653934,18.1619064667179,-0.0699999999999989));
#8648=CARTESIAN_POINT('Ctrl Pts',(18.0317391020606,18.2021648788415,-0.07));
#8649=CARTESIAN_POINT('Ctrl Pts',(17.947355290423,18.2814709404655,-0.07));
#8650=CARTESIAN_POINT('Ctrl Pts',(17.9045265245452,18.3205195223836,-0.07));
#8651=CARTESIAN_POINT('Ctrl Pts',(17.8175831757236,18.3973963071235,-0.07));
#8652=CARTESIAN_POINT('Ctrl Pts',(17.7734686511169,18.4352245653136,-0.07));
#8653=CARTESIAN_POINT('Ctrl Pts',(17.7063231897368,18.4910428304968,-0.07));
#8654=CARTESIAN_POINT('Ctrl Pts',(17.6837792579242,18.5094950577302,-0.07));
#8655=CARTESIAN_POINT('Ctrl Pts',(17.638364980852,18.5460897106272,-0.07));
#8656=CARTESIAN_POINT('Ctrl Pts',(17.6154955794333,18.5642330320936,-0.0700000000000011));
#8657=CARTESIAN_POINT('Ctrl Pts',(17.5694260932883,18.600205820908,-0.0700000000000014));
#8658=CARTESIAN_POINT('Ctrl Pts',(17.5462283767363,18.6180300719374,-0.07));
#8659=CARTESIAN_POINT('Ctrl Pts',(17.4994826611305,18.6533759739647,-0.07));
#8660=CARTESIAN_POINT('Ctrl Pts',(17.4759680577627,18.6708715743985,-0.07));
#8661=CARTESIAN_POINT('Ctrl Pts',(17.4051601714497,18.7227132763137,-0.0699999999999979));
#8662=CARTESIAN_POINT('Ctrl Pts',(17.3575339709028,18.7564701855911,-0.0699999999999987));
#8663=CARTESIAN_POINT('Ctrl Pts',(17.2614674147434,18.8223844931336,-0.0700000000000012));
#8664=CARTESIAN_POINT('Ctrl Pts',(17.2130243425662,18.8545441094509,-0.069999999999999));
#8665=CARTESIAN_POINT('Ctrl Pts',(17.1153186891085,18.917268421113,-0.0700000000000023));
#8666=CARTESIAN_POINT('Ctrl Pts',(17.0660548519832,18.9478306723155,-0.069999999999999));
#8667=CARTESIAN_POINT('Ctrl Pts',(16.9666993177885,19.0073440015254,-0.0700000000000009));
#8668=CARTESIAN_POINT('Ctrl Pts',(16.9166156006563,19.0363106099034,-0.070000000000001));
#8669=CARTESIAN_POINT('Ctrl Pts',(16.815630940361,19.0926533490328,-0.07));
#8670=CARTESIAN_POINT('Ctrl Pts',(16.7647305461581,19.120030548138,-0.07));
#8671=CARTESIAN_POINT('Ctrl Pts',(16.6108021883042,19.1997738284343,-0.07));
#8672=CARTESIAN_POINT('Ctrl Pts',(16.5065470267351,19.24975154848,-0.07));
#8673=CARTESIAN_POINT('Ctrl Pts',(16.3476983829891,19.3199190142515,-0.07));
#8674=CARTESIAN_POINT('Ctrl Pts',(16.2943378569475,19.3425083277117,-0.07));
#8675=CARTESIAN_POINT('Ctrl Pts',(16.1867929998781,19.3860836730489,-0.07));
#8676=CARTESIAN_POINT('Ctrl Pts',(16.1326086687285,19.4070697046892,-0.07));
#8677=CARTESIAN_POINT('Ctrl Pts',(16.0507129657919,19.4373436587931,-0.07));
#8678=CARTESIAN_POINT('Ctrl Pts',(15.9959094291121,19.4571245984045,-0.07));
#8679=CARTESIAN_POINT('Ctrl Pts',(15.9406926475169,19.4761012846142,-0.07));
#8680=CARTESIAN_POINT('Ctrl Pts',(15.8852690251451,19.4946754192336,-0.07));
#8681=CARTESIAN_POINT('Ctrl Pts',(15.8574595408909,19.5037595670815,-0.0699999999999975));
#8682=CARTESIAN_POINT('Ctrl Pts',(15.8016105268005,19.5215314663982,-0.0700000000000025));
#8683=CARTESIAN_POINT('Ctrl Pts',(15.7736171912266,19.5302059088385,-0.07));
#8684=CARTESIAN_POINT('Ctrl Pts',(15.6896218368563,19.5555301007311,-0.07));
#8685=CARTESIAN_POINT('Ctrl Pts',(15.6335166417322,19.5715074028774,-0.07));
#8686=CARTESIAN_POINT('Ctrl Pts',(15.5211240154876,19.6017486689562,-0.07));
#8687=CARTESIAN_POINT('Ctrl Pts',(15.4648327117045,19.6160130530853,-0.07));
#8688=CARTESIAN_POINT('Ctrl Pts',(15.3520682896353,19.6429029395431,-0.07));
#8689=CARTESIAN_POINT('Ctrl Pts',(15.2955951277313,19.6555280486781,-0.07));
#8690=CARTESIAN_POINT('Ctrl Pts',(15.182472515156,19.6791891942919,-0.07));
#8691=CARTESIAN_POINT('Ctrl Pts',(15.1258226813626,19.6902217771697,-0.07));
#8692=CARTESIAN_POINT('Ctrl Pts',(15.0123508746986,19.710735276189,-0.07));
#8693=CARTESIAN_POINT('Ctrl Pts',(14.9555306577497,19.7202320197789,-0.07));
#8694=CARTESIAN_POINT('Ctrl Pts',(14.8417307854086,19.7377883239031,-0.07));
#8695=CARTESIAN_POINT('Ctrl Pts',(14.7847512678007,19.7458491263085,-0.07));
#8696=CARTESIAN_POINT('Ctrl Pts',(14.6706431171947,19.7606266001574,-0.07));
#8697=CARTESIAN_POINT('Ctrl Pts',(14.613514497775,19.7673433939965,-0.0700000000000008));
#8698=CARTESIAN_POINT('Ctrl Pts',(14.4991181666302,19.7795231991258,-0.0699999999999991));
#8699=CARTESIAN_POINT('Ctrl Pts',(14.4418506126008,19.7849876318157,-0.07));
#8700=CARTESIAN_POINT('Ctrl Pts',(14.2698537390116,19.7996303015533,-0.069999999999999));
#8701=CARTESIAN_POINT('Ctrl Pts',(14.1549252118011,19.807012873944,-0.07));
#8702=CARTESIAN_POINT('Ctrl Pts',(13.9246703765516,19.8181924097275,-0.07));
#8703=CARTESIAN_POINT('Ctrl Pts',(13.8093437982683,19.8219869369831,-0.07));
#8704=CARTESIAN_POINT('Ctrl Pts',(13.4629586077206,19.8297157279602,-0.07));
#8705=CARTESIAN_POINT('Ctrl Pts',(13.231494953421,19.8299989296244,-0.07));
#8706=CARTESIAN_POINT('Ctrl Pts',(13.,19.83,-0.07));
#8707=CARTESIAN_POINT('',(-13.,19.83,-0.07));
#8708=CARTESIAN_POINT('',(13.,19.83,-0.07));
#8709=CARTESIAN_POINT('',(-19.83,13.,-0.07));
#8710=CARTESIAN_POINT('Ctrl Pts',(-13.,19.83,-0.07));
#8711=CARTESIAN_POINT('Ctrl Pts',(-13.2322805934958,19.8299982305404,-0.07));
#8712=CARTESIAN_POINT('Ctrl Pts',(-13.4645354057462,19.8297094421923,-0.07));
#8713=CARTESIAN_POINT('Ctrl Pts',(-13.9281615674757,19.8192963970736,-0.070000000000001));
#8714=CARTESIAN_POINT('Ctrl Pts',(-14.1595334872807,19.8091784902505,-0.0700000000000008));
#8715=CARTESIAN_POINT('Ctrl Pts',(-14.5052894030885,19.7795070468768,-0.07));
#8716=CARTESIAN_POINT('Ctrl Pts',(-14.6203247688682,19.7672051196905,-0.07));
#8717=CARTESIAN_POINT('Ctrl Pts',(-14.8499041481982,19.7371311093223,-0.07));
#8718=CARTESIAN_POINT('Ctrl Pts',(-14.9644481342939,19.7193587205399,-0.07));
#8719=CARTESIAN_POINT('Ctrl Pts',(-15.1358512134913,19.6881033797989,-0.07));
#8720=CARTESIAN_POINT('Ctrl Pts',(-15.1929167505821,19.6769187400065,-0.0700000000000015));
#8721=CARTESIAN_POINT('Ctrl Pts',(-15.2784062203938,19.6589301262489,-0.07));
#8722=CARTESIAN_POINT('Ctrl Pts',(-15.335362920983,19.6465338248493,-0.07));
#8723=CARTESIAN_POINT('Ctrl Pts',(-15.392245186197,19.6333088447897,-0.07));
#8724=CARTESIAN_POINT('Ctrl Pts',(-15.4490892921854,19.6196590433891,-0.07));
#8725=CARTESIAN_POINT('Ctrl Pts',(-15.4774902609309,19.6126222421523,-0.07));
#8726=CARTESIAN_POINT('Ctrl Pts',(-15.5342611129639,19.5981112597407,-0.07));
#8727=CARTESIAN_POINT('Ctrl Pts',(-15.5625651631041,19.5906539623676,-0.07));
#8728=CARTESIAN_POINT('Ctrl Pts',(-15.6471806386827,19.5676826862718,-0.07));
#8729=CARTESIAN_POINT('Ctrl Pts',(-15.7032430415432,19.5515586108083,-0.07));
#8730=CARTESIAN_POINT('Ctrl Pts',(-15.8146222889381,19.5176740883984,-0.07));
#8731=CARTESIAN_POINT('Ctrl Pts',(-15.8699485278374,19.499918880616,-0.07));
#8732=CARTESIAN_POINT('Ctrl Pts',(-15.9798757010853,19.4627858494181,-0.07));
#8733=CARTESIAN_POINT('Ctrl Pts',(-16.034476714336,19.4434082025207,-0.07));
#8734=CARTESIAN_POINT('Ctrl Pts',(-16.1971932918935,19.3828446820942,-0.07));
#8735=CARTESIAN_POINT('Ctrl Pts',(-16.3042229292229,19.3392294262022,-0.07));
#8736=CARTESIAN_POINT('Ctrl Pts',(-16.5153789242039,19.2455038400562,-0.07));
#8737=CARTESIAN_POINT('Ctrl Pts',(-16.6195053211435,19.1953935977049,-0.07));
#8738=CARTESIAN_POINT('Ctrl Pts',(-16.7734981320283,19.1153136959906,-0.07));
#8739=CARTESIAN_POINT('Ctrl Pts',(-16.8244628294,19.0878010622419,-0.07));
#8740=CARTESIAN_POINT('Ctrl Pts',(-16.9256546038058,19.03112562684,-0.07));
#8741=CARTESIAN_POINT('Ctrl Pts',(-16.9758821458343,19.0019638654595,-0.0700000000000028));
#8742=CARTESIAN_POINT('Ctrl Pts',(-17.0506642834188,18.9569702635575,-0.07));
#8743=CARTESIAN_POINT('Ctrl Pts',(-17.0754966839748,18.941759914731,-0.07));
#8744=CARTESIAN_POINT('Ctrl Pts',(-17.1249727824659,18.9109170608568,-0.07));
#8745=CARTESIAN_POINT('Ctrl Pts',(-17.1496164006868,18.8952843774807,-0.07));
#8746=CARTESIAN_POINT('Ctrl Pts',(-17.1987151955704,18.863597438552,-0.07));
#8747=CARTESIAN_POINT('Ctrl Pts',(-17.2231662026203,18.847545929291,-0.07));
#8748=CARTESIAN_POINT('Ctrl Pts',(-17.2718965182713,18.8150104980777,-0.07));
#8749=CARTESIAN_POINT('Ctrl Pts',(-17.2961462756417,18.7985458560701,-0.07));
#8750=CARTESIAN_POINT('Ctrl Pts',(-17.3683691512775,18.7486907552366,-0.07));
#8751=CARTESIAN_POINT('Ctrl Pts',(-17.4158949834063,18.7147897195716,-0.07));
#8752=CARTESIAN_POINT('Ctrl Pts',(-17.509713502993,18.6456965386685,-0.07));
#8753=CARTESIAN_POINT('Ctrl Pts',(-17.5560087339747,18.6105029945638,-0.07));
#8754=CARTESIAN_POINT('Ctrl Pts',(-17.6930798133559,18.5030104472093,-0.0699999999999988));
#8755=CARTESIAN_POINT('Ctrl Pts',(-17.7820450492188,18.4288037445991,-0.0700000000000017));
#8756=CARTESIAN_POINT('Ctrl Pts',(-17.9118935370719,18.3137013230074,-0.07));
#8757=CARTESIAN_POINT('Ctrl Pts',(-17.9545753233759,18.2747005776409,-0.07));
#8758=CARTESIAN_POINT('Ctrl Pts',(-18.017689095662,18.2152418158832,-0.07));
#8759=CARTESIAN_POINT('Ctrl Pts',(-18.038575362179,18.1952624390185,-0.07));
#8760=CARTESIAN_POINT('Ctrl Pts',(-18.0800428879069,18.1549823231803,-0.07));
#8761=CARTESIAN_POINT('Ctrl Pts',(-18.1006235224667,18.1346809260675,-0.07));
#8762=CARTESIAN_POINT('Ctrl Pts',(-18.161906466718,18.0732931653933,-0.07));
#8763=CARTESIAN_POINT('Ctrl Pts',(-18.2021648788417,18.0317391020605,-0.07));
#8764=CARTESIAN_POINT('Ctrl Pts',(-18.2814709404656,17.9473552904229,-0.07));
#8765=CARTESIAN_POINT('Ctrl Pts',(-18.3205195223837,17.9045265245451,-0.07));
#8766=CARTESIAN_POINT('Ctrl Pts',(-18.3973963071237,17.8175831757235,-0.07));
#8767=CARTESIAN_POINT('Ctrl Pts',(-18.4352245653137,17.7734686511169,-0.07));
#8768=CARTESIAN_POINT('Ctrl Pts',(-18.4910428304969,17.7063231897368,-0.07));
#8769=CARTESIAN_POINT('Ctrl Pts',(-18.5094950577304,17.6837792579241,-0.07));
#8770=CARTESIAN_POINT('Ctrl Pts',(-18.5460897106273,17.6383649808519,-0.07));
#8771=CARTESIAN_POINT('Ctrl Pts',(-18.5642330320937,17.6154955794332,-0.0700000000000008));
#8772=CARTESIAN_POINT('Ctrl Pts',(-18.6002058209081,17.5694260932882,-0.0699999999999991));
#8773=CARTESIAN_POINT('Ctrl Pts',(-18.6180300719376,17.5462283767361,-0.07));
#8774=CARTESIAN_POINT('Ctrl Pts',(-18.6533759739648,17.4994826611303,-0.07));
#8775=CARTESIAN_POINT('Ctrl Pts',(-18.6708715743987,17.4759680577626,-0.07));
#8776=CARTESIAN_POINT('Ctrl Pts',(-18.7227132763139,17.4051601714496,-0.07));
#8777=CARTESIAN_POINT('Ctrl Pts',(-18.7564701855913,17.3575339709027,-0.07));
#8778=CARTESIAN_POINT('Ctrl Pts',(-18.8223844931337,17.2614674147434,-0.07));
#8779=CARTESIAN_POINT('Ctrl Pts',(-18.8545441094511,17.2130243425661,-0.07));
#8780=CARTESIAN_POINT('Ctrl Pts',(-18.9172684211131,17.1153186891084,-0.07));
#8781=CARTESIAN_POINT('Ctrl Pts',(-18.9478306723156,17.0660548519831,-0.070000000000001));
#8782=CARTESIAN_POINT('Ctrl Pts',(-19.0073440015255,16.9666993177884,-0.069999999999999));
#8783=CARTESIAN_POINT('Ctrl Pts',(-19.0363106099035,16.9166156006561,-0.07));
#8784=CARTESIAN_POINT('Ctrl Pts',(-19.0926533490329,16.8156309403609,-0.07));
#8785=CARTESIAN_POINT('Ctrl Pts',(-19.1200305481381,16.7647305461579,-0.07));
#8786=CARTESIAN_POINT('Ctrl Pts',(-19.1997738284344,16.6108021883041,-0.0699999999999988));
#8787=CARTESIAN_POINT('Ctrl Pts',(-19.24975154848,16.506547026735,-0.07));
#8788=CARTESIAN_POINT('Ctrl Pts',(-19.3199190142516,16.347698382989,-0.07));
#8789=CARTESIAN_POINT('Ctrl Pts',(-19.3425083277118,16.2943378569475,-0.0699999999999991));
#8790=CARTESIAN_POINT('Ctrl Pts',(-19.3860836730489,16.186792999878,-0.0700000000000009));
#8791=CARTESIAN_POINT('Ctrl Pts',(-19.4070697046893,16.1326086687284,-0.07));
#8792=CARTESIAN_POINT('Ctrl Pts',(-19.4373436587932,16.0507129657918,-0.07));
#8793=CARTESIAN_POINT('Ctrl Pts',(-19.4571245984046,15.995909429112,-0.0700000000000022));
#8794=CARTESIAN_POINT('Ctrl Pts',(-19.4761012846144,15.9406926475168,-0.07));
#8795=CARTESIAN_POINT('Ctrl Pts',(-19.4946754192337,15.885269025145,-0.07));
#8796=CARTESIAN_POINT('Ctrl Pts',(-19.5037595670816,15.8574595408907,-0.0699999999999988));
#8797=CARTESIAN_POINT('Ctrl Pts',(-19.5215314663984,15.8016105268004,-0.07));
#8798=CARTESIAN_POINT('Ctrl Pts',(-19.5302059088386,15.7736171912264,-0.07));
#8799=CARTESIAN_POINT('Ctrl Pts',(-19.5555301007312,15.6896218368561,-0.07));
#8800=CARTESIAN_POINT('Ctrl Pts',(-19.5715074028775,15.633516641732,-0.069999999999999));
#8801=CARTESIAN_POINT('Ctrl Pts',(-19.6017486689563,15.5211240154875,-0.07));
#8802=CARTESIAN_POINT('Ctrl Pts',(-19.6160130530853,15.4648327117044,-0.0699999999999991));
#8803=CARTESIAN_POINT('Ctrl Pts',(-19.6429029395432,15.3520682896353,-0.0700000000000009));
#8804=CARTESIAN_POINT('Ctrl Pts',(-19.6555280486781,15.2955951277312,-0.07));
#8805=CARTESIAN_POINT('Ctrl Pts',(-19.679189194292,15.1824725151559,-0.07));
#8806=CARTESIAN_POINT('Ctrl Pts',(-19.6902217771698,15.1258226813625,-0.07));
#8807=CARTESIAN_POINT('Ctrl Pts',(-19.710735276189,15.0123508746985,-0.07));
#8808=CARTESIAN_POINT('Ctrl Pts',(-19.7202320197789,14.9555306577497,-0.07));
#8809=CARTESIAN_POINT('Ctrl Pts',(-19.7377883239031,14.8417307854085,-0.07));
#8810=CARTESIAN_POINT('Ctrl Pts',(-19.7458491263085,14.7847512678006,-0.07));
#8811=CARTESIAN_POINT('Ctrl Pts',(-19.7606266001574,14.6706431171946,-0.07));
#8812=CARTESIAN_POINT('Ctrl Pts',(-19.7673433939965,14.613514497775,-0.07));
#8813=CARTESIAN_POINT('Ctrl Pts',(-19.7795231991258,14.4991181666301,-0.07));
#8814=CARTESIAN_POINT('Ctrl Pts',(-19.7849876318157,14.4418506126008,-0.07));
#8815=CARTESIAN_POINT('Ctrl Pts',(-19.7996303015533,14.2698537390116,-0.07));
#8816=CARTESIAN_POINT('Ctrl Pts',(-19.807012873944,14.1549252118011,-0.07));
#8817=CARTESIAN_POINT('Ctrl Pts',(-19.8181924097275,13.9246703765515,-0.07));
#8818=CARTESIAN_POINT('Ctrl Pts',(-19.8219869369831,13.8093437982683,-0.07));
#8819=CARTESIAN_POINT('Ctrl Pts',(-19.8297157279602,13.4629586077206,-0.07));
#8820=CARTESIAN_POINT('Ctrl Pts',(-19.8299989296244,13.231494953421,-0.07));
#8821=CARTESIAN_POINT('Ctrl Pts',(-19.83,13.,-0.07));
#8822=CARTESIAN_POINT('',(-19.83,-13.,-0.07));
#8823=CARTESIAN_POINT('',(-19.83,13.,-0.07));
#8824=CARTESIAN_POINT('',(-13.,-19.83,-0.07));
#8825=CARTESIAN_POINT('Ctrl Pts',(-19.83,-13.,-0.07));
#8826=CARTESIAN_POINT('Ctrl Pts',(-19.8299982305404,-13.2322805934958,-0.07));
#8827=CARTESIAN_POINT('Ctrl Pts',(-19.8297094421923,-13.4645354057462,-0.07));
#8828=CARTESIAN_POINT('Ctrl Pts',(-19.8192963970736,-13.9281615674756,-0.0699999999999992));
#8829=CARTESIAN_POINT('Ctrl Pts',(-19.8091784902505,-14.1595334872807,-0.0699999999999962));
#8830=CARTESIAN_POINT('Ctrl Pts',(-19.7795070468768,-14.5052894030885,-0.07));
#8831=CARTESIAN_POINT('Ctrl Pts',(-19.7672051196905,-14.6203247688681,-0.0699999999999988));
#8832=CARTESIAN_POINT('Ctrl Pts',(-19.7371311093223,-14.8499041481981,-0.0700000000000011));
#8833=CARTESIAN_POINT('Ctrl Pts',(-19.7193587205398,-14.9644481342938,-0.07));
#8834=CARTESIAN_POINT('Ctrl Pts',(-19.6881033797989,-15.1358512134912,-0.07));
#8835=CARTESIAN_POINT('Ctrl Pts',(-19.6769187400066,-15.1929167505821,-0.070000000000001));
#8836=CARTESIAN_POINT('Ctrl Pts',(-19.6589301262489,-15.2784062203937,-0.07));
#8837=CARTESIAN_POINT('Ctrl Pts',(-19.6465338248493,-15.3353629209831,-0.07));
#8838=CARTESIAN_POINT('Ctrl Pts',(-19.6333088447897,-15.3922451861969,-0.07));
#8839=CARTESIAN_POINT('Ctrl Pts',(-19.6196590433891,-15.4490892921854,-0.07));
#8840=CARTESIAN_POINT('Ctrl Pts',(-19.6126222421523,-15.4774902609308,-0.07));
#8841=CARTESIAN_POINT('Ctrl Pts',(-19.5981112597407,-15.5342611129638,-0.07));
#8842=CARTESIAN_POINT('Ctrl Pts',(-19.5906539623676,-15.562565163104,-0.07));
#8843=CARTESIAN_POINT('Ctrl Pts',(-19.5676826862718,-15.6471806386826,-0.07));
#8844=CARTESIAN_POINT('Ctrl Pts',(-19.5515586108083,-15.7032430415431,-0.07));
#8845=CARTESIAN_POINT('Ctrl Pts',(-19.5176740883985,-15.814622288938,-0.07));
#8846=CARTESIAN_POINT('Ctrl Pts',(-19.499918880616,-15.8699485278374,-0.07));
#8847=CARTESIAN_POINT('Ctrl Pts',(-19.4627858494181,-15.9798757010852,-0.07));
#8848=CARTESIAN_POINT('Ctrl Pts',(-19.4434082025207,-16.034476714336,-0.07));
#8849=CARTESIAN_POINT('Ctrl Pts',(-19.3828446820942,-16.1971932918934,-0.07));
#8850=CARTESIAN_POINT('Ctrl Pts',(-19.3392294262022,-16.3042229292229,-0.0700000000000008));
#8851=CARTESIAN_POINT('Ctrl Pts',(-19.2455038400562,-16.5153789242039,-0.0699999999999991));
#8852=CARTESIAN_POINT('Ctrl Pts',(-19.1953935977049,-16.6195053211435,-0.07));
#8853=CARTESIAN_POINT('Ctrl Pts',(-19.1153136959906,-16.7734981320283,-0.07));
#8854=CARTESIAN_POINT('Ctrl Pts',(-19.0878010622419,-16.8244628294,-0.07));
#8855=CARTESIAN_POINT('Ctrl Pts',(-19.03112562684,-16.9256546038057,-0.07));
#8856=CARTESIAN_POINT('Ctrl Pts',(-19.0019638654595,-16.9758821458343,-0.0700000000000008));
#8857=CARTESIAN_POINT('Ctrl Pts',(-18.9569702635575,-17.0506642834188,-0.07));
#8858=CARTESIAN_POINT('Ctrl Pts',(-18.9417599147311,-17.0754966839748,-0.07));
#8859=CARTESIAN_POINT('Ctrl Pts',(-18.9109170608568,-17.1249727824658,-0.07));
#8860=CARTESIAN_POINT('Ctrl Pts',(-18.8952843774807,-17.1496164006868,-0.07));
#8861=CARTESIAN_POINT('Ctrl Pts',(-18.8635974385521,-17.1987151955704,-0.07));
#8862=CARTESIAN_POINT('Ctrl Pts',(-18.847545929291,-17.2231662026203,-0.07));
#8863=CARTESIAN_POINT('Ctrl Pts',(-18.8150104980778,-17.2718965182712,-0.07));
#8864=CARTESIAN_POINT('Ctrl Pts',(-18.7985458560702,-17.2961462756417,-0.07));
#8865=CARTESIAN_POINT('Ctrl Pts',(-18.7486907552366,-17.3683691512774,-0.07));
#8866=CARTESIAN_POINT('Ctrl Pts',(-18.7147897195717,-17.4158949834063,-0.0699999999999992));
#8867=CARTESIAN_POINT('Ctrl Pts',(-18.6456965386685,-17.509713502993,-0.07));
#8868=CARTESIAN_POINT('Ctrl Pts',(-18.6105029945639,-17.5560087339747,-0.07));
#8869=CARTESIAN_POINT('Ctrl Pts',(-18.5030104472093,-17.6930798133559,-0.0699999999999989));
#8870=CARTESIAN_POINT('Ctrl Pts',(-18.4288037445991,-17.7820450492189,-0.0699999999999977));
#8871=CARTESIAN_POINT('Ctrl Pts',(-18.3137013230075,-17.9118935370719,-0.0699999999999992));
#8872=CARTESIAN_POINT('Ctrl Pts',(-18.274700577641,-17.9545753233759,-0.07));
#8873=CARTESIAN_POINT('Ctrl Pts',(-18.2152418158832,-18.017689095662,-0.07));
#8874=CARTESIAN_POINT('Ctrl Pts',(-18.1952624390185,-18.038575362179,-0.07));
#8875=CARTESIAN_POINT('Ctrl Pts',(-18.1549823231804,-18.0800428879069,-0.07));
#8876=CARTESIAN_POINT('Ctrl Pts',(-18.1346809260676,-18.1006235224667,-0.07));
#8877=CARTESIAN_POINT('Ctrl Pts',(-18.0732931653935,-18.161906466718,-0.0699999999999974));
#8878=CARTESIAN_POINT('Ctrl Pts',(-18.0317391020606,-18.2021648788417,-0.07));
#8879=CARTESIAN_POINT('Ctrl Pts',(-17.947355290423,-18.2814709404656,-0.07));
#8880=CARTESIAN_POINT('Ctrl Pts',(-17.9045265245452,-18.3205195223838,-0.07));
#8881=CARTESIAN_POINT('Ctrl Pts',(-17.8175831757236,-18.3973963071237,-0.07));
#8882=CARTESIAN_POINT('Ctrl Pts',(-17.7734686511169,-18.4352245653137,-0.07));
#8883=CARTESIAN_POINT('Ctrl Pts',(-17.7063231897368,-18.4910428304969,-0.07));
#8884=CARTESIAN_POINT('Ctrl Pts',(-17.6837792579242,-18.5094950577304,-0.07));
#8885=CARTESIAN_POINT('Ctrl Pts',(-17.638364980852,-18.5460897106273,-0.07));
#8886=CARTESIAN_POINT('Ctrl Pts',(-17.6154955794333,-18.5642330320937,-0.07));
#8887=CARTESIAN_POINT('Ctrl Pts',(-17.5694260932883,-18.6002058209081,-0.07));
#8888=CARTESIAN_POINT('Ctrl Pts',(-17.5462283767363,-18.6180300719376,-0.07));
#8889=CARTESIAN_POINT('Ctrl Pts',(-17.4994826611305,-18.6533759739648,-0.07));
#8890=CARTESIAN_POINT('Ctrl Pts',(-17.4759680577627,-18.6708715743987,-0.07));
#8891=CARTESIAN_POINT('Ctrl Pts',(-17.4051601714497,-18.7227132763139,-0.0700000000000016));
#8892=CARTESIAN_POINT('Ctrl Pts',(-17.3575339709028,-18.7564701855913,-0.07));
#8893=CARTESIAN_POINT('Ctrl Pts',(-17.2614674147435,-18.8223844931337,-0.07));
#8894=CARTESIAN_POINT('Ctrl Pts',(-17.2130243425662,-18.8545441094511,-0.07));
#8895=CARTESIAN_POINT('Ctrl Pts',(-17.1153186891085,-18.9172684211131,-0.07));
#8896=CARTESIAN_POINT('Ctrl Pts',(-17.0660548519832,-18.9478306723156,-0.07));
#8897=CARTESIAN_POINT('Ctrl Pts',(-16.9666993177885,-19.0073440015255,-0.07));
#8898=CARTESIAN_POINT('Ctrl Pts',(-16.9166156006562,-19.0363106099036,-0.07));
#8899=CARTESIAN_POINT('Ctrl Pts',(-16.815630940361,-19.092653349033,-0.07));
#8900=CARTESIAN_POINT('Ctrl Pts',(-16.7647305461581,-19.1200305481381,-0.07));
#8901=CARTESIAN_POINT('Ctrl Pts',(-16.6108021883042,-19.1997738284345,-0.07));
#8902=CARTESIAN_POINT('Ctrl Pts',(-16.5065470267351,-19.2497515484801,-0.0700000000000013));
#8903=CARTESIAN_POINT('Ctrl Pts',(-16.3476983829891,-19.3199190142517,-0.07));
#8904=CARTESIAN_POINT('Ctrl Pts',(-16.2943378569475,-19.3425083277118,-0.07));
#8905=CARTESIAN_POINT('Ctrl Pts',(-16.1867929998781,-19.386083673049,-0.07));
#8906=CARTESIAN_POINT('Ctrl Pts',(-16.1326086687285,-19.4070697046894,-0.0699999999999987));
#8907=CARTESIAN_POINT('Ctrl Pts',(-16.0507129657919,-19.4373436587932,-0.07));
#8908=CARTESIAN_POINT('Ctrl Pts',(-15.9959094291121,-19.4571245984046,-0.07));
#8909=CARTESIAN_POINT('Ctrl Pts',(-15.9406926475169,-19.4761012846144,-0.07));
#8910=CARTESIAN_POINT('Ctrl Pts',(-15.8852690251451,-19.4946754192337,-0.07));
#8911=CARTESIAN_POINT('Ctrl Pts',(-15.8574595408908,-19.5037595670816,-0.07));
#8912=CARTESIAN_POINT('Ctrl Pts',(-15.8016105268005,-19.5215314663984,-0.07));
#8913=CARTESIAN_POINT('Ctrl Pts',(-15.7736171912265,-19.5302059088386,-0.07));
#8914=CARTESIAN_POINT('Ctrl Pts',(-15.6896218368562,-19.5555301007312,-0.07));
#8915=CARTESIAN_POINT('Ctrl Pts',(-15.6335166417321,-19.5715074028775,-0.07));
#8916=CARTESIAN_POINT('Ctrl Pts',(-15.5211240154875,-19.6017486689563,-0.07));
#8917=CARTESIAN_POINT('Ctrl Pts',(-15.4648327117044,-19.6160130530854,-0.07));
#8918=CARTESIAN_POINT('Ctrl Pts',(-15.3520682896353,-19.6429029395432,-0.07));
#8919=CARTESIAN_POINT('Ctrl Pts',(-15.2955951277313,-19.6555280486781,-0.07));
#8920=CARTESIAN_POINT('Ctrl Pts',(-15.1824725151559,-19.679189194292,-0.07));
#8921=CARTESIAN_POINT('Ctrl Pts',(-15.1258226813625,-19.6902217771697,-0.07));
#8922=CARTESIAN_POINT('Ctrl Pts',(-15.0123508746985,-19.710735276189,-0.07));
#8923=CARTESIAN_POINT('Ctrl Pts',(-14.9555306577497,-19.7202320197789,-0.07));
#8924=CARTESIAN_POINT('Ctrl Pts',(-14.8417307854086,-19.7377883239031,-0.07));
#8925=CARTESIAN_POINT('Ctrl Pts',(-14.7847512678006,-19.7458491263085,-0.07));
#8926=CARTESIAN_POINT('Ctrl Pts',(-14.6706431171946,-19.7606266001574,-0.07));
#8927=CARTESIAN_POINT('Ctrl Pts',(-14.613514497775,-19.7673433939965,-0.0699999999999992));
#8928=CARTESIAN_POINT('Ctrl Pts',(-14.4991181666302,-19.7795231991258,-0.07));
#8929=CARTESIAN_POINT('Ctrl Pts',(-14.4418506126008,-19.7849876318158,-0.07));
#8930=CARTESIAN_POINT('Ctrl Pts',(-14.2698537390116,-19.7996303015533,-0.07));
#8931=CARTESIAN_POINT('Ctrl Pts',(-14.1549252118011,-19.807012873944,-0.07));
#8932=CARTESIAN_POINT('Ctrl Pts',(-13.9246703765515,-19.8181924097275,-0.07));
#8933=CARTESIAN_POINT('Ctrl Pts',(-13.8093437982683,-19.8219869369831,-0.07));
#8934=CARTESIAN_POINT('Ctrl Pts',(-13.4629586077205,-19.8297157279602,-0.07));
#8935=CARTESIAN_POINT('Ctrl Pts',(-13.231494953421,-19.8299989296244,-0.07));
#8936=CARTESIAN_POINT('Ctrl Pts',(-13.,-19.83,-0.07));
#8937=CARTESIAN_POINT('',(13.,-19.83,-0.07));
#8938=CARTESIAN_POINT('',(-13.,-19.83,-0.07));
#8939=CARTESIAN_POINT('Ctrl Pts',(13.,-19.83,-0.07));
#8940=CARTESIAN_POINT('Ctrl Pts',(13.2322805934958,-19.8299982305404,-0.07));
#8941=CARTESIAN_POINT('Ctrl Pts',(13.4645354057462,-19.8297094421923,-0.07));
#8942=CARTESIAN_POINT('Ctrl Pts',(13.9281615674756,-19.8192963970736,-0.07));
#8943=CARTESIAN_POINT('Ctrl Pts',(14.1595334872806,-19.8091784902505,-0.07));
#8944=CARTESIAN_POINT('Ctrl Pts',(14.5052894030885,-19.7795070468769,-0.07));
#8945=CARTESIAN_POINT('Ctrl Pts',(14.6203247688681,-19.7672051196905,-0.07));
#8946=CARTESIAN_POINT('Ctrl Pts',(14.8499041481981,-19.7371311093223,-0.07));
#8947=CARTESIAN_POINT('Ctrl Pts',(14.9644481342938,-19.7193587205399,-0.07));
#8948=CARTESIAN_POINT('Ctrl Pts',(15.1358512134911,-19.6881033797989,-0.07));
#8949=CARTESIAN_POINT('Ctrl Pts',(15.192916750582,-19.6769187400066,-0.07));
#8950=CARTESIAN_POINT('Ctrl Pts',(15.2784062203937,-19.658930126249,-0.07));
#8951=CARTESIAN_POINT('Ctrl Pts',(15.3353629209829,-19.6465338248492,-0.07));
#8952=CARTESIAN_POINT('Ctrl Pts',(15.3922451861969,-19.6333088447897,-0.07));
#8953=CARTESIAN_POINT('Ctrl Pts',(15.4490892921853,-19.6196590433892,-0.07));
#8954=CARTESIAN_POINT('Ctrl Pts',(15.4774902609308,-19.6126222421524,-0.07));
#8955=CARTESIAN_POINT('Ctrl Pts',(15.5342611129637,-19.5981112597407,-0.07));
#8956=CARTESIAN_POINT('Ctrl Pts',(15.5625651631039,-19.5906539623676,-0.07));
#8957=CARTESIAN_POINT('Ctrl Pts',(15.6471806386826,-19.5676826862719,-0.07));
#8958=CARTESIAN_POINT('Ctrl Pts',(15.7032430415431,-19.5515586108083,-0.07));
#8959=CARTESIAN_POINT('Ctrl Pts',(15.8146222889379,-19.5176740883985,-0.07));
#8960=CARTESIAN_POINT('Ctrl Pts',(15.8699485278373,-19.499918880616,-0.07));
#8961=CARTESIAN_POINT('Ctrl Pts',(15.9798757010851,-19.4627858494181,-0.07));
#8962=CARTESIAN_POINT('Ctrl Pts',(16.0344767143359,-19.4434082025208,-0.07));
#8963=CARTESIAN_POINT('Ctrl Pts',(16.1971932918933,-19.3828446820942,-0.07));
#8964=CARTESIAN_POINT('Ctrl Pts',(16.3042229292228,-19.3392294262022,-0.07));
#8965=CARTESIAN_POINT('Ctrl Pts',(16.5153789242038,-19.2455038400562,-0.07));
#8966=CARTESIAN_POINT('Ctrl Pts',(16.6195053211434,-19.1953935977049,-0.07));
#8967=CARTESIAN_POINT('Ctrl Pts',(16.7734981320282,-19.1153136959906,-0.07));
#8968=CARTESIAN_POINT('Ctrl Pts',(16.8244628293998,-19.087801062242,-0.07));
#8969=CARTESIAN_POINT('Ctrl Pts',(16.9256546038056,-19.0311256268401,-0.07));
#8970=CARTESIAN_POINT('Ctrl Pts',(16.9758821458342,-19.0019638654596,-0.07));
#8971=CARTESIAN_POINT('Ctrl Pts',(17.0506642834187,-18.9569702635576,-0.07));
#8972=CARTESIAN_POINT('Ctrl Pts',(17.0754966839747,-18.9417599147311,-0.07));
#8973=CARTESIAN_POINT('Ctrl Pts',(17.1249727824658,-18.9109170608568,-0.07));
#8974=CARTESIAN_POINT('Ctrl Pts',(17.1496164006867,-18.8952843774807,-0.07));
#8975=CARTESIAN_POINT('Ctrl Pts',(17.1987151955703,-18.8635974385521,-0.07));
#8976=CARTESIAN_POINT('Ctrl Pts',(17.2231662026202,-18.8475459292911,-0.07));
#8977=CARTESIAN_POINT('Ctrl Pts',(17.2718965182711,-18.8150104980779,-0.07));
#8978=CARTESIAN_POINT('Ctrl Pts',(17.2961462756416,-18.7985458560702,-0.07));
#8979=CARTESIAN_POINT('Ctrl Pts',(17.3683691512774,-18.7486907552367,-0.07));
#8980=CARTESIAN_POINT('Ctrl Pts',(17.4158949834063,-18.7147897195718,-0.07));
#8981=CARTESIAN_POINT('Ctrl Pts',(17.5097135029929,-18.6456965386686,-0.07));
#8982=CARTESIAN_POINT('Ctrl Pts',(17.5560087339746,-18.6105029945639,-0.07));
#8983=CARTESIAN_POINT('Ctrl Pts',(17.6930798133559,-18.5030104472094,-0.07));
#8984=CARTESIAN_POINT('Ctrl Pts',(17.7820450492188,-18.4288037445991,-0.0699999999999984));
#8985=CARTESIAN_POINT('Ctrl Pts',(17.9118935370718,-18.3137013230075,-0.07));
#8986=CARTESIAN_POINT('Ctrl Pts',(17.9545753233758,-18.274700577641,-0.07));
#8987=CARTESIAN_POINT('Ctrl Pts',(18.0176890956619,-18.2152418158833,-0.07));
#8988=CARTESIAN_POINT('Ctrl Pts',(18.0385753621789,-18.1952624390186,-0.0700000000000011));
#8989=CARTESIAN_POINT('Ctrl Pts',(18.0800428879068,-18.1549823231804,-0.0699999999999988));
#8990=CARTESIAN_POINT('Ctrl Pts',(18.1006235224666,-18.1346809260677,-0.070000000000001));
#8991=CARTESIAN_POINT('Ctrl Pts',(18.1619064667179,-18.0732931653935,-0.0699999999999978));
#8992=CARTESIAN_POINT('Ctrl Pts',(18.2021648788416,-18.0317391020607,-0.069999999999999));
#8993=CARTESIAN_POINT('Ctrl Pts',(18.2814709404655,-17.947355290423,-0.07));
#8994=CARTESIAN_POINT('Ctrl Pts',(18.3205195223837,-17.9045265245452,-0.07));
#8995=CARTESIAN_POINT('Ctrl Pts',(18.3973963071236,-17.8175831757236,-0.07));
#8996=CARTESIAN_POINT('Ctrl Pts',(18.4352245653136,-17.773468651117,-0.07));
#8997=CARTESIAN_POINT('Ctrl Pts',(18.4910428304968,-17.7063231897369,-0.07));
#8998=CARTESIAN_POINT('Ctrl Pts',(18.5094950577303,-17.6837792579243,-0.07));
#8999=CARTESIAN_POINT('Ctrl Pts',(18.5460897106272,-17.638364980852,-0.07));
#9000=CARTESIAN_POINT('Ctrl Pts',(18.5642330320937,-17.6154955794333,-0.07));
#9001=CARTESIAN_POINT('Ctrl Pts',(18.6002058209081,-17.5694260932883,-0.07));
#9002=CARTESIAN_POINT('Ctrl Pts',(18.6180300719375,-17.5462283767363,-0.07));
#9003=CARTESIAN_POINT('Ctrl Pts',(18.6533759739647,-17.4994826611305,-0.07));
#9004=CARTESIAN_POINT('Ctrl Pts',(18.6708715743986,-17.4759680577627,-0.07));
#9005=CARTESIAN_POINT('Ctrl Pts',(18.7227132763137,-17.4051601714498,-0.07));
#9006=CARTESIAN_POINT('Ctrl Pts',(18.7564701855911,-17.3575339709029,-0.07));
#9007=CARTESIAN_POINT('Ctrl Pts',(18.8223844931336,-17.2614674147435,-0.07));
#9008=CARTESIAN_POINT('Ctrl Pts',(18.8545441094509,-17.2130243425662,-0.07));
#9009=CARTESIAN_POINT('Ctrl Pts',(18.9172684211131,-17.1153186891086,-0.07));
#9010=CARTESIAN_POINT('Ctrl Pts',(18.9478306723156,-17.0660548519833,-0.07));
#9011=CARTESIAN_POINT('Ctrl Pts',(19.0073440015255,-16.9666993177886,-0.07));
#9012=CARTESIAN_POINT('Ctrl Pts',(19.0363106099035,-16.9166156006563,-0.07));
#9013=CARTESIAN_POINT('Ctrl Pts',(19.0926533490329,-16.815630940361,-0.07));
#9014=CARTESIAN_POINT('Ctrl Pts',(19.1200305481381,-16.7647305461581,-0.07));
#9015=CARTESIAN_POINT('Ctrl Pts',(19.1997738284344,-16.6108021883042,-0.07));
#9016=CARTESIAN_POINT('Ctrl Pts',(19.24975154848,-16.5065470267352,-0.07));
#9017=CARTESIAN_POINT('Ctrl Pts',(19.3199190142516,-16.3476983829892,-0.07));
#9018=CARTESIAN_POINT('Ctrl Pts',(19.3425083277118,-16.2943378569476,-0.07));
#9019=CARTESIAN_POINT('Ctrl Pts',(19.3860836730489,-16.1867929998781,-0.07));
#9020=CARTESIAN_POINT('Ctrl Pts',(19.4070697046893,-16.1326086687286,-0.0700000000000011));
#9021=CARTESIAN_POINT('Ctrl Pts',(19.4373436587931,-16.0507129657919,-0.07));
#9022=CARTESIAN_POINT('Ctrl Pts',(19.4571245984045,-15.9959094291123,-0.07));
#9023=CARTESIAN_POINT('Ctrl Pts',(19.4761012846143,-15.940692647517,-0.07));
#9024=CARTESIAN_POINT('Ctrl Pts',(19.4946754192336,-15.8852690251452,-0.07));
#9025=CARTESIAN_POINT('Ctrl Pts',(19.5037595670815,-15.8574595408909,-0.07));
#9026=CARTESIAN_POINT('Ctrl Pts',(19.5215314663983,-15.8016105268005,-0.0700000000000008));
#9027=CARTESIAN_POINT('Ctrl Pts',(19.5302059088386,-15.7736171912267,-0.0700000000000009));
#9028=CARTESIAN_POINT('Ctrl Pts',(19.5555301007311,-15.6896218368563,-0.070000000000002));
#9029=CARTESIAN_POINT('Ctrl Pts',(19.5715074028774,-15.6335166417322,-0.07));
#9030=CARTESIAN_POINT('Ctrl Pts',(19.6017486689562,-15.5211240154877,-0.0699999999999992));
#9031=CARTESIAN_POINT('Ctrl Pts',(19.6160130530853,-15.4648327117045,-0.0700000000000009));
#9032=CARTESIAN_POINT('Ctrl Pts',(19.6429029395431,-15.3520682896353,-0.07));
#9033=CARTESIAN_POINT('Ctrl Pts',(19.6555280486781,-15.2955951277313,-0.0700000000000011));
#9034=CARTESIAN_POINT('Ctrl Pts',(19.679189194292,-15.182472515156,-0.07));
#9035=CARTESIAN_POINT('Ctrl Pts',(19.6902217771697,-15.1258226813626,-0.0699999999999992));
#9036=CARTESIAN_POINT('Ctrl Pts',(19.710735276189,-15.0123508746986,-0.0700000000000008));
#9037=CARTESIAN_POINT('Ctrl Pts',(19.7202320197789,-14.9555306577498,-0.0700000000000008));
#9038=CARTESIAN_POINT('Ctrl Pts',(19.7377883239031,-14.8417307854086,-0.07));
#9039=CARTESIAN_POINT('Ctrl Pts',(19.7458491263085,-14.7847512678007,-0.07));
#9040=CARTESIAN_POINT('Ctrl Pts',(19.7606266001573,-14.6706431171947,-0.07));
#9041=CARTESIAN_POINT('Ctrl Pts',(19.7673433939965,-14.613514497775,-0.07));
#9042=CARTESIAN_POINT('Ctrl Pts',(19.7795231991257,-14.4991181666302,-0.0700000000000009));
#9043=CARTESIAN_POINT('Ctrl Pts',(19.7849876318157,-14.4418506126008,-0.07));
#9044=CARTESIAN_POINT('Ctrl Pts',(19.7996303015533,-14.2698537390116,-0.07));
#9045=CARTESIAN_POINT('Ctrl Pts',(19.807012873944,-14.1549252118012,-0.07));
#9046=CARTESIAN_POINT('Ctrl Pts',(19.8181924097275,-13.9246703765516,-0.07));
#9047=CARTESIAN_POINT('Ctrl Pts',(19.8219869369831,-13.8093437982684,-0.07));
#9048=CARTESIAN_POINT('Ctrl Pts',(19.8297157279602,-13.4629586077205,-0.07));
#9049=CARTESIAN_POINT('Ctrl Pts',(19.8299989296244,-13.231494953421,-0.07));
#9050=CARTESIAN_POINT('Ctrl Pts',(19.83,-13.,-0.07));
#9051=CARTESIAN_POINT('Ctrl Pts',(-19.83,-13.,-0.07));
#9052=CARTESIAN_POINT('Ctrl Pts',(-19.8299982305404,-13.2322805934958,-0.07));
#9053=CARTESIAN_POINT('Ctrl Pts',(-19.8297094421923,-13.4645354057462,-0.07));
#9054=CARTESIAN_POINT('Ctrl Pts',(-19.8192963970736,-13.9281615674756,-0.0699999999999992));
#9055=CARTESIAN_POINT('Ctrl Pts',(-19.8091784902505,-14.1595334872807,-0.0699999999999962));
#9056=CARTESIAN_POINT('Ctrl Pts',(-19.7795070468768,-14.5052894030885,-0.07));
#9057=CARTESIAN_POINT('Ctrl Pts',(-19.7672051196905,-14.6203247688681,-0.0699999999999988));
#9058=CARTESIAN_POINT('Ctrl Pts',(-19.7371311093223,-14.8499041481981,-0.0700000000000011));
#9059=CARTESIAN_POINT('Ctrl Pts',(-19.7193587205398,-14.9644481342938,-0.07));
#9060=CARTESIAN_POINT('Ctrl Pts',(-19.6881033797989,-15.1358512134912,-0.07));
#9061=CARTESIAN_POINT('Ctrl Pts',(-19.6769187400066,-15.1929167505821,-0.070000000000001));
#9062=CARTESIAN_POINT('Ctrl Pts',(-19.6589301262489,-15.2784062203937,-0.07));
#9063=CARTESIAN_POINT('Ctrl Pts',(-19.6527319755491,-15.3068845706884,-0.07));
#9064=CARTESIAN_POINT('Ctrl Pts',(-19.6399213347743,-15.3638040535859,-0.07));
#9065=CARTESIAN_POINT('Ctrl Pts',(-19.6333088447897,-15.3922451861969,-0.07));
#9066=CARTESIAN_POINT('Ctrl Pts',(-19.6196590433891,-15.4490892921854,-0.07));
#9067=CARTESIAN_POINT('Ctrl Pts',(-19.6126222421523,-15.4774902609308,-0.07));
#9068=CARTESIAN_POINT('Ctrl Pts',(-19.5981112597407,-15.5342611129638,-0.07));
#9069=CARTESIAN_POINT('Ctrl Pts',(-19.5906539623676,-15.562565163104,-0.07));
#9070=CARTESIAN_POINT('Ctrl Pts',(-19.5676826862718,-15.6471806386826,-0.07));
#9071=CARTESIAN_POINT('Ctrl Pts',(-19.5515586108083,-15.7032430415431,-0.07));
#9072=CARTESIAN_POINT('Ctrl Pts',(-19.5176740883985,-15.814622288938,-0.07));
#9073=CARTESIAN_POINT('Ctrl Pts',(-19.499918880616,-15.8699485278374,-0.07));
#9074=CARTESIAN_POINT('Ctrl Pts',(-19.4627858494181,-15.9798757010852,-0.07));
#9075=CARTESIAN_POINT('Ctrl Pts',(-19.4434082025207,-16.034476714336,-0.07));
#9076=CARTESIAN_POINT('Ctrl Pts',(-19.3828446820942,-16.1971932918934,-0.07));
#9077=CARTESIAN_POINT('Ctrl Pts',(-19.3392294262022,-16.3042229292229,-0.0700000000000008));
#9078=CARTESIAN_POINT('Ctrl Pts',(-19.2455038400562,-16.5153789242039,-0.0699999999999991));
#9079=CARTESIAN_POINT('Ctrl Pts',(-19.1953935977049,-16.6195053211435,-0.07));
#9080=CARTESIAN_POINT('Ctrl Pts',(-19.1153136959906,-16.7734981320283,-0.07));
#9081=CARTESIAN_POINT('Ctrl Pts',(-19.0878010622419,-16.8244628294,-0.07));
#9082=CARTESIAN_POINT('Ctrl Pts',(-19.03112562684,-16.9256546038057,-0.07));
#9083=CARTESIAN_POINT('Ctrl Pts',(-19.0019638654595,-16.9758821458343,-0.0700000000000008));
#9084=CARTESIAN_POINT('Ctrl Pts',(-18.9569702635575,-17.0506642834188,-0.07));
#9085=CARTESIAN_POINT('Ctrl Pts',(-18.9417599147311,-17.0754966839748,-0.07));
#9086=CARTESIAN_POINT('Ctrl Pts',(-18.9109170608568,-17.1249727824658,-0.07));
#9087=CARTESIAN_POINT('Ctrl Pts',(-18.8952843774807,-17.1496164006868,-0.07));
#9088=CARTESIAN_POINT('Ctrl Pts',(-18.8635974385521,-17.1987151955704,-0.07));
#9089=CARTESIAN_POINT('Ctrl Pts',(-18.847545929291,-17.2231662026203,-0.07));
#9090=CARTESIAN_POINT('Ctrl Pts',(-18.8150104980778,-17.2718965182712,-0.07));
#9091=CARTESIAN_POINT('Ctrl Pts',(-18.7985458560702,-17.2961462756417,-0.07));
#9092=CARTESIAN_POINT('Ctrl Pts',(-18.7486907552366,-17.3683691512774,-0.07));
#9093=CARTESIAN_POINT('Ctrl Pts',(-18.7147897195717,-17.4158949834063,-0.0699999999999992));
#9094=CARTESIAN_POINT('Ctrl Pts',(-18.6456965386685,-17.509713502993,-0.07));
#9095=CARTESIAN_POINT('Ctrl Pts',(-18.6105029945639,-17.5560087339747,-0.07));
#9096=CARTESIAN_POINT('Ctrl Pts',(-18.5030104472093,-17.6930798133559,-0.0699999999999989));
#9097=CARTESIAN_POINT('Ctrl Pts',(-18.4288037445991,-17.7820450492189,-0.0699999999999977));
#9098=CARTESIAN_POINT('Ctrl Pts',(-18.3137013230075,-17.9118935370719,-0.0699999999999992));
#9099=CARTESIAN_POINT('Ctrl Pts',(-18.274700577641,-17.9545753233759,-0.07));
#9100=CARTESIAN_POINT('Ctrl Pts',(-18.2152418158832,-18.017689095662,-0.07));
#9101=CARTESIAN_POINT('Ctrl Pts',(-18.1952624390185,-18.038575362179,-0.07));
#9102=CARTESIAN_POINT('Ctrl Pts',(-18.1549823231804,-18.0800428879069,-0.07));
#9103=CARTESIAN_POINT('Ctrl Pts',(-18.1346809260676,-18.1006235224667,-0.07));
#9104=CARTESIAN_POINT('Ctrl Pts',(-18.0732931653935,-18.161906466718,-0.0699999999999974));
#9105=CARTESIAN_POINT('Ctrl Pts',(-18.0317391020606,-18.2021648788417,-0.07));
#9106=CARTESIAN_POINT('Ctrl Pts',(-17.947355290423,-18.2814709404656,-0.07));
#9107=CARTESIAN_POINT('Ctrl Pts',(-17.9045265245452,-18.3205195223838,-0.07));
#9108=CARTESIAN_POINT('Ctrl Pts',(-17.8175831757236,-18.3973963071237,-0.07));
#9109=CARTESIAN_POINT('Ctrl Pts',(-17.7734686511169,-18.4352245653137,-0.07));
#9110=CARTESIAN_POINT('Ctrl Pts',(-17.7063231897368,-18.4910428304969,-0.07));
#9111=CARTESIAN_POINT('Ctrl Pts',(-17.6837792579242,-18.5094950577304,-0.07));
#9112=CARTESIAN_POINT('Ctrl Pts',(-17.638364980852,-18.5460897106273,-0.07));
#9113=CARTESIAN_POINT('Ctrl Pts',(-17.6154955794333,-18.5642330320937,-0.07));
#9114=CARTESIAN_POINT('Ctrl Pts',(-17.5694260932883,-18.6002058209081,-0.07));
#9115=CARTESIAN_POINT('Ctrl Pts',(-17.5462283767363,-18.6180300719376,-0.07));
#9116=CARTESIAN_POINT('Ctrl Pts',(-17.4994826611305,-18.6533759739648,-0.07));
#9117=CARTESIAN_POINT('Ctrl Pts',(-17.4759680577627,-18.6708715743987,-0.07));
#9118=CARTESIAN_POINT('Ctrl Pts',(-17.4051601714497,-18.7227132763139,-0.0700000000000016));
#9119=CARTESIAN_POINT('Ctrl Pts',(-17.3575339709028,-18.7564701855913,-0.07));
#9120=CARTESIAN_POINT('Ctrl Pts',(-17.2614674147435,-18.8223844931337,-0.07));
#9121=CARTESIAN_POINT('Ctrl Pts',(-17.2130243425662,-18.8545441094511,-0.07));
#9122=CARTESIAN_POINT('Ctrl Pts',(-17.1153186891085,-18.9172684211131,-0.07));
#9123=CARTESIAN_POINT('Ctrl Pts',(-17.0660548519832,-18.9478306723156,-0.07));
#9124=CARTESIAN_POINT('Ctrl Pts',(-16.9666993177885,-19.0073440015255,-0.07));
#9125=CARTESIAN_POINT('Ctrl Pts',(-16.9166156006562,-19.0363106099036,-0.07));
#9126=CARTESIAN_POINT('Ctrl Pts',(-16.815630940361,-19.092653349033,-0.07));
#9127=CARTESIAN_POINT('Ctrl Pts',(-16.7647305461581,-19.1200305481381,-0.07));
#9128=CARTESIAN_POINT('Ctrl Pts',(-16.6108021883042,-19.1997738284345,-0.07));
#9129=CARTESIAN_POINT('Ctrl Pts',(-16.5065470267351,-19.2497515484801,-0.0700000000000013));
#9130=CARTESIAN_POINT('Ctrl Pts',(-16.3476983829891,-19.3199190142517,-0.07));
#9131=CARTESIAN_POINT('Ctrl Pts',(-16.2943378569475,-19.3425083277118,-0.07));
#9132=CARTESIAN_POINT('Ctrl Pts',(-16.1867929998781,-19.386083673049,-0.07));
#9133=CARTESIAN_POINT('Ctrl Pts',(-16.1326086687285,-19.4070697046894,-0.0699999999999987));
#9134=CARTESIAN_POINT('Ctrl Pts',(-16.0507129657919,-19.4373436587932,-0.07));
#9135=CARTESIAN_POINT('Ctrl Pts',(-16.023311197452,-19.4472341285989,-0.07));
#9136=CARTESIAN_POINT('Ctrl Pts',(-15.9683010383167,-19.4666129415137,-0.07));
#9137=CARTESIAN_POINT('Ctrl Pts',(-15.9406926475169,-19.4761012846144,-0.07));
#9138=CARTESIAN_POINT('Ctrl Pts',(-15.8852690251451,-19.4946754192337,-0.07));
#9139=CARTESIAN_POINT('Ctrl Pts',(-15.8574595408908,-19.5037595670816,-0.07));
#9140=CARTESIAN_POINT('Ctrl Pts',(-15.8016105268005,-19.5215314663984,-0.07));
#9141=CARTESIAN_POINT('Ctrl Pts',(-15.7736171912265,-19.5302059088386,-0.07));
#9142=CARTESIAN_POINT('Ctrl Pts',(-15.6896218368562,-19.5555301007312,-0.07));
#9143=CARTESIAN_POINT('Ctrl Pts',(-15.6335166417321,-19.5715074028775,-0.07));
#9144=CARTESIAN_POINT('Ctrl Pts',(-15.5211240154875,-19.6017486689563,-0.07));
#9145=CARTESIAN_POINT('Ctrl Pts',(-15.4648327117044,-19.6160130530854,-0.07));
#9146=CARTESIAN_POINT('Ctrl Pts',(-15.3520682896353,-19.6429029395432,-0.07));
#9147=CARTESIAN_POINT('Ctrl Pts',(-15.2955951277313,-19.6555280486781,-0.07));
#9148=CARTESIAN_POINT('Ctrl Pts',(-15.1824725151559,-19.679189194292,-0.07));
#9149=CARTESIAN_POINT('Ctrl Pts',(-15.1258226813625,-19.6902217771697,-0.07));
#9150=CARTESIAN_POINT('Ctrl Pts',(-15.0123508746985,-19.710735276189,-0.07));
#9151=CARTESIAN_POINT('Ctrl Pts',(-14.9555306577497,-19.7202320197789,-0.07));
#9152=CARTESIAN_POINT('Ctrl Pts',(-14.8417307854086,-19.7377883239031,-0.07));
#9153=CARTESIAN_POINT('Ctrl Pts',(-14.7847512678006,-19.7458491263085,-0.07));
#9154=CARTESIAN_POINT('Ctrl Pts',(-14.6706431171946,-19.7606266001574,-0.07));
#9155=CARTESIAN_POINT('Ctrl Pts',(-14.613514497775,-19.7673433939965,-0.0699999999999992));
#9156=CARTESIAN_POINT('Ctrl Pts',(-14.4991181666302,-19.7795231991258,-0.07));
#9157=CARTESIAN_POINT('Ctrl Pts',(-14.4418506126008,-19.7849876318158,-0.07));
#9158=CARTESIAN_POINT('Ctrl Pts',(-14.2698537390116,-19.7996303015533,-0.07));
#9159=CARTESIAN_POINT('Ctrl Pts',(-14.1549252118011,-19.807012873944,-0.07));
#9160=CARTESIAN_POINT('Ctrl Pts',(-13.9246703765515,-19.8181924097275,-0.07));
#9161=CARTESIAN_POINT('Ctrl Pts',(-13.8093437982683,-19.8219869369831,-0.07));
#9162=CARTESIAN_POINT('Ctrl Pts',(-13.4629586077205,-19.8297157279602,-0.07));
#9163=CARTESIAN_POINT('Ctrl Pts',(-13.231494953421,-19.8299989296244,-0.07));
#9164=CARTESIAN_POINT('Ctrl Pts',(-13.,-19.83,-0.07));
#9165=CARTESIAN_POINT('Ctrl Pts',(-19.93,-13.,-0.170000000000003));
#9166=CARTESIAN_POINT('Ctrl Pts',(-19.9299967811082,-13.2323666994197,-0.170000000000003));
#9167=CARTESIAN_POINT('Ctrl Pts',(-19.9297161378814,-13.4653631652813,-0.170000000000004));
#9168=CARTESIAN_POINT('Ctrl Pts',(-19.919239282311,-13.9318243632898,-0.170000000000003));
#9169=CARTESIAN_POINT('Ctrl Pts',(-19.909050701692,-14.1653000901973,-0.17));
#9170=CARTESIAN_POINT('Ctrl Pts',(-19.8790216385021,-14.5152314305846,-0.170000000000003));
#9171=CARTESIAN_POINT('Ctrl Pts',(-19.8665632827467,-14.6317463017895,-0.17));
#9172=CARTESIAN_POINT('Ctrl Pts',(-19.8360787211711,-14.8644599061153,-0.170000000000004));
#9173=CARTESIAN_POINT('Ctrl Pts',(-19.8180520191081,-14.9806569355014,-0.170000000000003));
#9174=CARTESIAN_POINT('Ctrl Pts',(-19.7863233876681,-15.1546555790538,-0.170000000000003));
#9175=CARTESIAN_POINT('Ctrl Pts',(-19.7749656704086,-15.2126055636341,-0.170000000000004));
#9176=CARTESIAN_POINT('Ctrl Pts',(-19.7566923019483,-15.2994483097106,-0.170000000000003));
#9177=CARTESIAN_POINT('Ctrl Pts',(-19.7503950429503,-15.3283821828262,-0.170000000000003));
#9178=CARTESIAN_POINT('Ctrl Pts',(-19.7373774599845,-15.3862211391552,-0.170000000000003));
#9179=CARTESIAN_POINT('Ctrl Pts',(-19.7306571357834,-15.4151262224939,-0.170000000000003));
#9180=CARTESIAN_POINT('Ctrl Pts',(-19.7167826092301,-15.4729061883836,-0.170000000000003));
#9181=CARTESIAN_POINT('Ctrl Pts',(-19.7096289254123,-15.5017790326308,-0.170000000000003));
#9182=CARTESIAN_POINT('Ctrl Pts',(-19.6948747751805,-15.5595012226952,-0.170000000000003));
#9183=CARTESIAN_POINT('Ctrl Pts',(-19.6872914573788,-15.58828368907,-0.170000000000003));
#9184=CARTESIAN_POINT('Ctrl Pts',(-19.6639289481656,-15.6743403086222,-0.170000000000003));
#9185=CARTESIAN_POINT('Ctrl Pts',(-19.6475249383379,-15.7313765893129,-0.170000000000003));
#9186=CARTESIAN_POINT('Ctrl Pts',(-19.6130492008736,-15.844699164092,-0.170000000000003));
#9187=CARTESIAN_POINT('Ctrl Pts',(-19.5949849135531,-15.9009885460463,-0.170000000000003));
#9188=CARTESIAN_POINT('Ctrl Pts',(-19.5572012344873,-16.0128418718762,-0.170000000000003));
#9189=CARTESIAN_POINT('Ctrl Pts',(-19.5374829459455,-16.0684028656842,-0.170000000000003));
#9190=CARTESIAN_POINT('Ctrl Pts',(-19.4758516725036,-16.2339881835944,-0.170000000000003));
#9191=CARTESIAN_POINT('Ctrl Pts',(-19.4314634431576,-16.3429153755893,-0.170000000000004));
#9192=CARTESIAN_POINT('Ctrl Pts',(-19.3360711604057,-16.5578263020888,-0.170000000000003));
#9193=CARTESIAN_POINT('Ctrl Pts',(-19.2850674546802,-16.6638096335654,-0.170000000000003));
#9194=CARTESIAN_POINT('Ctrl Pts',(-19.2035580256716,-16.8205513132145,-0.170000000000003));
#9195=CARTESIAN_POINT('Ctrl Pts',(-19.1755547801713,-16.8724249190814,-0.170000000000003));
#9196=CARTESIAN_POINT('Ctrl Pts',(-19.1178672459497,-16.9754236624425,-0.170000000000003));
#9197=CARTESIAN_POINT('Ctrl Pts',(-19.0881924226595,-17.0265353006736,-0.170000000000004));
#9198=CARTESIAN_POINT('Ctrl Pts',(-19.0423850466495,-17.1026699780503,-0.170000000000003));
#9199=CARTESIAN_POINT('Ctrl Pts',(-19.0268985037217,-17.1279532905194,-0.170000000000003));
#9200=CARTESIAN_POINT('Ctrl Pts',(-18.9955009079113,-17.1783192699351,-0.170000000000003));
#9201=CARTESIAN_POINT('Ctrl Pts',(-18.9795883970145,-17.2034039780702,-0.170000000000003));
#9202=CARTESIAN_POINT('Ctrl Pts',(-18.9473366923416,-17.2533778754055,-0.170000000000003));
#9203=CARTESIAN_POINT('Ctrl Pts',(-18.9310002935448,-17.2782628209808,-0.170000000000003));
#9204=CARTESIAN_POINT('Ctrl Pts',(-18.8978895422912,-17.327854828787,-0.170000000000003));
#9205=CARTESIAN_POINT('Ctrl Pts',(-18.8811348118455,-17.3525318155374,-0.170000000000003));
#9206=CARTESIAN_POINT('Ctrl Pts',(-18.8304040240684,-17.4260232604965,-0.170000000000003));
#9207=CARTESIAN_POINT('Ctrl Pts',(-18.7959110899065,-17.4743787433483,-0.170000000000003));
#9208=CARTESIAN_POINT('Ctrl Pts',(-18.7256160411,-17.5698292257595,-0.170000000000003));
#9209=CARTESIAN_POINT('Ctrl Pts',(-18.6898125028397,-17.6169268071764,-0.170000000000003));
#9210=CARTESIAN_POINT('Ctrl Pts',(-18.580459099332,-17.7563708011244,-0.17));
#9211=CARTESIAN_POINT('Ctrl Pts',(-18.504970201152,-17.846873336437,-0.17));
#9212=CARTESIAN_POINT('Ctrl Pts',(-18.3878661245202,-17.9789800457645,-0.170000000000003));
#9213=CARTESIAN_POINT('Ctrl Pts',(-18.3481832212399,-18.0224083878784,-0.170000000000003));
#9214=CARTESIAN_POINT('Ctrl Pts',(-18.2876806975027,-18.0866301503035,-0.170000000000003));
#9215=CARTESIAN_POINT('Ctrl Pts',(-18.2673476857476,-18.1078860567856,-0.170000000000003));
#9216=CARTESIAN_POINT('Ctrl Pts',(-18.2263570969172,-18.1500850638411,-0.170000000000003));
#9217=CARTESIAN_POINT('Ctrl Pts',(-18.2056902264264,-18.1710361458841,-0.170000000000003));
#9218=CARTESIAN_POINT('Ctrl Pts',(-18.1432302360975,-18.2333894706701,-0.17));
#9219=CARTESIAN_POINT('Ctrl Pts',(-18.1009588374134,-18.2743427629661,-0.170000000000003));
#9220=CARTESIAN_POINT('Ctrl Pts',(-18.0151040581282,-18.355031277718,-0.170000000000003));
#9221=CARTESIAN_POINT('Ctrl Pts',(-17.9715271268033,-18.3947620194471,-0.170000000000003));
#9222=CARTESIAN_POINT('Ctrl Pts',(-17.8830638587521,-18.4729827426763,-0.170000000000003));
#9223=CARTESIAN_POINT('Ctrl Pts',(-17.8381783994251,-18.5114721389179,-0.170000000000003));
#9224=CARTESIAN_POINT('Ctrl Pts',(-17.7698578934785,-18.56826716397,-0.170000000000003));
#9225=CARTESIAN_POINT('Ctrl Pts',(-17.7469212864494,-18.5870408397761,-0.170000000000003));
#9226=CARTESIAN_POINT('Ctrl Pts',(-17.7007121781364,-18.6242759233858,-0.170000000000003));
#9227=CARTESIAN_POINT('Ctrl Pts',(-17.6774483955624,-18.6427321794121,-0.170000000000003));
#9228=CARTESIAN_POINT('Ctrl Pts',(-17.6305599804411,-18.6793444338986,-0.170000000000003));
#9229=CARTESIAN_POINT('Ctrl Pts',(-17.6069525190818,-18.69748348476,-0.170000000000003));
#9230=CARTESIAN_POINT('Ctrl Pts',(-17.5593834707322,-18.733451934512,-0.170000000000003));
#9231=CARTESIAN_POINT('Ctrl Pts',(-17.5354561397642,-18.7512546034007,-0.170000000000003));
#9232=CARTESIAN_POINT('Ctrl Pts',(-17.4634078225463,-18.8040044829425,-0.170000000000004));
#9233=CARTESIAN_POINT('Ctrl Pts',(-17.4149504554914,-18.8383504986157,-0.170000000000003));
#9234=CARTESIAN_POINT('Ctrl Pts',(-17.3172034018668,-18.9054178488742,-0.170000000000003));
#9235=CARTESIAN_POINT('Ctrl Pts',(-17.267909278911,-18.9381424419202,-0.170000000000003));
#9236=CARTESIAN_POINT('Ctrl Pts',(-17.1684793992968,-19.0019737970561,-0.170000000000003));
#9237=CARTESIAN_POINT('Ctrl Pts',(-17.1183245054103,-19.0330887805481,-0.170000000000003));
#9238=CARTESIAN_POINT('Ctrl Pts',(-17.0172053734162,-19.0936584832611,-0.170000000000003));
#9239=CARTESIAN_POINT('Ctrl Pts',(-16.9662370055022,-19.1231367279584,-0.170000000000003));
#9240=CARTESIAN_POINT('Ctrl Pts',(-16.8634553471719,-19.1804820728536,-0.170000000000003));
#9241=CARTESIAN_POINT('Ctrl Pts',(-16.8116466539183,-19.2083478464998,-0.170000000000003));
#9242=CARTESIAN_POINT('Ctrl Pts',(-16.6549677030747,-19.2895160821214,-0.170000000000003));
#9243=CARTESIAN_POINT('Ctrl Pts',(-16.5488445158947,-19.3403892767179,-0.170000000000004));
#9244=CARTESIAN_POINT('Ctrl Pts',(-16.387158698716,-19.4118099960213,-0.170000000000003));
#9245=CARTESIAN_POINT('Ctrl Pts',(-16.3328466159107,-19.4348020943881,-0.170000000000003));
#9246=CARTESIAN_POINT('Ctrl Pts',(-16.2233898512392,-19.4791521120615,-0.170000000000003));
#9247=CARTESIAN_POINT('Ctrl Pts',(-16.1682451730272,-19.5005100292345,-0.17));
#9248=CARTESIAN_POINT('Ctrl Pts',(-16.0849045547534,-19.5313181176959,-0.170000000000003));
#9249=CARTESIAN_POINT('Ctrl Pts',(-16.0570204159623,-19.5413826853588,-0.170000000000003));
#9250=CARTESIAN_POINT('Ctrl Pts',(-16.0010444185681,-19.5611017408575,-0.170000000000003));
#9251=CARTESIAN_POINT('Ctrl Pts',(-15.9729525600877,-19.5707562286362,-0.170000000000003));
#9252=CARTESIAN_POINT('Ctrl Pts',(-15.9165612710687,-19.5896546576545,-0.170000000000003));
#9253=CARTESIAN_POINT('Ctrl Pts',(-15.8882684083737,-19.5988967093752,-0.170000000000003));
#9254=CARTESIAN_POINT('Ctrl Pts',(-15.8314489877867,-19.6169773809318,-0.170000000000003));
#9255=CARTESIAN_POINT('Ctrl Pts',(-15.8029741737488,-19.6258010354263,-0.170000000000003));
#9256=CARTESIAN_POINT('Ctrl Pts',(-15.7175037594252,-19.6515699856828,-0.170000000000003));
#9257=CARTESIAN_POINT('Ctrl Pts',(-15.6604424448708,-19.6678191609351,-0.170000000000003));
#9258=CARTESIAN_POINT('Ctrl Pts',(-15.5461635495408,-19.6985679641515,-0.170000000000003));
#9259=CARTESIAN_POINT('Ctrl Pts',(-15.4889449907546,-19.7130670883576,-0.170000000000003));
#9260=CARTESIAN_POINT('Ctrl Pts',(-15.3743473688421,-19.7403941223542,-0.170000000000003));
#9261=CARTESIAN_POINT('Ctrl Pts',(-15.3169660102213,-19.7532220316846,-0.170000000000003));
#9262=CARTESIAN_POINT('Ctrl Pts',(-15.2020474410202,-19.7772589484235,-0.170000000000003));
#9263=CARTESIAN_POINT('Ctrl Pts',(-15.1444883266815,-19.7884683453241,-0.170000000000003));
#9264=CARTESIAN_POINT('Ctrl Pts',(-15.0292688680566,-19.8092977643774,-0.170000000000003));
#9265=CARTESIAN_POINT('Ctrl Pts',(-14.9716028500846,-19.818935524726,-0.170000000000003));
#9266=CARTESIAN_POINT('Ctrl Pts',(-14.8561525441102,-19.8367464463656,-0.170000000000003));
#9267=CARTESIAN_POINT('Ctrl Pts',(-14.7983713652943,-19.8449203469135,-0.170000000000003));
#9268=CARTESIAN_POINT('Ctrl Pts',(-14.6827093402567,-19.8598990533521,-0.170000000000003));
#9269=CARTESIAN_POINT('Ctrl Pts',(-14.6248298833549,-19.8667038686308,-0.170000000000003));
#9270=CARTESIAN_POINT('Ctrl Pts',(-14.5089775682577,-19.8790386365239,-0.170000000000004));
#9271=CARTESIAN_POINT('Ctrl Pts',(-14.4510157141784,-19.8845691117322,-0.170000000000003));
#9272=CARTESIAN_POINT('Ctrl Pts',(-14.2769645926997,-19.8993866496059,-0.170000000000003));
#9273=CARTESIAN_POINT('Ctrl Pts',(-14.1608164016391,-19.9068446409226,-0.170000000000003));
#9274=CARTESIAN_POINT('Ctrl Pts',(-13.9284783540987,-19.9181253196865,-0.170000000000003));
#9275=CARTESIAN_POINT('Ctrl Pts',(-13.8122790701293,-19.9219462913656,-0.170000000000003));
#9276=CARTESIAN_POINT('Ctrl Pts',(-13.4637804189942,-19.9297223638806,-0.170000000000003));
#9277=CARTESIAN_POINT('Ctrl Pts',(-13.2315783426107,-19.9299974979801,-0.170000000000003));
#9278=CARTESIAN_POINT('Ctrl Pts',(-13.,-19.93,-0.170000000000003));
#9279=CARTESIAN_POINT('',(-19.93,-13.,-0.170000000000003));
#9280=CARTESIAN_POINT('',(-13.,-19.83,-0.07));
#9281=CARTESIAN_POINT('Origin',(18.1842585658653,-19.83,-0.07));
#9282=CARTESIAN_POINT('',(13.,-19.83,-0.07));
#9283=CARTESIAN_POINT('Origin',(-19.83,-18.1924310442813,-0.07));
#9284=CARTESIAN_POINT('',(-19.93,13.,-0.170000000000003));
#9285=CARTESIAN_POINT('Ctrl Pts',(13.,-19.83,-0.07));
#9286=CARTESIAN_POINT('Ctrl Pts',(13.2322805934958,-19.8299982305404,-0.07));
#9287=CARTESIAN_POINT('Ctrl Pts',(13.4645354057462,-19.8297094421923,-0.07));
#9288=CARTESIAN_POINT('Ctrl Pts',(13.9281615674756,-19.8192963970736,-0.07));
#9289=CARTESIAN_POINT('Ctrl Pts',(14.1595334872806,-19.8091784902505,-0.07));
#9290=CARTESIAN_POINT('Ctrl Pts',(14.5052894030885,-19.7795070468769,-0.07));
#9291=CARTESIAN_POINT('Ctrl Pts',(14.6203247688681,-19.7672051196905,-0.07));
#9292=CARTESIAN_POINT('Ctrl Pts',(14.8499041481981,-19.7371311093223,-0.07));
#9293=CARTESIAN_POINT('Ctrl Pts',(14.9644481342938,-19.7193587205399,-0.07));
#9294=CARTESIAN_POINT('Ctrl Pts',(15.1358512134911,-19.6881033797989,-0.07));
#9295=CARTESIAN_POINT('Ctrl Pts',(15.192916750582,-19.6769187400066,-0.07));
#9296=CARTESIAN_POINT('Ctrl Pts',(15.2784062203937,-19.658930126249,-0.07));
#9297=CARTESIAN_POINT('Ctrl Pts',(15.3068845706883,-19.6527319755491,-0.07));
#9298=CARTESIAN_POINT('Ctrl Pts',(15.3638040535858,-19.6399213347743,-0.07));
#9299=CARTESIAN_POINT('Ctrl Pts',(15.3922451861969,-19.6333088447897,-0.07));
#9300=CARTESIAN_POINT('Ctrl Pts',(15.4490892921853,-19.6196590433892,-0.07));
#9301=CARTESIAN_POINT('Ctrl Pts',(15.4774902609308,-19.6126222421524,-0.07));
#9302=CARTESIAN_POINT('Ctrl Pts',(15.5342611129637,-19.5981112597407,-0.07));
#9303=CARTESIAN_POINT('Ctrl Pts',(15.5625651631039,-19.5906539623676,-0.07));
#9304=CARTESIAN_POINT('Ctrl Pts',(15.6471806386826,-19.5676826862719,-0.07));
#9305=CARTESIAN_POINT('Ctrl Pts',(15.7032430415431,-19.5515586108083,-0.07));
#9306=CARTESIAN_POINT('Ctrl Pts',(15.8146222889379,-19.5176740883985,-0.07));
#9307=CARTESIAN_POINT('Ctrl Pts',(15.8699485278373,-19.499918880616,-0.07));
#9308=CARTESIAN_POINT('Ctrl Pts',(15.9798757010851,-19.4627858494181,-0.07));
#9309=CARTESIAN_POINT('Ctrl Pts',(16.0344767143359,-19.4434082025208,-0.07));
#9310=CARTESIAN_POINT('Ctrl Pts',(16.1971932918933,-19.3828446820942,-0.07));
#9311=CARTESIAN_POINT('Ctrl Pts',(16.3042229292228,-19.3392294262022,-0.07));
#9312=CARTESIAN_POINT('Ctrl Pts',(16.5153789242038,-19.2455038400562,-0.07));
#9313=CARTESIAN_POINT('Ctrl Pts',(16.6195053211434,-19.1953935977049,-0.07));
#9314=CARTESIAN_POINT('Ctrl Pts',(16.7734981320282,-19.1153136959906,-0.07));
#9315=CARTESIAN_POINT('Ctrl Pts',(16.8244628293998,-19.087801062242,-0.07));
#9316=CARTESIAN_POINT('Ctrl Pts',(16.9256546038056,-19.0311256268401,-0.07));
#9317=CARTESIAN_POINT('Ctrl Pts',(16.9758821458342,-19.0019638654596,-0.07));
#9318=CARTESIAN_POINT('Ctrl Pts',(17.0506642834187,-18.9569702635576,-0.07));
#9319=CARTESIAN_POINT('Ctrl Pts',(17.0754966839747,-18.9417599147311,-0.07));
#9320=CARTESIAN_POINT('Ctrl Pts',(17.1249727824658,-18.9109170608568,-0.07));
#9321=CARTESIAN_POINT('Ctrl Pts',(17.1496164006867,-18.8952843774807,-0.07));
#9322=CARTESIAN_POINT('Ctrl Pts',(17.1987151955703,-18.8635974385521,-0.07));
#9323=CARTESIAN_POINT('Ctrl Pts',(17.2231662026202,-18.8475459292911,-0.07));
#9324=CARTESIAN_POINT('Ctrl Pts',(17.2718965182711,-18.8150104980779,-0.07));
#9325=CARTESIAN_POINT('Ctrl Pts',(17.2961462756416,-18.7985458560702,-0.07));
#9326=CARTESIAN_POINT('Ctrl Pts',(17.3683691512774,-18.7486907552367,-0.07));
#9327=CARTESIAN_POINT('Ctrl Pts',(17.4158949834063,-18.7147897195718,-0.07));
#9328=CARTESIAN_POINT('Ctrl Pts',(17.5097135029929,-18.6456965386686,-0.07));
#9329=CARTESIAN_POINT('Ctrl Pts',(17.5560087339746,-18.6105029945639,-0.07));
#9330=CARTESIAN_POINT('Ctrl Pts',(17.6930798133559,-18.5030104472094,-0.07));
#9331=CARTESIAN_POINT('Ctrl Pts',(17.7820450492188,-18.4288037445991,-0.0699999999999984));
#9332=CARTESIAN_POINT('Ctrl Pts',(17.9118935370718,-18.3137013230075,-0.07));
#9333=CARTESIAN_POINT('Ctrl Pts',(17.9545753233758,-18.274700577641,-0.07));
#9334=CARTESIAN_POINT('Ctrl Pts',(18.0176890956619,-18.2152418158833,-0.07));
#9335=CARTESIAN_POINT('Ctrl Pts',(18.0385753621789,-18.1952624390186,-0.0700000000000011));
#9336=CARTESIAN_POINT('Ctrl Pts',(18.0800428879068,-18.1549823231804,-0.0699999999999988));
#9337=CARTESIAN_POINT('Ctrl Pts',(18.1006235224666,-18.1346809260677,-0.070000000000001));
#9338=CARTESIAN_POINT('Ctrl Pts',(18.1619064667179,-18.0732931653935,-0.0699999999999978));
#9339=CARTESIAN_POINT('Ctrl Pts',(18.2021648788416,-18.0317391020607,-0.069999999999999));
#9340=CARTESIAN_POINT('Ctrl Pts',(18.2814709404655,-17.947355290423,-0.07));
#9341=CARTESIAN_POINT('Ctrl Pts',(18.3205195223837,-17.9045265245452,-0.07));
#9342=CARTESIAN_POINT('Ctrl Pts',(18.3973963071236,-17.8175831757236,-0.07));
#9343=CARTESIAN_POINT('Ctrl Pts',(18.4352245653136,-17.773468651117,-0.07));
#9344=CARTESIAN_POINT('Ctrl Pts',(18.4910428304968,-17.7063231897369,-0.07));
#9345=CARTESIAN_POINT('Ctrl Pts',(18.5094950577303,-17.6837792579243,-0.07));
#9346=CARTESIAN_POINT('Ctrl Pts',(18.5460897106272,-17.638364980852,-0.07));
#9347=CARTESIAN_POINT('Ctrl Pts',(18.5642330320937,-17.6154955794333,-0.07));
#9348=CARTESIAN_POINT('Ctrl Pts',(18.6002058209081,-17.5694260932883,-0.07));
#9349=CARTESIAN_POINT('Ctrl Pts',(18.6180300719375,-17.5462283767363,-0.07));
#9350=CARTESIAN_POINT('Ctrl Pts',(18.6533759739647,-17.4994826611305,-0.07));
#9351=CARTESIAN_POINT('Ctrl Pts',(18.6708715743986,-17.4759680577627,-0.07));
#9352=CARTESIAN_POINT('Ctrl Pts',(18.7227132763137,-17.4051601714498,-0.07));
#9353=CARTESIAN_POINT('Ctrl Pts',(18.7564701855911,-17.3575339709029,-0.07));
#9354=CARTESIAN_POINT('Ctrl Pts',(18.8223844931336,-17.2614674147435,-0.07));
#9355=CARTESIAN_POINT('Ctrl Pts',(18.8545441094509,-17.2130243425662,-0.07));
#9356=CARTESIAN_POINT('Ctrl Pts',(18.9172684211131,-17.1153186891086,-0.07));
#9357=CARTESIAN_POINT('Ctrl Pts',(18.9478306723156,-17.0660548519833,-0.07));
#9358=CARTESIAN_POINT('Ctrl Pts',(19.0073440015255,-16.9666993177886,-0.07));
#9359=CARTESIAN_POINT('Ctrl Pts',(19.0363106099035,-16.9166156006563,-0.07));
#9360=CARTESIAN_POINT('Ctrl Pts',(19.0926533490329,-16.815630940361,-0.07));
#9361=CARTESIAN_POINT('Ctrl Pts',(19.1200305481381,-16.7647305461581,-0.07));
#9362=CARTESIAN_POINT('Ctrl Pts',(19.1997738284344,-16.6108021883042,-0.07));
#9363=CARTESIAN_POINT('Ctrl Pts',(19.24975154848,-16.5065470267352,-0.07));
#9364=CARTESIAN_POINT('Ctrl Pts',(19.3199190142516,-16.3476983829892,-0.07));
#9365=CARTESIAN_POINT('Ctrl Pts',(19.3425083277118,-16.2943378569476,-0.07));
#9366=CARTESIAN_POINT('Ctrl Pts',(19.3860836730489,-16.1867929998781,-0.07));
#9367=CARTESIAN_POINT('Ctrl Pts',(19.4070697046893,-16.1326086687286,-0.0700000000000011));
#9368=CARTESIAN_POINT('Ctrl Pts',(19.4373436587931,-16.0507129657919,-0.07));
#9369=CARTESIAN_POINT('Ctrl Pts',(19.4472341285988,-16.0233111974521,-0.07));
#9370=CARTESIAN_POINT('Ctrl Pts',(19.4666129415136,-15.9683010383167,-0.07));
#9371=CARTESIAN_POINT('Ctrl Pts',(19.4761012846143,-15.940692647517,-0.07));
#9372=CARTESIAN_POINT('Ctrl Pts',(19.4946754192336,-15.8852690251452,-0.07));
#9373=CARTESIAN_POINT('Ctrl Pts',(19.5037595670815,-15.8574595408909,-0.07));
#9374=CARTESIAN_POINT('Ctrl Pts',(19.5215314663983,-15.8016105268005,-0.0700000000000008));
#9375=CARTESIAN_POINT('Ctrl Pts',(19.5302059088386,-15.7736171912267,-0.0700000000000009));
#9376=CARTESIAN_POINT('Ctrl Pts',(19.5555301007311,-15.6896218368563,-0.070000000000002));
#9377=CARTESIAN_POINT('Ctrl Pts',(19.5715074028774,-15.6335166417322,-0.07));
#9378=CARTESIAN_POINT('Ctrl Pts',(19.6017486689562,-15.5211240154877,-0.0699999999999992));
#9379=CARTESIAN_POINT('Ctrl Pts',(19.6160130530853,-15.4648327117045,-0.0700000000000009));
#9380=CARTESIAN_POINT('Ctrl Pts',(19.6429029395431,-15.3520682896353,-0.07));
#9381=CARTESIAN_POINT('Ctrl Pts',(19.6555280486781,-15.2955951277313,-0.0700000000000011));
#9382=CARTESIAN_POINT('Ctrl Pts',(19.679189194292,-15.182472515156,-0.07));
#9383=CARTESIAN_POINT('Ctrl Pts',(19.6902217771697,-15.1258226813626,-0.0699999999999992));
#9384=CARTESIAN_POINT('Ctrl Pts',(19.710735276189,-15.0123508746986,-0.0700000000000008));
#9385=CARTESIAN_POINT('Ctrl Pts',(19.7202320197789,-14.9555306577498,-0.0700000000000008));
#9386=CARTESIAN_POINT('Ctrl Pts',(19.7377883239031,-14.8417307854086,-0.07));
#9387=CARTESIAN_POINT('Ctrl Pts',(19.7458491263085,-14.7847512678007,-0.07));
#9388=CARTESIAN_POINT('Ctrl Pts',(19.7606266001573,-14.6706431171947,-0.07));
#9389=CARTESIAN_POINT('Ctrl Pts',(19.7673433939965,-14.613514497775,-0.07));
#9390=CARTESIAN_POINT('Ctrl Pts',(19.7795231991257,-14.4991181666302,-0.0700000000000009));
#9391=CARTESIAN_POINT('Ctrl Pts',(19.7849876318157,-14.4418506126008,-0.07));
#9392=CARTESIAN_POINT('Ctrl Pts',(19.7996303015533,-14.2698537390116,-0.07));
#9393=CARTESIAN_POINT('Ctrl Pts',(19.807012873944,-14.1549252118012,-0.07));
#9394=CARTESIAN_POINT('Ctrl Pts',(19.8181924097275,-13.9246703765516,-0.07));
#9395=CARTESIAN_POINT('Ctrl Pts',(19.8219869369831,-13.8093437982684,-0.07));
#9396=CARTESIAN_POINT('Ctrl Pts',(19.8297157279602,-13.4629586077205,-0.07));
#9397=CARTESIAN_POINT('Ctrl Pts',(19.8299989296244,-13.231494953421,-0.07));
#9398=CARTESIAN_POINT('Ctrl Pts',(19.83,-13.,-0.07));
#9399=CARTESIAN_POINT('Ctrl Pts',(13.,-19.93,-0.170000000000003));
#9400=CARTESIAN_POINT('Ctrl Pts',(13.2323666994197,-19.9299967811082,-0.170000000000003));
#9401=CARTESIAN_POINT('Ctrl Pts',(13.4653631652813,-19.9297161378814,-0.170000000000004));
#9402=CARTESIAN_POINT('Ctrl Pts',(13.9318243632898,-19.9192392823111,-0.170000000000004));
#9403=CARTESIAN_POINT('Ctrl Pts',(14.1653000901973,-19.909050701692,-0.170000000000004));
#9404=CARTESIAN_POINT('Ctrl Pts',(14.5152314305845,-19.8790216385021,-0.170000000000003));
#9405=CARTESIAN_POINT('Ctrl Pts',(14.6317463017894,-19.8665632827468,-0.170000000000003));
#9406=CARTESIAN_POINT('Ctrl Pts',(14.8644599061152,-19.8360787211712,-0.170000000000003));
#9407=CARTESIAN_POINT('Ctrl Pts',(14.9806569355013,-19.8180520191081,-0.170000000000003));
#9408=CARTESIAN_POINT('Ctrl Pts',(15.1546555790538,-19.7863233876681,-0.170000000000003));
#9409=CARTESIAN_POINT('Ctrl Pts',(15.2126055636341,-19.7749656704087,-0.170000000000003));
#9410=CARTESIAN_POINT('Ctrl Pts',(15.2994483097105,-19.7566923019483,-0.170000000000003));
#9411=CARTESIAN_POINT('Ctrl Pts',(15.3283821828261,-19.7503950429503,-0.170000000000003));
#9412=CARTESIAN_POINT('Ctrl Pts',(15.3862211391552,-19.7373774599845,-0.170000000000003));
#9413=CARTESIAN_POINT('Ctrl Pts',(15.4151262224938,-19.7306571357834,-0.170000000000003));
#9414=CARTESIAN_POINT('Ctrl Pts',(15.4729061883835,-19.7167826092301,-0.170000000000003));
#9415=CARTESIAN_POINT('Ctrl Pts',(15.5017790326307,-19.7096289254123,-0.170000000000003));
#9416=CARTESIAN_POINT('Ctrl Pts',(15.5595012226951,-19.6948747751805,-0.170000000000003));
#9417=CARTESIAN_POINT('Ctrl Pts',(15.5882836890699,-19.6872914573788,-0.170000000000003));
#9418=CARTESIAN_POINT('Ctrl Pts',(15.6743403086222,-19.6639289481656,-0.170000000000003));
#9419=CARTESIAN_POINT('Ctrl Pts',(15.7313765893127,-19.6475249383379,-0.170000000000003));
#9420=CARTESIAN_POINT('Ctrl Pts',(15.8446991640919,-19.6130492008736,-0.170000000000003));
#9421=CARTESIAN_POINT('Ctrl Pts',(15.9009885460462,-19.5949849135531,-0.170000000000003));
#9422=CARTESIAN_POINT('Ctrl Pts',(16.0128418718762,-19.5572012344873,-0.170000000000003));
#9423=CARTESIAN_POINT('Ctrl Pts',(16.068402865684,-19.5374829459456,-0.170000000000003));
#9424=CARTESIAN_POINT('Ctrl Pts',(16.2339881835943,-19.4758516725037,-0.170000000000003));
#9425=CARTESIAN_POINT('Ctrl Pts',(16.3429153755892,-19.4314634431576,-0.170000000000003));
#9426=CARTESIAN_POINT('Ctrl Pts',(16.5578263020887,-19.3360711604058,-0.170000000000003));
#9427=CARTESIAN_POINT('Ctrl Pts',(16.6638096335653,-19.2850674546802,-0.170000000000003));
#9428=CARTESIAN_POINT('Ctrl Pts',(16.8205513132144,-19.2035580256717,-0.170000000000003));
#9429=CARTESIAN_POINT('Ctrl Pts',(16.8724249190814,-19.1755547801714,-0.170000000000003));
#9430=CARTESIAN_POINT('Ctrl Pts',(16.9754236624424,-19.1178672459498,-0.170000000000003));
#9431=CARTESIAN_POINT('Ctrl Pts',(17.0265353006735,-19.0881924226596,-0.170000000000003));
#9432=CARTESIAN_POINT('Ctrl Pts',(17.1026699780502,-19.0423850466495,-0.170000000000003));
#9433=CARTESIAN_POINT('Ctrl Pts',(17.1279532905193,-19.0268985037217,-0.170000000000003));
#9434=CARTESIAN_POINT('Ctrl Pts',(17.178319269935,-18.9955009079114,-0.170000000000003));
#9435=CARTESIAN_POINT('Ctrl Pts',(17.2034039780702,-18.9795883970145,-0.170000000000003));
#9436=CARTESIAN_POINT('Ctrl Pts',(17.2533778754054,-18.9473366923417,-0.170000000000003));
#9437=CARTESIAN_POINT('Ctrl Pts',(17.2782628209807,-18.9310002935448,-0.170000000000003));
#9438=CARTESIAN_POINT('Ctrl Pts',(17.3278548287869,-18.8978895422913,-0.170000000000003));
#9439=CARTESIAN_POINT('Ctrl Pts',(17.3525318155373,-18.8811348118455,-0.170000000000003));
#9440=CARTESIAN_POINT('Ctrl Pts',(17.4260232604965,-18.8304040240685,-0.170000000000003));
#9441=CARTESIAN_POINT('Ctrl Pts',(17.4743787433482,-18.7959110899066,-0.170000000000003));
#9442=CARTESIAN_POINT('Ctrl Pts',(17.5698292257594,-18.7256160411,-0.170000000000003));
#9443=CARTESIAN_POINT('Ctrl Pts',(17.6169268071763,-18.6898125028398,-0.170000000000003));
#9444=CARTESIAN_POINT('Ctrl Pts',(17.7563708011243,-18.580459099332,-0.170000000000003));
#9445=CARTESIAN_POINT('Ctrl Pts',(17.8468733364369,-18.504970201152,-0.17));
#9446=CARTESIAN_POINT('Ctrl Pts',(17.9789800457643,-18.3878661245202,-0.170000000000003));
#9447=CARTESIAN_POINT('Ctrl Pts',(18.0224083878783,-18.34818322124,-0.170000000000003));
#9448=CARTESIAN_POINT('Ctrl Pts',(18.0866301503035,-18.2876806975027,-0.170000000000003));
#9449=CARTESIAN_POINT('Ctrl Pts',(18.1078860567855,-18.2673476857477,-0.170000000000004));
#9450=CARTESIAN_POINT('Ctrl Pts',(18.150085063841,-18.2263570969173,-0.17));
#9451=CARTESIAN_POINT('Ctrl Pts',(18.171036145884,-18.2056902264265,-0.170000000000004));
#9452=CARTESIAN_POINT('Ctrl Pts',(18.23338947067,-18.1432302360976,-0.17));
#9453=CARTESIAN_POINT('Ctrl Pts',(18.2743427629661,-18.1009588374134,-0.17));
#9454=CARTESIAN_POINT('Ctrl Pts',(18.3550312777179,-18.0151040581282,-0.170000000000003));
#9455=CARTESIAN_POINT('Ctrl Pts',(18.394762019447,-17.9715271268033,-0.170000000000003));
#9456=CARTESIAN_POINT('Ctrl Pts',(18.4729827426762,-17.8830638587522,-0.170000000000003));
#9457=CARTESIAN_POINT('Ctrl Pts',(18.5114721389177,-17.8381783994251,-0.170000000000003));
#9458=CARTESIAN_POINT('Ctrl Pts',(18.5682671639699,-17.7698578934785,-0.170000000000003));
#9459=CARTESIAN_POINT('Ctrl Pts',(18.587040839776,-17.7469212864495,-0.170000000000003));
#9460=CARTESIAN_POINT('Ctrl Pts',(18.6242759233857,-17.7007121781365,-0.170000000000003));
#9461=CARTESIAN_POINT('Ctrl Pts',(18.642732179412,-17.6774483955625,-0.170000000000003));
#9462=CARTESIAN_POINT('Ctrl Pts',(18.6793444338986,-17.6305599804411,-0.170000000000003));
#9463=CARTESIAN_POINT('Ctrl Pts',(18.6974834847599,-17.6069525190819,-0.170000000000003));
#9464=CARTESIAN_POINT('Ctrl Pts',(18.7334519345119,-17.5593834707323,-0.170000000000003));
#9465=CARTESIAN_POINT('Ctrl Pts',(18.7512546034006,-17.5354561397642,-0.170000000000003));
#9466=CARTESIAN_POINT('Ctrl Pts',(18.8040044829424,-17.4634078225464,-0.170000000000003));
#9467=CARTESIAN_POINT('Ctrl Pts',(18.8383504986156,-17.4149504554914,-0.170000000000003));
#9468=CARTESIAN_POINT('Ctrl Pts',(18.9054178488741,-17.3172034018669,-0.170000000000003));
#9469=CARTESIAN_POINT('Ctrl Pts',(18.93814244192,-17.267909278911,-0.170000000000003));
#9470=CARTESIAN_POINT('Ctrl Pts',(19.001973797056,-17.1684793992969,-0.170000000000003));
#9471=CARTESIAN_POINT('Ctrl Pts',(19.0330887805479,-17.1183245054104,-0.170000000000003));
#9472=CARTESIAN_POINT('Ctrl Pts',(19.093658483261,-17.0172053734163,-0.170000000000003));
#9473=CARTESIAN_POINT('Ctrl Pts',(19.1231367279583,-16.9662370055023,-0.170000000000003));
#9474=CARTESIAN_POINT('Ctrl Pts',(19.1804820728536,-16.8634553471719,-0.170000000000003));
#9475=CARTESIAN_POINT('Ctrl Pts',(19.2083478464998,-16.8116466539184,-0.170000000000003));
#9476=CARTESIAN_POINT('Ctrl Pts',(19.2895160821212,-16.6549677030747,-0.170000000000003));
#9477=CARTESIAN_POINT('Ctrl Pts',(19.3403892767179,-16.5488445158947,-0.170000000000003));
#9478=CARTESIAN_POINT('Ctrl Pts',(19.4118099960212,-16.387158698716,-0.170000000000003));
#9479=CARTESIAN_POINT('Ctrl Pts',(19.4348020943881,-16.3328466159109,-0.170000000000003));
#9480=CARTESIAN_POINT('Ctrl Pts',(19.4791521120614,-16.2233898512393,-0.170000000000003));
#9481=CARTESIAN_POINT('Ctrl Pts',(19.5005100292344,-16.1682451730272,-0.170000000000004));
#9482=CARTESIAN_POINT('Ctrl Pts',(19.5313181176958,-16.0849045547535,-0.170000000000003));
#9483=CARTESIAN_POINT('Ctrl Pts',(19.5413826853587,-16.0570204159623,-0.170000000000003));
#9484=CARTESIAN_POINT('Ctrl Pts',(19.5611017408575,-16.0010444185681,-0.170000000000003));
#9485=CARTESIAN_POINT('Ctrl Pts',(19.5707562286361,-15.9729525600878,-0.170000000000003));
#9486=CARTESIAN_POINT('Ctrl Pts',(19.5896546576544,-15.9165612710688,-0.170000000000003));
#9487=CARTESIAN_POINT('Ctrl Pts',(19.5988967093751,-15.8882684083738,-0.170000000000003));
#9488=CARTESIAN_POINT('Ctrl Pts',(19.6169773809318,-15.8314489877868,-0.170000000000004));
#9489=CARTESIAN_POINT('Ctrl Pts',(19.6258010354262,-15.802974173749,-0.170000000000004));
#9490=CARTESIAN_POINT('Ctrl Pts',(19.6515699856828,-15.7175037594252,-0.170000000000004));
#9491=CARTESIAN_POINT('Ctrl Pts',(19.667819160935,-15.660442444871,-0.170000000000004));
#9492=CARTESIAN_POINT('Ctrl Pts',(19.6985679641514,-15.5461635495409,-0.170000000000003));
#9493=CARTESIAN_POINT('Ctrl Pts',(19.7130670883575,-15.4889449907547,-0.170000000000004));
#9494=CARTESIAN_POINT('Ctrl Pts',(19.7403941223542,-15.3743473688422,-0.170000000000003));
#9495=CARTESIAN_POINT('Ctrl Pts',(19.7532220316845,-15.3169660102214,-0.170000000000004));
#9496=CARTESIAN_POINT('Ctrl Pts',(19.7772589484235,-15.2020474410203,-0.170000000000003));
#9497=CARTESIAN_POINT('Ctrl Pts',(19.7884683453241,-15.1444883266815,-0.170000000000003));
#9498=CARTESIAN_POINT('Ctrl Pts',(19.8092977643773,-15.0292688680566,-0.170000000000004));
#9499=CARTESIAN_POINT('Ctrl Pts',(19.8189355247259,-14.9716028500847,-0.170000000000004));
#9500=CARTESIAN_POINT('Ctrl Pts',(19.8367464463656,-14.8561525441102,-0.170000000000003));
#9501=CARTESIAN_POINT('Ctrl Pts',(19.8449203469134,-14.7983713652943,-0.170000000000003));
#9502=CARTESIAN_POINT('Ctrl Pts',(19.859899053352,-14.6827093402567,-0.170000000000003));
#9503=CARTESIAN_POINT('Ctrl Pts',(19.8667038686308,-14.624829883355,-0.170000000000003));
#9504=CARTESIAN_POINT('Ctrl Pts',(19.8790386365239,-14.5089775682577,-0.170000000000004));
#9505=CARTESIAN_POINT('Ctrl Pts',(19.8845691117322,-14.4510157141784,-0.170000000000003));
#9506=CARTESIAN_POINT('Ctrl Pts',(19.8993866496059,-14.2769645926997,-0.170000000000004));
#9507=CARTESIAN_POINT('Ctrl Pts',(19.9068446409226,-14.1608164016391,-0.170000000000003));
#9508=CARTESIAN_POINT('Ctrl Pts',(19.9181253196865,-13.9284783540988,-0.170000000000003));
#9509=CARTESIAN_POINT('Ctrl Pts',(19.9219462913656,-13.8122790701293,-0.170000000000003));
#9510=CARTESIAN_POINT('Ctrl Pts',(19.9297223638806,-13.4637804189941,-0.170000000000003));
#9511=CARTESIAN_POINT('Ctrl Pts',(19.9299974979801,-13.2315783426107,-0.170000000000003));
#9512=CARTESIAN_POINT('Ctrl Pts',(19.93,-13.,-0.170000000000003));
#9513=CARTESIAN_POINT('',(19.83,-13.,-0.07));
#9514=CARTESIAN_POINT('Ctrl Pts',(-13.,19.83,-0.07));
#9515=CARTESIAN_POINT('Ctrl Pts',(-13.2322805934958,19.8299982305404,-0.07));
#9516=CARTESIAN_POINT('Ctrl Pts',(-13.4645354057462,19.8297094421923,-0.07));
#9517=CARTESIAN_POINT('Ctrl Pts',(-13.9281615674757,19.8192963970736,-0.070000000000001));
#9518=CARTESIAN_POINT('Ctrl Pts',(-14.1595334872807,19.8091784902505,-0.0700000000000008));
#9519=CARTESIAN_POINT('Ctrl Pts',(-14.5052894030885,19.7795070468768,-0.07));
#9520=CARTESIAN_POINT('Ctrl Pts',(-14.6203247688682,19.7672051196905,-0.07));
#9521=CARTESIAN_POINT('Ctrl Pts',(-14.8499041481982,19.7371311093223,-0.07));
#9522=CARTESIAN_POINT('Ctrl Pts',(-14.9644481342939,19.7193587205399,-0.07));
#9523=CARTESIAN_POINT('Ctrl Pts',(-15.1358512134913,19.6881033797989,-0.07));
#9524=CARTESIAN_POINT('Ctrl Pts',(-15.1929167505821,19.6769187400065,-0.0700000000000015));
#9525=CARTESIAN_POINT('Ctrl Pts',(-15.2784062203938,19.6589301262489,-0.07));
#9526=CARTESIAN_POINT('Ctrl Pts',(-15.3068845706884,19.6527319755491,-0.07));
#9527=CARTESIAN_POINT('Ctrl Pts',(-15.3638040535859,19.6399213347743,-0.0699999999999986));
#9528=CARTESIAN_POINT('Ctrl Pts',(-15.392245186197,19.6333088447897,-0.07));
#9529=CARTESIAN_POINT('Ctrl Pts',(-15.4490892921854,19.6196590433891,-0.07));
#9530=CARTESIAN_POINT('Ctrl Pts',(-15.4774902609309,19.6126222421523,-0.07));
#9531=CARTESIAN_POINT('Ctrl Pts',(-15.5342611129639,19.5981112597407,-0.07));
#9532=CARTESIAN_POINT('Ctrl Pts',(-15.5625651631041,19.5906539623676,-0.07));
#9533=CARTESIAN_POINT('Ctrl Pts',(-15.6471806386827,19.5676826862718,-0.07));
#9534=CARTESIAN_POINT('Ctrl Pts',(-15.7032430415432,19.5515586108083,-0.07));
#9535=CARTESIAN_POINT('Ctrl Pts',(-15.8146222889381,19.5176740883984,-0.07));
#9536=CARTESIAN_POINT('Ctrl Pts',(-15.8699485278374,19.499918880616,-0.07));
#9537=CARTESIAN_POINT('Ctrl Pts',(-15.9798757010853,19.4627858494181,-0.07));
#9538=CARTESIAN_POINT('Ctrl Pts',(-16.034476714336,19.4434082025207,-0.07));
#9539=CARTESIAN_POINT('Ctrl Pts',(-16.1971932918935,19.3828446820942,-0.07));
#9540=CARTESIAN_POINT('Ctrl Pts',(-16.3042229292229,19.3392294262022,-0.07));
#9541=CARTESIAN_POINT('Ctrl Pts',(-16.5153789242039,19.2455038400562,-0.07));
#9542=CARTESIAN_POINT('Ctrl Pts',(-16.6195053211435,19.1953935977049,-0.07));
#9543=CARTESIAN_POINT('Ctrl Pts',(-16.7734981320283,19.1153136959906,-0.07));
#9544=CARTESIAN_POINT('Ctrl Pts',(-16.8244628294,19.0878010622419,-0.07));
#9545=CARTESIAN_POINT('Ctrl Pts',(-16.9256546038058,19.03112562684,-0.07));
#9546=CARTESIAN_POINT('Ctrl Pts',(-16.9758821458343,19.0019638654595,-0.0700000000000028));
#9547=CARTESIAN_POINT('Ctrl Pts',(-17.0506642834188,18.9569702635575,-0.07));
#9548=CARTESIAN_POINT('Ctrl Pts',(-17.0754966839748,18.941759914731,-0.07));
#9549=CARTESIAN_POINT('Ctrl Pts',(-17.1249727824659,18.9109170608568,-0.07));
#9550=CARTESIAN_POINT('Ctrl Pts',(-17.1496164006868,18.8952843774807,-0.07));
#9551=CARTESIAN_POINT('Ctrl Pts',(-17.1987151955704,18.863597438552,-0.07));
#9552=CARTESIAN_POINT('Ctrl Pts',(-17.2231662026203,18.847545929291,-0.07));
#9553=CARTESIAN_POINT('Ctrl Pts',(-17.2718965182713,18.8150104980777,-0.07));
#9554=CARTESIAN_POINT('Ctrl Pts',(-17.2961462756417,18.7985458560701,-0.07));
#9555=CARTESIAN_POINT('Ctrl Pts',(-17.3683691512775,18.7486907552366,-0.07));
#9556=CARTESIAN_POINT('Ctrl Pts',(-17.4158949834063,18.7147897195716,-0.07));
#9557=CARTESIAN_POINT('Ctrl Pts',(-17.509713502993,18.6456965386685,-0.07));
#9558=CARTESIAN_POINT('Ctrl Pts',(-17.5560087339747,18.6105029945638,-0.07));
#9559=CARTESIAN_POINT('Ctrl Pts',(-17.6930798133559,18.5030104472093,-0.0699999999999988));
#9560=CARTESIAN_POINT('Ctrl Pts',(-17.7820450492188,18.4288037445991,-0.0700000000000017));
#9561=CARTESIAN_POINT('Ctrl Pts',(-17.9118935370719,18.3137013230074,-0.07));
#9562=CARTESIAN_POINT('Ctrl Pts',(-17.9545753233759,18.2747005776409,-0.07));
#9563=CARTESIAN_POINT('Ctrl Pts',(-18.017689095662,18.2152418158832,-0.07));
#9564=CARTESIAN_POINT('Ctrl Pts',(-18.038575362179,18.1952624390185,-0.07));
#9565=CARTESIAN_POINT('Ctrl Pts',(-18.0800428879069,18.1549823231803,-0.07));
#9566=CARTESIAN_POINT('Ctrl Pts',(-18.1006235224667,18.1346809260675,-0.07));
#9567=CARTESIAN_POINT('Ctrl Pts',(-18.161906466718,18.0732931653933,-0.07));
#9568=CARTESIAN_POINT('Ctrl Pts',(-18.2021648788417,18.0317391020605,-0.07));
#9569=CARTESIAN_POINT('Ctrl Pts',(-18.2814709404656,17.9473552904229,-0.07));
#9570=CARTESIAN_POINT('Ctrl Pts',(-18.3205195223837,17.9045265245451,-0.07));
#9571=CARTESIAN_POINT('Ctrl Pts',(-18.3973963071237,17.8175831757235,-0.07));
#9572=CARTESIAN_POINT('Ctrl Pts',(-18.4352245653137,17.7734686511169,-0.07));
#9573=CARTESIAN_POINT('Ctrl Pts',(-18.4910428304969,17.7063231897368,-0.07));
#9574=CARTESIAN_POINT('Ctrl Pts',(-18.5094950577304,17.6837792579241,-0.07));
#9575=CARTESIAN_POINT('Ctrl Pts',(-18.5460897106273,17.6383649808519,-0.07));
#9576=CARTESIAN_POINT('Ctrl Pts',(-18.5642330320937,17.6154955794332,-0.0700000000000008));
#9577=CARTESIAN_POINT('Ctrl Pts',(-18.6002058209081,17.5694260932882,-0.0699999999999991));
#9578=CARTESIAN_POINT('Ctrl Pts',(-18.6180300719376,17.5462283767361,-0.07));
#9579=CARTESIAN_POINT('Ctrl Pts',(-18.6533759739648,17.4994826611303,-0.07));
#9580=CARTESIAN_POINT('Ctrl Pts',(-18.6708715743987,17.4759680577626,-0.07));
#9581=CARTESIAN_POINT('Ctrl Pts',(-18.7227132763139,17.4051601714496,-0.07));
#9582=CARTESIAN_POINT('Ctrl Pts',(-18.7564701855913,17.3575339709027,-0.07));
#9583=CARTESIAN_POINT('Ctrl Pts',(-18.8223844931337,17.2614674147434,-0.07));
#9584=CARTESIAN_POINT('Ctrl Pts',(-18.8545441094511,17.2130243425661,-0.07));
#9585=CARTESIAN_POINT('Ctrl Pts',(-18.9172684211131,17.1153186891084,-0.07));
#9586=CARTESIAN_POINT('Ctrl Pts',(-18.9478306723156,17.0660548519831,-0.070000000000001));
#9587=CARTESIAN_POINT('Ctrl Pts',(-19.0073440015255,16.9666993177884,-0.069999999999999));
#9588=CARTESIAN_POINT('Ctrl Pts',(-19.0363106099035,16.9166156006561,-0.07));
#9589=CARTESIAN_POINT('Ctrl Pts',(-19.0926533490329,16.8156309403609,-0.07));
#9590=CARTESIAN_POINT('Ctrl Pts',(-19.1200305481381,16.7647305461579,-0.07));
#9591=CARTESIAN_POINT('Ctrl Pts',(-19.1997738284344,16.6108021883041,-0.0699999999999988));
#9592=CARTESIAN_POINT('Ctrl Pts',(-19.24975154848,16.506547026735,-0.07));
#9593=CARTESIAN_POINT('Ctrl Pts',(-19.3199190142516,16.347698382989,-0.07));
#9594=CARTESIAN_POINT('Ctrl Pts',(-19.3425083277118,16.2943378569475,-0.0699999999999991));
#9595=CARTESIAN_POINT('Ctrl Pts',(-19.3860836730489,16.186792999878,-0.0700000000000009));
#9596=CARTESIAN_POINT('Ctrl Pts',(-19.4070697046893,16.1326086687284,-0.07));
#9597=CARTESIAN_POINT('Ctrl Pts',(-19.4373436587932,16.0507129657918,-0.07));
#9598=CARTESIAN_POINT('Ctrl Pts',(-19.4472341285989,16.0233111974519,-0.0700000000000011));
#9599=CARTESIAN_POINT('Ctrl Pts',(-19.4666129415136,15.9683010383166,-0.0699999999999988));
#9600=CARTESIAN_POINT('Ctrl Pts',(-19.4761012846144,15.9406926475168,-0.07));
#9601=CARTESIAN_POINT('Ctrl Pts',(-19.4946754192337,15.885269025145,-0.07));
#9602=CARTESIAN_POINT('Ctrl Pts',(-19.5037595670816,15.8574595408907,-0.0699999999999988));
#9603=CARTESIAN_POINT('Ctrl Pts',(-19.5215314663984,15.8016105268004,-0.07));
#9604=CARTESIAN_POINT('Ctrl Pts',(-19.5302059088386,15.7736171912264,-0.07));
#9605=CARTESIAN_POINT('Ctrl Pts',(-19.5555301007312,15.6896218368561,-0.07));
#9606=CARTESIAN_POINT('Ctrl Pts',(-19.5715074028775,15.633516641732,-0.069999999999999));
#9607=CARTESIAN_POINT('Ctrl Pts',(-19.6017486689563,15.5211240154875,-0.07));
#9608=CARTESIAN_POINT('Ctrl Pts',(-19.6160130530853,15.4648327117044,-0.0699999999999991));
#9609=CARTESIAN_POINT('Ctrl Pts',(-19.6429029395432,15.3520682896353,-0.0700000000000009));
#9610=CARTESIAN_POINT('Ctrl Pts',(-19.6555280486781,15.2955951277312,-0.07));
#9611=CARTESIAN_POINT('Ctrl Pts',(-19.679189194292,15.1824725151559,-0.07));
#9612=CARTESIAN_POINT('Ctrl Pts',(-19.6902217771698,15.1258226813625,-0.07));
#9613=CARTESIAN_POINT('Ctrl Pts',(-19.710735276189,15.0123508746985,-0.07));
#9614=CARTESIAN_POINT('Ctrl Pts',(-19.7202320197789,14.9555306577497,-0.07));
#9615=CARTESIAN_POINT('Ctrl Pts',(-19.7377883239031,14.8417307854085,-0.07));
#9616=CARTESIAN_POINT('Ctrl Pts',(-19.7458491263085,14.7847512678006,-0.07));
#9617=CARTESIAN_POINT('Ctrl Pts',(-19.7606266001574,14.6706431171946,-0.07));
#9618=CARTESIAN_POINT('Ctrl Pts',(-19.7673433939965,14.613514497775,-0.07));
#9619=CARTESIAN_POINT('Ctrl Pts',(-19.7795231991258,14.4991181666301,-0.07));
#9620=CARTESIAN_POINT('Ctrl Pts',(-19.7849876318157,14.4418506126008,-0.07));
#9621=CARTESIAN_POINT('Ctrl Pts',(-19.7996303015533,14.2698537390116,-0.07));
#9622=CARTESIAN_POINT('Ctrl Pts',(-19.807012873944,14.1549252118011,-0.07));
#9623=CARTESIAN_POINT('Ctrl Pts',(-19.8181924097275,13.9246703765515,-0.07));
#9624=CARTESIAN_POINT('Ctrl Pts',(-19.8219869369831,13.8093437982683,-0.07));
#9625=CARTESIAN_POINT('Ctrl Pts',(-19.8297157279602,13.4629586077206,-0.07));
#9626=CARTESIAN_POINT('Ctrl Pts',(-19.8299989296244,13.231494953421,-0.07));
#9627=CARTESIAN_POINT('Ctrl Pts',(-19.83,13.,-0.07));
#9628=CARTESIAN_POINT('Ctrl Pts',(-13.,19.93,-0.170000000000003));
#9629=CARTESIAN_POINT('Ctrl Pts',(-13.2323666994197,19.9299967811082,-0.170000000000004));
#9630=CARTESIAN_POINT('Ctrl Pts',(-13.4653631652813,19.9297161378814,-0.170000000000003));
#9631=CARTESIAN_POINT('Ctrl Pts',(-13.9318243632899,19.919239282311,-0.170000000000004));
#9632=CARTESIAN_POINT('Ctrl Pts',(-14.1653000901974,19.909050701692,-0.170000000000004));
#9633=CARTESIAN_POINT('Ctrl Pts',(-14.5152314305846,19.8790216385021,-0.170000000000003));
#9634=CARTESIAN_POINT('Ctrl Pts',(-14.6317463017895,19.8665632827467,-0.170000000000003));
#9635=CARTESIAN_POINT('Ctrl Pts',(-14.8644599061153,19.8360787211711,-0.170000000000003));
#9636=CARTESIAN_POINT('Ctrl Pts',(-14.9806569355014,19.8180520191081,-0.170000000000003));
#9637=CARTESIAN_POINT('Ctrl Pts',(-15.1546555790539,19.7863233876681,-0.170000000000003));
#9638=CARTESIAN_POINT('Ctrl Pts',(-15.2126055636342,19.7749656704086,-0.170000000000004));
#9639=CARTESIAN_POINT('Ctrl Pts',(-15.2994483097106,19.7566923019483,-0.170000000000003));
#9640=CARTESIAN_POINT('Ctrl Pts',(-15.3283821828262,19.7503950429502,-0.170000000000003));
#9641=CARTESIAN_POINT('Ctrl Pts',(-15.3862211391554,19.7373774599845,-0.17));
#9642=CARTESIAN_POINT('Ctrl Pts',(-15.4151262224939,19.7306571357834,-0.170000000000003));
#9643=CARTESIAN_POINT('Ctrl Pts',(-15.4729061883837,19.7167826092301,-0.170000000000003));
#9644=CARTESIAN_POINT('Ctrl Pts',(-15.5017790326309,19.7096289254123,-0.170000000000003));
#9645=CARTESIAN_POINT('Ctrl Pts',(-15.5595012226952,19.6948747751805,-0.170000000000003));
#9646=CARTESIAN_POINT('Ctrl Pts',(-15.58828368907,19.6872914573788,-0.170000000000003));
#9647=CARTESIAN_POINT('Ctrl Pts',(-15.6743403086223,19.6639289481655,-0.170000000000003));
#9648=CARTESIAN_POINT('Ctrl Pts',(-15.7313765893129,19.6475249383379,-0.170000000000003));
#9649=CARTESIAN_POINT('Ctrl Pts',(-15.8446991640921,19.6130492008735,-0.170000000000003));
#9650=CARTESIAN_POINT('Ctrl Pts',(-15.9009885460464,19.5949849135531,-0.170000000000003));
#9651=CARTESIAN_POINT('Ctrl Pts',(-16.0128418718763,19.5572012344873,-0.170000000000003));
#9652=CARTESIAN_POINT('Ctrl Pts',(-16.0684028656842,19.5374829459455,-0.170000000000003));
#9653=CARTESIAN_POINT('Ctrl Pts',(-16.2339881835945,19.4758516725036,-0.170000000000003));
#9654=CARTESIAN_POINT('Ctrl Pts',(-16.3429153755893,19.4314634431575,-0.170000000000003));
#9655=CARTESIAN_POINT('Ctrl Pts',(-16.5578263020888,19.3360711604057,-0.170000000000003));
#9656=CARTESIAN_POINT('Ctrl Pts',(-16.6638096335654,19.2850674546801,-0.170000000000003));
#9657=CARTESIAN_POINT('Ctrl Pts',(-16.8205513132145,19.2035580256716,-0.170000000000003));
#9658=CARTESIAN_POINT('Ctrl Pts',(-16.8724249190814,19.1755547801713,-0.170000000000003));
#9659=CARTESIAN_POINT('Ctrl Pts',(-16.9754236624425,19.1178672459497,-0.170000000000003));
#9660=CARTESIAN_POINT('Ctrl Pts',(-17.0265353006736,19.0881924226594,-0.170000000000005));
#9661=CARTESIAN_POINT('Ctrl Pts',(-17.1026699780503,19.0423850466494,-0.170000000000003));
#9662=CARTESIAN_POINT('Ctrl Pts',(-17.1279532905194,19.0268985037216,-0.170000000000004));
#9663=CARTESIAN_POINT('Ctrl Pts',(-17.1783192699352,18.9955009079113,-0.170000000000003));
#9664=CARTESIAN_POINT('Ctrl Pts',(-17.2034039780703,18.9795883970144,-0.170000000000003));
#9665=CARTESIAN_POINT('Ctrl Pts',(-17.2533778754055,18.9473366923415,-0.170000000000003));
#9666=CARTESIAN_POINT('Ctrl Pts',(-17.2782628209809,18.9310002935447,-0.170000000000003));
#9667=CARTESIAN_POINT('Ctrl Pts',(-17.327854828787,18.8978895422911,-0.170000000000003));
#9668=CARTESIAN_POINT('Ctrl Pts',(-17.3525318155375,18.8811348118454,-0.170000000000003));
#9669=CARTESIAN_POINT('Ctrl Pts',(-17.4260232604966,18.8304040240684,-0.170000000000003));
#9670=CARTESIAN_POINT('Ctrl Pts',(-17.4743787433483,18.7959110899065,-0.170000000000004));
#9671=CARTESIAN_POINT('Ctrl Pts',(-17.5698292257595,18.7256160410999,-0.170000000000003));
#9672=CARTESIAN_POINT('Ctrl Pts',(-17.6169268071764,18.6898125028397,-0.170000000000003));
#9673=CARTESIAN_POINT('Ctrl Pts',(-17.7563708011244,18.580459099332,-0.17));
#9674=CARTESIAN_POINT('Ctrl Pts',(-17.846873336437,18.504970201152,-0.170000000000004));
#9675=CARTESIAN_POINT('Ctrl Pts',(-17.9789800457645,18.3878661245201,-0.170000000000003));
#9676=CARTESIAN_POINT('Ctrl Pts',(-18.0224083878784,18.3481832212399,-0.170000000000003));
#9677=CARTESIAN_POINT('Ctrl Pts',(-18.0866301503036,18.2876806975026,-0.170000000000003));
#9678=CARTESIAN_POINT('Ctrl Pts',(-18.1078860567856,18.2673476857475,-0.170000000000003));
#9679=CARTESIAN_POINT('Ctrl Pts',(-18.1500850638411,18.2263570969171,-0.170000000000003));
#9680=CARTESIAN_POINT('Ctrl Pts',(-18.1710361458841,18.2056902264263,-0.170000000000003));
#9681=CARTESIAN_POINT('Ctrl Pts',(-18.2333894706701,18.1432302360974,-0.170000000000003));
#9682=CARTESIAN_POINT('Ctrl Pts',(-18.2743427629661,18.1009588374133,-0.170000000000003));
#9683=CARTESIAN_POINT('Ctrl Pts',(-18.355031277718,18.0151040581281,-0.170000000000003));
#9684=CARTESIAN_POINT('Ctrl Pts',(-18.3947620194471,17.9715271268032,-0.170000000000003));
#9685=CARTESIAN_POINT('Ctrl Pts',(-18.4729827426763,17.8830638587521,-0.170000000000003));
#9686=CARTESIAN_POINT('Ctrl Pts',(-18.5114721389178,17.838178399425,-0.170000000000003));
#9687=CARTESIAN_POINT('Ctrl Pts',(-18.5682671639699,17.7698578934784,-0.170000000000003));
#9688=CARTESIAN_POINT('Ctrl Pts',(-18.5870408397761,17.7469212864494,-0.170000000000003));
#9689=CARTESIAN_POINT('Ctrl Pts',(-18.6242759233858,17.7007121781363,-0.170000000000003));
#9690=CARTESIAN_POINT('Ctrl Pts',(-18.6427321794121,17.6774483955623,-0.170000000000004));
#9691=CARTESIAN_POINT('Ctrl Pts',(-18.6793444338986,17.630559980441,-0.170000000000003));
#9692=CARTESIAN_POINT('Ctrl Pts',(-18.69748348476,17.6069525190817,-0.170000000000003));
#9693=CARTESIAN_POINT('Ctrl Pts',(-18.7334519345121,17.5593834707321,-0.170000000000003));
#9694=CARTESIAN_POINT('Ctrl Pts',(-18.7512546034007,17.5354561397642,-0.170000000000003));
#9695=CARTESIAN_POINT('Ctrl Pts',(-18.8040044829425,17.4634078225463,-0.170000000000003));
#9696=CARTESIAN_POINT('Ctrl Pts',(-18.8383504986157,17.4149504554913,-0.170000000000003));
#9697=CARTESIAN_POINT('Ctrl Pts',(-18.9054178488742,17.3172034018667,-0.170000000000003));
#9698=CARTESIAN_POINT('Ctrl Pts',(-18.9381424419201,17.2679092789109,-0.170000000000003));
#9699=CARTESIAN_POINT('Ctrl Pts',(-19.0019737970561,17.1684793992967,-0.170000000000003));
#9700=CARTESIAN_POINT('Ctrl Pts',(-19.033088780548,17.1183245054102,-0.170000000000004));
#9701=CARTESIAN_POINT('Ctrl Pts',(-19.093658483261,17.0172053734162,-0.17));
#9702=CARTESIAN_POINT('Ctrl Pts',(-19.1231367279584,16.9662370055022,-0.170000000000004));
#9703=CARTESIAN_POINT('Ctrl Pts',(-19.1804820728536,16.8634553471718,-0.170000000000003));
#9704=CARTESIAN_POINT('Ctrl Pts',(-19.2083478464998,16.8116466539183,-0.170000000000003));
#9705=CARTESIAN_POINT('Ctrl Pts',(-19.2895160821213,16.6549677030747,-0.17));
#9706=CARTESIAN_POINT('Ctrl Pts',(-19.3403892767179,16.5488445158946,-0.170000000000003));
#9707=CARTESIAN_POINT('Ctrl Pts',(-19.4118099960213,16.3871586987159,-0.170000000000003));
#9708=CARTESIAN_POINT('Ctrl Pts',(-19.4348020943881,16.3328466159107,-0.17));
#9709=CARTESIAN_POINT('Ctrl Pts',(-19.4791521120614,16.2233898512391,-0.170000000000004));
#9710=CARTESIAN_POINT('Ctrl Pts',(-19.5005100292345,16.1682451730271,-0.170000000000003));
#9711=CARTESIAN_POINT('Ctrl Pts',(-19.5313181176959,16.0849045547533,-0.170000000000003));
#9712=CARTESIAN_POINT('Ctrl Pts',(-19.5413826853588,16.0570204159622,-0.170000000000004));
#9713=CARTESIAN_POINT('Ctrl Pts',(-19.5611017408575,16.001044418568,-0.17));
#9714=CARTESIAN_POINT('Ctrl Pts',(-19.5707562286362,15.9729525600876,-0.170000000000004));
#9715=CARTESIAN_POINT('Ctrl Pts',(-19.5896546576545,15.9165612710686,-0.170000000000003));
#9716=CARTESIAN_POINT('Ctrl Pts',(-19.5988967093752,15.8882684083736,-0.17));
#9717=CARTESIAN_POINT('Ctrl Pts',(-19.6169773809318,15.8314489877865,-0.170000000000003));
#9718=CARTESIAN_POINT('Ctrl Pts',(-19.6258010354263,15.8029741737488,-0.170000000000003));
#9719=CARTESIAN_POINT('Ctrl Pts',(-19.6515699856828,15.7175037594251,-0.170000000000003));
#9720=CARTESIAN_POINT('Ctrl Pts',(-19.6678191609351,15.6604424448708,-0.17));
#9721=CARTESIAN_POINT('Ctrl Pts',(-19.6985679641515,15.5461635495407,-0.170000000000003));
#9722=CARTESIAN_POINT('Ctrl Pts',(-19.7130670883576,15.4889449907546,-0.17));
#9723=CARTESIAN_POINT('Ctrl Pts',(-19.7403941223542,15.374347368842,-0.170000000000004));
#9724=CARTESIAN_POINT('Ctrl Pts',(-19.7532220316846,15.3169660102213,-0.170000000000003));
#9725=CARTESIAN_POINT('Ctrl Pts',(-19.7772589484236,15.2020474410202,-0.170000000000003));
#9726=CARTESIAN_POINT('Ctrl Pts',(-19.7884683453241,15.1444883266814,-0.170000000000003));
#9727=CARTESIAN_POINT('Ctrl Pts',(-19.8092977643774,15.0292688680565,-0.170000000000003));
#9728=CARTESIAN_POINT('Ctrl Pts',(-19.818935524726,14.9716028500846,-0.170000000000003));
#9729=CARTESIAN_POINT('Ctrl Pts',(-19.8367464463656,14.8561525441101,-0.170000000000003));
#9730=CARTESIAN_POINT('Ctrl Pts',(-19.8449203469134,14.7983713652942,-0.170000000000003));
#9731=CARTESIAN_POINT('Ctrl Pts',(-19.859899053352,14.6827093402566,-0.170000000000003));
#9732=CARTESIAN_POINT('Ctrl Pts',(-19.8667038686308,14.6248298833549,-0.170000000000003));
#9733=CARTESIAN_POINT('Ctrl Pts',(-19.8790386365239,14.5089775682576,-0.170000000000003));
#9734=CARTESIAN_POINT('Ctrl Pts',(-19.8845691117322,14.4510157141783,-0.170000000000003));
#9735=CARTESIAN_POINT('Ctrl Pts',(-19.8993866496059,14.2769645926996,-0.170000000000003));
#9736=CARTESIAN_POINT('Ctrl Pts',(-19.9068446409226,14.1608164016391,-0.170000000000004));
#9737=CARTESIAN_POINT('Ctrl Pts',(-19.9181253196865,13.9284783540987,-0.170000000000003));
#9738=CARTESIAN_POINT('Ctrl Pts',(-19.9219462913656,13.8122790701292,-0.170000000000003));
#9739=CARTESIAN_POINT('Ctrl Pts',(-19.9297223638806,13.4637804189942,-0.170000000000003));
#9740=CARTESIAN_POINT('Ctrl Pts',(-19.9299974979801,13.2315783426107,-0.170000000000003));
#9741=CARTESIAN_POINT('Ctrl Pts',(-19.93,13.,-0.170000000000003));
#9742=CARTESIAN_POINT('',(-13.,19.93,-0.170000000000003));
#9743=CARTESIAN_POINT('Origin',(19.83,-18.1924310442813,-0.07));
#9744=CARTESIAN_POINT('',(19.83,13.,-0.07));
#9745=CARTESIAN_POINT('Origin',(18.1842585658653,19.83,-0.07));
#9746=CARTESIAN_POINT('',(13.,19.93,-0.170000000000003));
#9747=CARTESIAN_POINT('Ctrl Pts',(19.83,13.,-0.07));
#9748=CARTESIAN_POINT('Ctrl Pts',(19.8299982305404,13.2322805934958,-0.07));
#9749=CARTESIAN_POINT('Ctrl Pts',(19.8297094421923,13.4645354057462,-0.07));
#9750=CARTESIAN_POINT('Ctrl Pts',(19.8192963970736,13.9281615674756,-0.07));
#9751=CARTESIAN_POINT('Ctrl Pts',(19.8091784902505,14.1595334872807,-0.07));
#9752=CARTESIAN_POINT('Ctrl Pts',(19.7795070468768,14.5052894030885,-0.07));
#9753=CARTESIAN_POINT('Ctrl Pts',(19.7672051196905,14.6203247688681,-0.07));
#9754=CARTESIAN_POINT('Ctrl Pts',(19.7371311093223,14.8499041481981,-0.07));
#9755=CARTESIAN_POINT('Ctrl Pts',(19.7193587205399,14.9644481342938,-0.07));
#9756=CARTESIAN_POINT('Ctrl Pts',(19.6881033797989,15.1358512134911,-0.07));
#9757=CARTESIAN_POINT('Ctrl Pts',(19.6769187400066,15.192916750582,-0.07));
#9758=CARTESIAN_POINT('Ctrl Pts',(19.6589301262489,15.2784062203937,-0.07));
#9759=CARTESIAN_POINT('Ctrl Pts',(19.6527319755491,15.3068845706883,-0.07));
#9760=CARTESIAN_POINT('Ctrl Pts',(19.6399213347743,15.3638040535858,-0.07));
#9761=CARTESIAN_POINT('Ctrl Pts',(19.6333088447897,15.3922451861969,-0.07));
#9762=CARTESIAN_POINT('Ctrl Pts',(19.6196590433892,15.4490892921853,-0.07));
#9763=CARTESIAN_POINT('Ctrl Pts',(19.6126222421524,15.4774902609308,-0.07));
#9764=CARTESIAN_POINT('Ctrl Pts',(19.5981112597407,15.5342611129637,-0.07));
#9765=CARTESIAN_POINT('Ctrl Pts',(19.5906539623676,15.5625651631039,-0.07));
#9766=CARTESIAN_POINT('Ctrl Pts',(19.5676826862718,15.6471806386826,-0.07));
#9767=CARTESIAN_POINT('Ctrl Pts',(19.5515586108083,15.7032430415431,-0.07));
#9768=CARTESIAN_POINT('Ctrl Pts',(19.5176740883985,15.8146222889379,-0.07));
#9769=CARTESIAN_POINT('Ctrl Pts',(19.499918880616,15.8699485278373,-0.07));
#9770=CARTESIAN_POINT('Ctrl Pts',(19.4627858494181,15.9798757010851,-0.07));
#9771=CARTESIAN_POINT('Ctrl Pts',(19.4434082025208,16.0344767143359,-0.07));
#9772=CARTESIAN_POINT('Ctrl Pts',(19.3828446820942,16.1971932918933,-0.07));
#9773=CARTESIAN_POINT('Ctrl Pts',(19.3392294262022,16.3042229292228,-0.07));
#9774=CARTESIAN_POINT('Ctrl Pts',(19.2455038400562,16.5153789242038,-0.07));
#9775=CARTESIAN_POINT('Ctrl Pts',(19.1953935977049,16.6195053211434,-0.07));
#9776=CARTESIAN_POINT('Ctrl Pts',(19.1153136959906,16.7734981320282,-0.07));
#9777=CARTESIAN_POINT('Ctrl Pts',(19.0878010622419,16.8244628293998,-0.07));
#9778=CARTESIAN_POINT('Ctrl Pts',(19.03112562684,16.9256546038056,-0.07));
#9779=CARTESIAN_POINT('Ctrl Pts',(19.0019638654595,16.9758821458342,-0.07));
#9780=CARTESIAN_POINT('Ctrl Pts',(18.9569702635575,17.0506642834187,-0.07));
#9781=CARTESIAN_POINT('Ctrl Pts',(18.9417599147311,17.0754966839746,-0.07));
#9782=CARTESIAN_POINT('Ctrl Pts',(18.9109170608568,17.1249727824657,-0.07));
#9783=CARTESIAN_POINT('Ctrl Pts',(18.8952843774807,17.1496164006867,-0.07));
#9784=CARTESIAN_POINT('Ctrl Pts',(18.8635974385521,17.1987151955703,-0.07));
#9785=CARTESIAN_POINT('Ctrl Pts',(18.847545929291,17.2231662026201,-0.07));
#9786=CARTESIAN_POINT('Ctrl Pts',(18.8150104980778,17.2718965182711,-0.07));
#9787=CARTESIAN_POINT('Ctrl Pts',(18.7985458560702,17.2961462756415,-0.07));
#9788=CARTESIAN_POINT('Ctrl Pts',(18.7486907552366,17.3683691512773,-0.07));
#9789=CARTESIAN_POINT('Ctrl Pts',(18.7147897195717,17.4158949834062,-0.07));
#9790=CARTESIAN_POINT('Ctrl Pts',(18.6456965386685,17.5097135029928,-0.0700000000000008));
#9791=CARTESIAN_POINT('Ctrl Pts',(18.6105029945639,17.5560087339745,-0.07));
#9792=CARTESIAN_POINT('Ctrl Pts',(18.5030104472093,17.6930798133558,-0.0699999999999987));
#9793=CARTESIAN_POINT('Ctrl Pts',(18.4288037445991,17.7820450492187,-0.0700000000000022));
#9794=CARTESIAN_POINT('Ctrl Pts',(18.3137013230075,17.9118935370718,-0.0700000000000008));
#9795=CARTESIAN_POINT('Ctrl Pts',(18.274700577641,17.9545753233757,-0.070000000000002));
#9796=CARTESIAN_POINT('Ctrl Pts',(18.2152418158832,18.0176890956618,-0.07));
#9797=CARTESIAN_POINT('Ctrl Pts',(18.1952624390185,18.0385753621789,-0.07));
#9798=CARTESIAN_POINT('Ctrl Pts',(18.1549823231804,18.0800428879068,-0.0699999999999992));
#9799=CARTESIAN_POINT('Ctrl Pts',(18.1346809260676,18.1006235224666,-0.0699999999999985));
#9800=CARTESIAN_POINT('Ctrl Pts',(18.0732931653934,18.1619064667179,-0.0699999999999989));
#9801=CARTESIAN_POINT('Ctrl Pts',(18.0317391020606,18.2021648788415,-0.07));
#9802=CARTESIAN_POINT('Ctrl Pts',(17.947355290423,18.2814709404655,-0.07));
#9803=CARTESIAN_POINT('Ctrl Pts',(17.9045265245452,18.3205195223836,-0.07));
#9804=CARTESIAN_POINT('Ctrl Pts',(17.8175831757236,18.3973963071235,-0.07));
#9805=CARTESIAN_POINT('Ctrl Pts',(17.7734686511169,18.4352245653136,-0.07));
#9806=CARTESIAN_POINT('Ctrl Pts',(17.7063231897368,18.4910428304968,-0.07));
#9807=CARTESIAN_POINT('Ctrl Pts',(17.6837792579242,18.5094950577302,-0.07));
#9808=CARTESIAN_POINT('Ctrl Pts',(17.638364980852,18.5460897106272,-0.07));
#9809=CARTESIAN_POINT('Ctrl Pts',(17.6154955794333,18.5642330320936,-0.0700000000000011));
#9810=CARTESIAN_POINT('Ctrl Pts',(17.5694260932883,18.600205820908,-0.0700000000000014));
#9811=CARTESIAN_POINT('Ctrl Pts',(17.5462283767363,18.6180300719374,-0.07));
#9812=CARTESIAN_POINT('Ctrl Pts',(17.4994826611305,18.6533759739647,-0.07));
#9813=CARTESIAN_POINT('Ctrl Pts',(17.4759680577627,18.6708715743985,-0.07));
#9814=CARTESIAN_POINT('Ctrl Pts',(17.4051601714497,18.7227132763137,-0.0699999999999979));
#9815=CARTESIAN_POINT('Ctrl Pts',(17.3575339709028,18.7564701855911,-0.0699999999999987));
#9816=CARTESIAN_POINT('Ctrl Pts',(17.2614674147434,18.8223844931336,-0.0700000000000012));
#9817=CARTESIAN_POINT('Ctrl Pts',(17.2130243425662,18.8545441094509,-0.069999999999999));
#9818=CARTESIAN_POINT('Ctrl Pts',(17.1153186891085,18.917268421113,-0.0700000000000023));
#9819=CARTESIAN_POINT('Ctrl Pts',(17.0660548519832,18.9478306723155,-0.069999999999999));
#9820=CARTESIAN_POINT('Ctrl Pts',(16.9666993177885,19.0073440015254,-0.0700000000000009));
#9821=CARTESIAN_POINT('Ctrl Pts',(16.9166156006563,19.0363106099034,-0.070000000000001));
#9822=CARTESIAN_POINT('Ctrl Pts',(16.815630940361,19.0926533490328,-0.07));
#9823=CARTESIAN_POINT('Ctrl Pts',(16.7647305461581,19.120030548138,-0.07));
#9824=CARTESIAN_POINT('Ctrl Pts',(16.6108021883042,19.1997738284343,-0.07));
#9825=CARTESIAN_POINT('Ctrl Pts',(16.5065470267351,19.24975154848,-0.07));
#9826=CARTESIAN_POINT('Ctrl Pts',(16.3476983829891,19.3199190142515,-0.07));
#9827=CARTESIAN_POINT('Ctrl Pts',(16.2943378569475,19.3425083277117,-0.07));
#9828=CARTESIAN_POINT('Ctrl Pts',(16.1867929998781,19.3860836730489,-0.07));
#9829=CARTESIAN_POINT('Ctrl Pts',(16.1326086687285,19.4070697046892,-0.07));
#9830=CARTESIAN_POINT('Ctrl Pts',(16.0507129657919,19.4373436587931,-0.07));
#9831=CARTESIAN_POINT('Ctrl Pts',(16.023311197452,19.4472341285988,-0.07));
#9832=CARTESIAN_POINT('Ctrl Pts',(15.9683010383167,19.4666129415135,-0.07));
#9833=CARTESIAN_POINT('Ctrl Pts',(15.9406926475169,19.4761012846142,-0.07));
#9834=CARTESIAN_POINT('Ctrl Pts',(15.8852690251451,19.4946754192336,-0.07));
#9835=CARTESIAN_POINT('Ctrl Pts',(15.8574595408909,19.5037595670815,-0.0699999999999975));
#9836=CARTESIAN_POINT('Ctrl Pts',(15.8016105268005,19.5215314663982,-0.0700000000000025));
#9837=CARTESIAN_POINT('Ctrl Pts',(15.7736171912266,19.5302059088385,-0.07));
#9838=CARTESIAN_POINT('Ctrl Pts',(15.6896218368563,19.5555301007311,-0.07));
#9839=CARTESIAN_POINT('Ctrl Pts',(15.6335166417322,19.5715074028774,-0.07));
#9840=CARTESIAN_POINT('Ctrl Pts',(15.5211240154876,19.6017486689562,-0.07));
#9841=CARTESIAN_POINT('Ctrl Pts',(15.4648327117045,19.6160130530853,-0.07));
#9842=CARTESIAN_POINT('Ctrl Pts',(15.3520682896353,19.6429029395431,-0.07));
#9843=CARTESIAN_POINT('Ctrl Pts',(15.2955951277313,19.6555280486781,-0.07));
#9844=CARTESIAN_POINT('Ctrl Pts',(15.182472515156,19.6791891942919,-0.07));
#9845=CARTESIAN_POINT('Ctrl Pts',(15.1258226813626,19.6902217771697,-0.07));
#9846=CARTESIAN_POINT('Ctrl Pts',(15.0123508746986,19.710735276189,-0.07));
#9847=CARTESIAN_POINT('Ctrl Pts',(14.9555306577497,19.7202320197789,-0.07));
#9848=CARTESIAN_POINT('Ctrl Pts',(14.8417307854086,19.7377883239031,-0.07));
#9849=CARTESIAN_POINT('Ctrl Pts',(14.7847512678007,19.7458491263085,-0.07));
#9850=CARTESIAN_POINT('Ctrl Pts',(14.6706431171947,19.7606266001574,-0.07));
#9851=CARTESIAN_POINT('Ctrl Pts',(14.613514497775,19.7673433939965,-0.0700000000000008));
#9852=CARTESIAN_POINT('Ctrl Pts',(14.4991181666302,19.7795231991258,-0.0699999999999991));
#9853=CARTESIAN_POINT('Ctrl Pts',(14.4418506126008,19.7849876318157,-0.07));
#9854=CARTESIAN_POINT('Ctrl Pts',(14.2698537390116,19.7996303015533,-0.069999999999999));
#9855=CARTESIAN_POINT('Ctrl Pts',(14.1549252118011,19.807012873944,-0.07));
#9856=CARTESIAN_POINT('Ctrl Pts',(13.9246703765516,19.8181924097275,-0.07));
#9857=CARTESIAN_POINT('Ctrl Pts',(13.8093437982683,19.8219869369831,-0.07));
#9858=CARTESIAN_POINT('Ctrl Pts',(13.4629586077206,19.8297157279602,-0.07));
#9859=CARTESIAN_POINT('Ctrl Pts',(13.231494953421,19.8299989296244,-0.07));
#9860=CARTESIAN_POINT('Ctrl Pts',(13.,19.83,-0.07));
#9861=CARTESIAN_POINT('Ctrl Pts',(19.93,13.,-0.170000000000003));
#9862=CARTESIAN_POINT('Ctrl Pts',(19.9299967811082,13.2323666994197,-0.170000000000003));
#9863=CARTESIAN_POINT('Ctrl Pts',(19.9297161378814,13.4653631652813,-0.170000000000003));
#9864=CARTESIAN_POINT('Ctrl Pts',(19.919239282311,13.9318243632898,-0.170000000000003));
#9865=CARTESIAN_POINT('Ctrl Pts',(19.909050701692,14.1653000901973,-0.170000000000003));
#9866=CARTESIAN_POINT('Ctrl Pts',(19.8790216385021,14.5152314305845,-0.170000000000003));
#9867=CARTESIAN_POINT('Ctrl Pts',(19.8665632827467,14.6317463017894,-0.170000000000003));
#9868=CARTESIAN_POINT('Ctrl Pts',(19.8360787211711,14.8644599061152,-0.170000000000003));
#9869=CARTESIAN_POINT('Ctrl Pts',(19.8180520191081,14.9806569355013,-0.170000000000003));
#9870=CARTESIAN_POINT('Ctrl Pts',(19.7863233876681,15.1546555790538,-0.170000000000003));
#9871=CARTESIAN_POINT('Ctrl Pts',(19.7749656704087,15.2126055636341,-0.170000000000003));
#9872=CARTESIAN_POINT('Ctrl Pts',(19.7566923019483,15.2994483097105,-0.170000000000003));
#9873=CARTESIAN_POINT('Ctrl Pts',(19.7503950429503,15.3283821828261,-0.170000000000003));
#9874=CARTESIAN_POINT('Ctrl Pts',(19.7373774599845,15.3862211391552,-0.170000000000003));
#9875=CARTESIAN_POINT('Ctrl Pts',(19.7306571357834,15.4151262224938,-0.170000000000003));
#9876=CARTESIAN_POINT('Ctrl Pts',(19.7167826092301,15.4729061883835,-0.170000000000003));
#9877=CARTESIAN_POINT('Ctrl Pts',(19.7096289254123,15.5017790326308,-0.170000000000004));
#9878=CARTESIAN_POINT('Ctrl Pts',(19.6948747751805,15.5595012226951,-0.170000000000004));
#9879=CARTESIAN_POINT('Ctrl Pts',(19.6872914573788,15.5882836890699,-0.170000000000003));
#9880=CARTESIAN_POINT('Ctrl Pts',(19.6639289481656,15.6743403086222,-0.170000000000003));
#9881=CARTESIAN_POINT('Ctrl Pts',(19.6475249383379,15.7313765893127,-0.170000000000003));
#9882=CARTESIAN_POINT('Ctrl Pts',(19.6130492008736,15.8446991640919,-0.170000000000004));
#9883=CARTESIAN_POINT('Ctrl Pts',(19.5949849135531,15.9009885460462,-0.170000000000003));
#9884=CARTESIAN_POINT('Ctrl Pts',(19.5572012344873,16.0128418718762,-0.170000000000003));
#9885=CARTESIAN_POINT('Ctrl Pts',(19.5374829459456,16.0684028656841,-0.170000000000003));
#9886=CARTESIAN_POINT('Ctrl Pts',(19.4758516725037,16.2339881835943,-0.170000000000003));
#9887=CARTESIAN_POINT('Ctrl Pts',(19.4314634431576,16.3429153755892,-0.170000000000003));
#9888=CARTESIAN_POINT('Ctrl Pts',(19.3360711604057,16.5578263020887,-0.170000000000003));
#9889=CARTESIAN_POINT('Ctrl Pts',(19.2850674546801,16.6638096335653,-0.170000000000003));
#9890=CARTESIAN_POINT('Ctrl Pts',(19.2035580256716,16.8205513132143,-0.170000000000003));
#9891=CARTESIAN_POINT('Ctrl Pts',(19.1755547801713,16.8724249190813,-0.170000000000003));
#9892=CARTESIAN_POINT('Ctrl Pts',(19.1178672459497,16.9754236624424,-0.170000000000003));
#9893=CARTESIAN_POINT('Ctrl Pts',(19.0881924226594,17.0265353006735,-0.170000000000003));
#9894=CARTESIAN_POINT('Ctrl Pts',(19.0423850466495,17.1026699780502,-0.170000000000003));
#9895=CARTESIAN_POINT('Ctrl Pts',(19.0268985037217,17.1279532905192,-0.170000000000003));
#9896=CARTESIAN_POINT('Ctrl Pts',(18.9955009079113,17.178319269935,-0.170000000000003));
#9897=CARTESIAN_POINT('Ctrl Pts',(18.9795883970145,17.2034039780701,-0.170000000000003));
#9898=CARTESIAN_POINT('Ctrl Pts',(18.9473366923416,17.2533778754053,-0.170000000000003));
#9899=CARTESIAN_POINT('Ctrl Pts',(18.9310002935448,17.2782628209807,-0.170000000000003));
#9900=CARTESIAN_POINT('Ctrl Pts',(18.8978895422912,17.3278548287869,-0.170000000000003));
#9901=CARTESIAN_POINT('Ctrl Pts',(18.8811348118455,17.3525318155373,-0.170000000000003));
#9902=CARTESIAN_POINT('Ctrl Pts',(18.8304040240684,17.4260232604965,-0.170000000000004));
#9903=CARTESIAN_POINT('Ctrl Pts',(18.7959110899065,17.4743787433481,-0.170000000000003));
#9904=CARTESIAN_POINT('Ctrl Pts',(18.7256160411,17.5698292257594,-0.170000000000004));
#9905=CARTESIAN_POINT('Ctrl Pts',(18.6898125028397,17.6169268071763,-0.170000000000004));
#9906=CARTESIAN_POINT('Ctrl Pts',(18.580459099332,17.7563708011242,-0.17));
#9907=CARTESIAN_POINT('Ctrl Pts',(18.504970201152,17.8468733364369,-0.170000000000005));
#9908=CARTESIAN_POINT('Ctrl Pts',(18.3878661245202,17.9789800457643,-0.170000000000004));
#9909=CARTESIAN_POINT('Ctrl Pts',(18.3481832212399,18.0224083878782,-0.170000000000004));
#9910=CARTESIAN_POINT('Ctrl Pts',(18.2876806975026,18.0866301503034,-0.170000000000003));
#9911=CARTESIAN_POINT('Ctrl Pts',(18.2673476857476,18.1078860567854,-0.170000000000004));
#9912=CARTESIAN_POINT('Ctrl Pts',(18.2263570969172,18.150085063841,-0.170000000000003));
#9913=CARTESIAN_POINT('Ctrl Pts',(18.2056902264264,18.171036145884,-0.17));
#9914=CARTESIAN_POINT('Ctrl Pts',(18.1432302360975,18.2333894706699,-0.17));
#9915=CARTESIAN_POINT('Ctrl Pts',(18.1009588374134,18.274342762966,-0.170000000000003));
#9916=CARTESIAN_POINT('Ctrl Pts',(18.0151040581282,18.3550312777179,-0.170000000000003));
#9917=CARTESIAN_POINT('Ctrl Pts',(17.9715271268033,18.3947620194469,-0.170000000000003));
#9918=CARTESIAN_POINT('Ctrl Pts',(17.8830638587521,18.4729827426761,-0.170000000000003));
#9919=CARTESIAN_POINT('Ctrl Pts',(17.8381783994251,18.5114721389177,-0.170000000000003));
#9920=CARTESIAN_POINT('Ctrl Pts',(17.7698578934785,18.5682671639698,-0.170000000000003));
#9921=CARTESIAN_POINT('Ctrl Pts',(17.7469212864494,18.5870408397758,-0.170000000000003));
#9922=CARTESIAN_POINT('Ctrl Pts',(17.7007121781364,18.6242759233856,-0.170000000000004));
#9923=CARTESIAN_POINT('Ctrl Pts',(17.6774483955624,18.6427321794119,-0.170000000000004));
#9924=CARTESIAN_POINT('Ctrl Pts',(17.6305599804411,18.6793444338985,-0.170000000000004));
#9925=CARTESIAN_POINT('Ctrl Pts',(17.6069525190818,18.6974834847598,-0.170000000000003));
#9926=CARTESIAN_POINT('Ctrl Pts',(17.5593834707322,18.7334519345119,-0.170000000000003));
#9927=CARTESIAN_POINT('Ctrl Pts',(17.5354561397642,18.7512546034006,-0.170000000000003));
#9928=CARTESIAN_POINT('Ctrl Pts',(17.4634078225463,18.8040044829424,-0.17));
#9929=CARTESIAN_POINT('Ctrl Pts',(17.4149504554914,18.8383504986156,-0.17));
#9930=CARTESIAN_POINT('Ctrl Pts',(17.3172034018668,18.9054178488741,-0.170000000000004));
#9931=CARTESIAN_POINT('Ctrl Pts',(17.267909278911,18.93814244192,-0.17));
#9932=CARTESIAN_POINT('Ctrl Pts',(17.1684793992968,19.0019737970559,-0.170000000000005));
#9933=CARTESIAN_POINT('Ctrl Pts',(17.1183245054103,19.0330887805479,-0.17));
#9934=CARTESIAN_POINT('Ctrl Pts',(17.0172053734162,19.0936584832609,-0.170000000000004));
#9935=CARTESIAN_POINT('Ctrl Pts',(16.9662370055023,19.1231367279582,-0.170000000000004));
#9936=CARTESIAN_POINT('Ctrl Pts',(16.8634553471719,19.1804820728535,-0.170000000000003));
#9937=CARTESIAN_POINT('Ctrl Pts',(16.8116466539184,19.2083478464997,-0.170000000000003));
#9938=CARTESIAN_POINT('Ctrl Pts',(16.6549677030747,19.2895160821212,-0.170000000000003));
#9939=CARTESIAN_POINT('Ctrl Pts',(16.5488445158947,19.3403892767179,-0.170000000000003));
#9940=CARTESIAN_POINT('Ctrl Pts',(16.387158698716,19.4118099960211,-0.170000000000003));
#9941=CARTESIAN_POINT('Ctrl Pts',(16.3328466159108,19.434802094388,-0.170000000000003));
#9942=CARTESIAN_POINT('Ctrl Pts',(16.2233898512393,19.4791521120613,-0.170000000000003));
#9943=CARTESIAN_POINT('Ctrl Pts',(16.1682451730272,19.5005100292343,-0.170000000000003));
#9944=CARTESIAN_POINT('Ctrl Pts',(16.0849045547534,19.5313181176957,-0.170000000000003));
#9945=CARTESIAN_POINT('Ctrl Pts',(16.0570204159623,19.5413826853586,-0.170000000000003));
#9946=CARTESIAN_POINT('Ctrl Pts',(16.0010444185681,19.5611017408574,-0.170000000000003));
#9947=CARTESIAN_POINT('Ctrl Pts',(15.9729525600877,19.5707562286361,-0.170000000000003));
#9948=CARTESIAN_POINT('Ctrl Pts',(15.9165612710688,19.5896546576544,-0.170000000000003));
#9949=CARTESIAN_POINT('Ctrl Pts',(15.8882684083738,19.598896709375,-0.17));
#9950=CARTESIAN_POINT('Ctrl Pts',(15.8314489877868,19.6169773809317,-0.170000000000005));
#9951=CARTESIAN_POINT('Ctrl Pts',(15.8029741737489,19.6258010354262,-0.170000000000003));
#9952=CARTESIAN_POINT('Ctrl Pts',(15.7175037594252,19.6515699856827,-0.170000000000004));
#9953=CARTESIAN_POINT('Ctrl Pts',(15.660442444871,19.667819160935,-0.170000000000003));
#9954=CARTESIAN_POINT('Ctrl Pts',(15.5461635495409,19.6985679641514,-0.170000000000003));
#9955=CARTESIAN_POINT('Ctrl Pts',(15.4889449907547,19.7130670883574,-0.170000000000003));
#9956=CARTESIAN_POINT('Ctrl Pts',(15.3743473688422,19.7403941223541,-0.170000000000003));
#9957=CARTESIAN_POINT('Ctrl Pts',(15.3169660102214,19.7532220316845,-0.170000000000003));
#9958=CARTESIAN_POINT('Ctrl Pts',(15.2020474410203,19.7772589484235,-0.170000000000003));
#9959=CARTESIAN_POINT('Ctrl Pts',(15.1444883266815,19.7884683453241,-0.170000000000003));
#9960=CARTESIAN_POINT('Ctrl Pts',(15.0292688680566,19.8092977643773,-0.170000000000003));
#9961=CARTESIAN_POINT('Ctrl Pts',(14.9716028500846,19.8189355247259,-0.170000000000003));
#9962=CARTESIAN_POINT('Ctrl Pts',(14.8561525441102,19.8367464463656,-0.170000000000003));
#9963=CARTESIAN_POINT('Ctrl Pts',(14.7983713652943,19.8449203469134,-0.170000000000003));
#9964=CARTESIAN_POINT('Ctrl Pts',(14.6827093402567,19.859899053352,-0.170000000000003));
#9965=CARTESIAN_POINT('Ctrl Pts',(14.6248298833549,19.8667038686308,-0.170000000000004));
#9966=CARTESIAN_POINT('Ctrl Pts',(14.5089775682577,19.8790386365239,-0.170000000000003));
#9967=CARTESIAN_POINT('Ctrl Pts',(14.4510157141784,19.8845691117322,-0.170000000000003));
#9968=CARTESIAN_POINT('Ctrl Pts',(14.2769645926997,19.8993866496059,-0.170000000000003));
#9969=CARTESIAN_POINT('Ctrl Pts',(14.1608164016391,19.9068446409226,-0.170000000000003));
#9970=CARTESIAN_POINT('Ctrl Pts',(13.9284783540988,19.9181253196865,-0.170000000000003));
#9971=CARTESIAN_POINT('Ctrl Pts',(13.8122790701293,19.9219462913656,-0.170000000000003));
#9972=CARTESIAN_POINT('Ctrl Pts',(13.4637804189942,19.9297223638806,-0.170000000000003));
#9973=CARTESIAN_POINT('Ctrl Pts',(13.2315783426107,19.9299974979801,-0.170000000000003));
#9974=CARTESIAN_POINT('Ctrl Pts',(13.,19.93,-0.170000000000003));
#9975=CARTESIAN_POINT('Origin',(10.,8.67361737988404E-16,-17.5));
#9976=CARTESIAN_POINT('',(11.25,7.14280888094985E-16,-17.5));
#9977=CARTESIAN_POINT('Origin',(10.,8.67361737988404E-16,-17.5));
#9978=CARTESIAN_POINT('',(11.25,7.14280888094985E-16,-17.5));
#9979=CARTESIAN_POINT('Origin',(10.,8.67361737988404E-16,-17.5));
#9980=CARTESIAN_POINT('Origin',(-10.,8.67361737988404E-16,-17.5));
#9981=CARTESIAN_POINT('',(-8.75,7.14280888094985E-16,-17.5));
#9982=CARTESIAN_POINT('Origin',(-10.,8.67361737988404E-16,-17.5));
#9983=CARTESIAN_POINT('',(-8.75,7.14280888094985E-16,-17.5));
#9984=CARTESIAN_POINT('Origin',(-10.,8.67361737988404E-16,-17.5));
#9985=CARTESIAN_POINT('Origin',(6.23038612758008,6.23038612758008,6.23038612758008));
#9986=CARTESIAN_POINT('Origin',(-18.3862433862434,-10.,10.791345323741));
#9987=CARTESIAN_POINT('',(0.,0.,0.));
#9988=CARTESIAN_POINT('Origin',(-3.12676859574563E-14,0.,70.408569413369));
#9989=CARTESIAN_POINT('Origin',(-20.9620596205962,-10.,70.408569413369));
#9990=CARTESIAN_POINT('',(0.,0.,0.));
#9991=CARTESIAN_POINT('Origin',(0.,70.408569413369,0.));
#9992=CARTESIAN_POINT('Origin',(-20.9620596205962,-10.,70.408569413369));
#9993=CARTESIAN_POINT('',(0.,0.,0.));
#9994=CARTESIAN_POINT('Origin',(70.408569413369,0.,0.));
#9995=CARTESIAN_POINT('Origin',(-20.9620596205962,-10.,70.408569413369));
#9996=CARTESIAN_POINT('',(0.,0.,0.));
#9997=CARTESIAN_POINT('',(0.,0.,0.));
#9998=CARTESIAN_POINT('Origin',(-4.44089209850063E-15,-18.6369664634878,
32.8758305296247));
#9999=CARTESIAN_POINT('',(-42.,-29.,0.));
#10000=CARTESIAN_POINT('',(0.,0.,92.));
#10001=CARTESIAN_POINT('',(-42.,-29.,0.));
#10002=CARTESIAN_POINT('',(42.,-29.,0.));
#10003=CARTESIAN_POINT('',(42.,-29.,0.));
#10004=CARTESIAN_POINT('',(-42.,-29.,0.));
#10005=CARTESIAN_POINT('Origin',(25.5376880076999,7.64476528612375E-15,
36.0603024593241));
#10006=CARTESIAN_POINT('',(42.,-29.,0.));
#10007=CARTESIAN_POINT('',(0.,0.,92.));
#10008=CARTESIAN_POINT('',(42.,-29.,0.));
#10009=CARTESIAN_POINT('',(42.,29.,0.));
#10010=CARTESIAN_POINT('',(0.,0.,92.));
#10011=CARTESIAN_POINT('',(42.,-29.,0.));
#10012=CARTESIAN_POINT('Origin',(0.,18.6369664634879,32.8758305296248));
#10013=CARTESIAN_POINT('',(0.,0.,92.));
#10014=CARTESIAN_POINT('',(42.,29.,0.));
#10015=CARTESIAN_POINT('',(0.,0.,92.));
#10016=CARTESIAN_POINT('',(-42.,29.,0.));
#10017=CARTESIAN_POINT('',(42.,29.,0.));
#10018=CARTESIAN_POINT('',(0.,0.,92.));
#10019=CARTESIAN_POINT('Origin',(-25.5376880076999,7.7715611723761E-15,
36.060302459324));
#10020=CARTESIAN_POINT('',(0.,0.,92.));
#10021=CARTESIAN_POINT('',(-42.,29.,0.));
#10022=CARTESIAN_POINT('',(0.,0.,92.));
#10023=CARTESIAN_POINT('',(-42.,-29.,0.));
#10024=CARTESIAN_POINT('',(-42.,29.,0.));
#10025=CARTESIAN_POINT('',(-42.,-29.,0.));
#10026=CARTESIAN_POINT('Origin',(3.33066907387547E-15,6.66133814775094E-15,
0.));
#10027=CARTESIAN_POINT('',(42.,-29.,0.));
#10028=CARTESIAN_POINT('',(42.,29.,0.));
#10029=CARTESIAN_POINT('',(42.,-29.,0.));
#10030=CARTESIAN_POINT('',(-42.,29.,0.));
#10031=CARTESIAN_POINT('',(42.,29.,0.));
#10032=CARTESIAN_POINT('',(-42.,-29.,0.));
#10033=CARTESIAN_POINT('',(-42.,29.,0.));
#10034=CARTESIAN_POINT('',(-42.,-29.,0.));
#10035=CARTESIAN_POINT('Origin',(9.80776221726431,-9.80776221726431,9.80776221726431));
#10036=CARTESIAN_POINT('Origin',(-13.9055118110236,-10.,16.9875424688562));
#10037=CARTESIAN_POINT('',(0.,0.,0.));
#10038=CARTESIAN_POINT('Origin',(2.61331282407732E-14,0.,117.693146607172));
#10039=CARTESIAN_POINT('Origin',(-13.9055118110236,-10.,117.693146607172));
#10040=CARTESIAN_POINT('',(0.,0.,0.));
#10041=CARTESIAN_POINT('Origin',(0.,117.693146607172,0.));
#10042=CARTESIAN_POINT('Origin',(-13.9055118110236,-10.,117.693146607172));
#10043=CARTESIAN_POINT('',(0.,0.,0.));
#10044=CARTESIAN_POINT('Origin',(117.693146607172,0.,0.));
#10045=CARTESIAN_POINT('Origin',(-13.9055118110236,-10.,117.693146607172));
#10046=CARTESIAN_POINT('',(0.,0.,0.));
#10047=CARTESIAN_POINT('',(3.40912685589046E-16,23.,-6.50016377494423E-47));
#10048=CARTESIAN_POINT('',(8.99999999999999,111.23,1.78138059858669E-13));
#10049=CARTESIAN_POINT('',(-8.99999999999999,111.23,-4.49640324973188E-15));
#10050=CARTESIAN_POINT('',(0.,0.,0.));
#10051=CARTESIAN_POINT('Origin',(0.100000000000002,-1.19410587658955E-16,
0.));
#10052=CARTESIAN_POINT('',(0.100000000000002,-1.5,-1.83697019872103E-16));
#10053=CARTESIAN_POINT('',(0.100000000000002,-3.03107607531058E-16,1.5));
#10054=CARTESIAN_POINT('Origin',(0.100000000000002,-1.19410587658955E-16,
0.));
#10055=CARTESIAN_POINT('',(2.27248775352962E-15,-3.17791026291081E-16,1.6));
#10056=CARTESIAN_POINT('Origin',(0.100000000000002,-3.15354075522532E-16,
1.6));
#10057=CARTESIAN_POINT('Origin',(2.27248775352962E-15,-1.21847538427505E-16,
0.));
#10058=CARTESIAN_POINT('Origin',(0.100000000000002,-1.19410587658955E-16,
0.));
#10059=CARTESIAN_POINT('Origin',(3.,-4.87390153710019E-17,0.));
#10060=CARTESIAN_POINT('',(5.693275,1.5,1.83697019872103E-16));
#10061=CARTESIAN_POINT('',(5.693275,-1.5,-1.83697019872103E-16));
#10062=CARTESIAN_POINT('Origin',(5.693275,1.6894770440666E-17,0.));
#10063=CARTESIAN_POINT('Origin',(5.693275,1.6894770440666E-17,0.));
#10064=CARTESIAN_POINT('',(3.,-1.5,-1.83697019872103E-16));
#10065=CARTESIAN_POINT('Origin',(2.22044604925031E-15,2.175,0.));
#10066=CARTESIAN_POINT('',(2.35922392732846E-15,-2.85,-3.49024337756996E-16));
#10067=CARTESIAN_POINT('Origin',(2.22044604925031E-15,-1.21847538427505E-16,
0.));
#10068=CARTESIAN_POINT('Origin',(5.8466375,2.06321390630837E-17,0.));
#10069=CARTESIAN_POINT('',(6.,1.193275,-1.46134040925256E-16));
#10070=CARTESIAN_POINT('',(5.8466375,1.3466375,-1.64915530398679E-16));
#10071=CARTESIAN_POINT('Origin',(6.,2.43695076855013E-17,0.));
#10072=CARTESIAN_POINT('Origin',(6.,0.749999999999999,0.));
#10073=CARTESIAN_POINT('Ctrl Pts',(-1.65,4.39115951533098E-16,1.425));
#10074=CARTESIAN_POINT('Ctrl Pts',(-1.65,-1.42499999999999,1.425));
#10075=CARTESIAN_POINT('Ctrl Pts',(-1.65,-1.42499999999999,1.20200293092503E-14));
#10076=CARTESIAN_POINT('Ctrl Pts',(-1.65,-1.42499999999999,-1.42499999999998));
#10077=CARTESIAN_POINT('Ctrl Pts',(-1.65,4.39115951533098E-16,-1.42499999999998));
#10078=CARTESIAN_POINT('Ctrl Pts',(-1.65,1.42499999999999,-1.42499999999998));
#10079=CARTESIAN_POINT('Ctrl Pts',(-1.65,1.42499999999999,1.20200293092503E-14));
#10080=CARTESIAN_POINT('Ctrl Pts',(-1.65,1.42499999999999,1.425));
#10081=CARTESIAN_POINT('Ctrl Pts',(-1.65,4.39115951533098E-16,1.425));
#10082=CARTESIAN_POINT('Ctrl Pts',(-1.65,4.39115951533098E-16,2.85000000000001));
#10083=CARTESIAN_POINT('Ctrl Pts',(-1.65,-2.85,2.85000000000001));
#10084=CARTESIAN_POINT('Ctrl Pts',(-1.65,-2.85,1.20200293092503E-14));
#10085=CARTESIAN_POINT('Ctrl Pts',(-1.65000000000001,-2.85,-2.84999999999999));
#10086=CARTESIAN_POINT('Ctrl Pts',(-1.65000000000001,4.39115951533098E-16,
-2.84999999999999));
#10087=CARTESIAN_POINT('Ctrl Pts',(-1.65000000000001,2.85,-2.84999999999999));
#10088=CARTESIAN_POINT('Ctrl Pts',(-1.65,2.85,1.20200293092503E-14));
#10089=CARTESIAN_POINT('Ctrl Pts',(-1.65,2.85,2.85000000000001));
#10090=CARTESIAN_POINT('Ctrl Pts',(-1.65,4.39115951533098E-16,2.85000000000001));
#10091=CARTESIAN_POINT('Ctrl Pts',(-0.224999999999989,6.4618449480136E-16,
2.85000000000001));
#10092=CARTESIAN_POINT('Ctrl Pts',(-0.224999999999988,-2.85,2.85000000000001));
#10093=CARTESIAN_POINT('Ctrl Pts',(-0.224999999999992,-2.85,1.02695629777827E-14));
#10094=CARTESIAN_POINT('Ctrl Pts',(-0.224999999999995,-2.85,-2.84999999999999));
#10095=CARTESIAN_POINT('Ctrl Pts',(-0.224999999999996,6.4618449480136E-16,
-2.84999999999999));
#10096=CARTESIAN_POINT('Ctrl Pts',(-0.224999999999996,2.85,-2.84999999999999));
#10097=CARTESIAN_POINT('Ctrl Pts',(-0.224999999999993,2.85,1.02695629777827E-14));
#10098=CARTESIAN_POINT('Ctrl Pts',(-0.224999999999989,2.85,2.85000000000001));
#10099=CARTESIAN_POINT('Ctrl Pts',(-0.224999999999989,6.4618449480136E-16,
2.85000000000001));
#10100=CARTESIAN_POINT('',(-1.65,-3.3656939498708E-16,1.425));
#10101=CARTESIAN_POINT('Origin',(-1.65,-1.62057226108582E-16,0.));
#10102=CARTESIAN_POINT('',(-0.224999999999996,2.97160157044365E-16,2.85));
#10103=CARTESIAN_POINT('Origin',(-0.224999999999989,4.71672325922864E-16,
1.425));
#10104=CARTESIAN_POINT('',(-0.224999999999996,-2.85,-3.49024337756996E-16));
#10105=CARTESIAN_POINT('Origin',(-0.224999999999996,-1.27330677656743E-16,
0.));
#10106=CARTESIAN_POINT('Origin',(-0.224999999999996,-1.27330677656743E-16,
0.));
#10107=CARTESIAN_POINT('Origin',(-1.65,2.00235026918963,0.));
#10108=CARTESIAN_POINT('',(-1.65,1.,-0.577350269189626));
#10109=CARTESIAN_POINT('',(-1.65,1.,0.577350269189625));
#10110=CARTESIAN_POINT('',(-1.65,1.,0.288675134594812));
#10111=CARTESIAN_POINT('',(-1.65,-2.06471942785942E-17,1.15470053837925));
#10112=CARTESIAN_POINT('',(-1.65,0.25,1.01036297108184));
#10113=CARTESIAN_POINT('',(-1.65,-1.,0.577350269189626));
#10114=CARTESIAN_POINT('',(-1.65,-0.75,0.721687836487032));
#10115=CARTESIAN_POINT('',(-1.65,-1.,-0.577350269189625));
#10116=CARTESIAN_POINT('',(-1.65,-1.,-0.288675134594813));
#10117=CARTESIAN_POINT('',(-1.65,-3.01315169668864E-16,-1.15470053837925));
#10118=CARTESIAN_POINT('',(-1.65,-0.25,-1.01036297108184));
#10119=CARTESIAN_POINT('',(-1.65,0.75,-0.721687836487032));
#10120=CARTESIAN_POINT('Origin',(-0.824999999999997,-1.41952382268043E-16,
0.));
#10121=CARTESIAN_POINT('',(-0.824999999999997,-2.85,-3.49024337756996E-16));
#10122=CARTESIAN_POINT('Origin',(-1.65,-3.01315169668864E-16,-1.15470053837925));
#10123=CARTESIAN_POINT('',(-0.609999999999996,-1.82822529124296E-16,-1.15470053837925));
#10124=CARTESIAN_POINT('',(-0.609999999999996,-1.,-0.577350269189625));
#10125=CARTESIAN_POINT('Ctrl Pts',(-0.609999999999996,-5.04033851692991E-16,
-1.15470053837925));
#10126=CARTESIAN_POINT('Ctrl Pts',(-0.443333333333329,-0.5,-0.866025403784438));
#10127=CARTESIAN_POINT('Ctrl Pts',(-0.609999999999996,-1.,-0.577350269189625));
#10128=CARTESIAN_POINT('',(-1.13,-2.08166817117217E-16,-1.15470053837925));
#10129=CARTESIAN_POINT('',(-1.13,-1.,-0.577350269189625));
#10130=CARTESIAN_POINT('Origin',(-1.65,1.,-0.577350269189626));
#10131=CARTESIAN_POINT('',(-0.609999999999996,1.,-0.577350269189626));
#10132=CARTESIAN_POINT('Ctrl Pts',(-0.609999999999996,1.,-0.577350269189626));
#10133=CARTESIAN_POINT('Ctrl Pts',(-0.443333333333329,0.5,-0.866025403784438));
#10134=CARTESIAN_POINT('Ctrl Pts',(-0.609999999999996,-7.12200668810208E-16,
-1.15470053837925));
#10135=CARTESIAN_POINT('',(-1.13,1.,-0.577350269189626));
#10136=CARTESIAN_POINT('Origin',(-1.65,1.,0.577350269189625));
#10137=CARTESIAN_POINT('',(-0.609999999999996,1.,0.577350269189625));
#10138=CARTESIAN_POINT('Ctrl Pts',(-0.609999999999996,1.,0.577350269189625));
#10139=CARTESIAN_POINT('Ctrl Pts',(-0.443333333333329,1.,-5.55111512312578E-16));
#10140=CARTESIAN_POINT('Ctrl Pts',(-0.609999999999996,1.,-0.577350269189626));
#10141=CARTESIAN_POINT('',(-1.13,1.,0.577350269189625));
#10142=CARTESIAN_POINT('Origin',(-1.65,-4.02096876810767E-17,1.15470053837925));
#10143=CARTESIAN_POINT('',(-0.609999999999996,-2.52211468163368E-16,1.15470053837925));
#10144=CARTESIAN_POINT('Ctrl Pts',(-0.609999999999996,-2.26478095536701E-16,
1.15470053837925));
#10145=CARTESIAN_POINT('Ctrl Pts',(-0.443333333333329,0.5,0.866025403784438));
#10146=CARTESIAN_POINT('Ctrl Pts',(-0.609999999999996,1.,0.577350269189625));
#10147=CARTESIAN_POINT('',(-1.13,-2.77555756156289E-16,1.15470053837925));
#10148=CARTESIAN_POINT('Origin',(-1.65,-1.,-0.577350269189625));
#10149=CARTESIAN_POINT('',(-0.520683602522954,-1.,2.56416340115612E-16));
#10150=CARTESIAN_POINT('Ctrl Pts',(-0.609999999999994,-1.,-0.577350269189624));
#10151=CARTESIAN_POINT('Ctrl Pts',(-0.520683602522954,-1.,-0.267949192431122));
#10152=CARTESIAN_POINT('Ctrl Pts',(-0.520683602522954,-1.,3.90368000316489E-16));
#10153=CARTESIAN_POINT('',(-0.609999999999996,-1.,0.577350269189626));
#10154=CARTESIAN_POINT('',(-1.13,-1.,0.577350269189626));
#10155=CARTESIAN_POINT('Ctrl Pts',(-0.520683602522954,-1.,3.90368000316489E-16));
#10156=CARTESIAN_POINT('Ctrl Pts',(-0.520683602522954,-1.,0.267949192431122));
#10157=CARTESIAN_POINT('Ctrl Pts',(-0.609999999999994,-1.,0.577350269189624));
#10158=CARTESIAN_POINT('Origin',(-1.65,-1.,0.577350269189626));
#10159=CARTESIAN_POINT('Ctrl Pts',(-0.609999999999996,-1.,0.577350269189626));
#10160=CARTESIAN_POINT('Ctrl Pts',(-0.443333333333329,-0.500000000000001,
0.866025403784438));
#10161=CARTESIAN_POINT('Ctrl Pts',(-0.609999999999996,3.98022355814949E-16,
1.15470053837925));
#10162=CARTESIAN_POINT('Origin',(-0.276666666666663,-1.2858976888716E-16,
0.));
#10163=CARTESIAN_POINT('',(0.0566666666666704,-1.2046659965866E-16,0.));
#10164=CARTESIAN_POINT('',(-0.276666666666663,-0.577350269189626,7.07050159149938E-17));
#10165=CARTESIAN_POINT('Origin',(445.864954830243,-279.985179303738,115.362867079916));
#10166=CARTESIAN_POINT('Origin',(-167.979914365593,-123.226141560162,521.386088004657));
#10167=CARTESIAN_POINT('',(0.,0.,0.));
#10168=CARTESIAN_POINT('',(5.6498016142049E-14,-40.5,32.));
#10169=CARTESIAN_POINT('',(6.25686447927002E-14,-84.3075183342992,13.5771517568524));
#10170=CARTESIAN_POINT('',(-8.99999999999994,-42.,38.5));
#10171=CARTESIAN_POINT('',(9.00000000000006,-42.,38.5));
#10172=CARTESIAN_POINT('',(3.82073101412789E-14,-76.046817917963,19.961572531797));
#10173=CARTESIAN_POINT('',(4.21960599638001E-14,-94.7184264479071,12.794213540891));
#10174=CARTESIAN_POINT('Origin',(0.,0.,0.));
#10175=CARTESIAN_POINT('Origin',(0.,0.,0.));
#10176=CARTESIAN_POINT('Origin',(0.,0.,0.));
#10177=CARTESIAN_POINT('Origin',(0.,0.,0.));
#10178=CARTESIAN_POINT('Origin',(0.,0.,0.));
#10179=CARTESIAN_POINT('Origin',(0.,0.,0.));
#10180=CARTESIAN_POINT('Origin',(0.,0.,0.));
#10181=CARTESIAN_POINT('Origin',(0.,0.,0.));
#10182=CARTESIAN_POINT('Origin',(0.,0.,0.));
#10183=CARTESIAN_POINT('Origin',(0.,0.,0.));
#10184=CARTESIAN_POINT('Origin',(0.,0.,0.));
#10185=CARTESIAN_POINT('Origin',(0.,0.,0.));
#10186=CARTESIAN_POINT('Origin',(0.,0.,0.));
#10187=CARTESIAN_POINT('Origin',(0.,0.,0.));
#10188=CARTESIAN_POINT('Origin',(0.,0.,0.));
#10189=CARTESIAN_POINT('Origin',(0.,0.,0.));
#10190=CARTESIAN_POINT('Origin',(0.,0.,0.));
#10191=CARTESIAN_POINT('Origin',(0.,0.,0.));
#10192=UNCERTAINTY_MEASURE_WITH_UNIT(LENGTH_MEASURE(0.01),#10206,
'DISTANCE_ACCURACY_VALUE',
'Maximum model space distance between geometric entities at asserted c
onnectivities');
#10193=UNCERTAINTY_MEASURE_WITH_UNIT(LENGTH_MEASURE(0.01),#10206,
'DISTANCE_ACCURACY_VALUE',
'Maximum model space distance between geometric entities at asserted c
onnectivities');
#10194=UNCERTAINTY_MEASURE_WITH_UNIT(LENGTH_MEASURE(0.01),#10206,
'DISTANCE_ACCURACY_VALUE',
'Maximum model space distance between geometric entities at asserted c
onnectivities');
#10195=UNCERTAINTY_MEASURE_WITH_UNIT(LENGTH_MEASURE(0.01),#10206,
'DISTANCE_ACCURACY_VALUE',
'Maximum model space distance between geometric entities at asserted c
onnectivities');
#10196=UNCERTAINTY_MEASURE_WITH_UNIT(LENGTH_MEASURE(0.01),#10206,
'DISTANCE_ACCURACY_VALUE',
'Maximum model space distance between geometric entities at asserted c
onnectivities');
#10197=UNCERTAINTY_MEASURE_WITH_UNIT(LENGTH_MEASURE(0.01),#10206,
'DISTANCE_ACCURACY_VALUE',
'Maximum model space distance between geometric entities at asserted c
onnectivities');
#10198=UNCERTAINTY_MEASURE_WITH_UNIT(LENGTH_MEASURE(0.01),#10206,
'DISTANCE_ACCURACY_VALUE',
'Maximum model space distance between geometric entities at asserted c
onnectivities');
#10199=(
GEOMETRIC_REPRESENTATION_CONTEXT(3)
GLOBAL_UNCERTAINTY_ASSIGNED_CONTEXT((#10192))
GLOBAL_UNIT_ASSIGNED_CONTEXT((#10206,#10208,#10209))
REPRESENTATION_CONTEXT('','3D')
);
#10200=(
GEOMETRIC_REPRESENTATION_CONTEXT(3)
GLOBAL_UNCERTAINTY_ASSIGNED_CONTEXT((#10193))
GLOBAL_UNIT_ASSIGNED_CONTEXT((#10206,#10208,#10209))
REPRESENTATION_CONTEXT('','3D')
);
#10201=(
GEOMETRIC_REPRESENTATION_CONTEXT(3)
GLOBAL_UNCERTAINTY_ASSIGNED_CONTEXT((#10194))
GLOBAL_UNIT_ASSIGNED_CONTEXT((#10206,#10208,#10209))
REPRESENTATION_CONTEXT('','3D')
);
#10202=(
GEOMETRIC_REPRESENTATION_CONTEXT(3)
GLOBAL_UNCERTAINTY_ASSIGNED_CONTEXT((#10195))
GLOBAL_UNIT_ASSIGNED_CONTEXT((#10206,#10208,#10209))
REPRESENTATION_CONTEXT('','3D')
);
#10203=(
GEOMETRIC_REPRESENTATION_CONTEXT(3)
GLOBAL_UNCERTAINTY_ASSIGNED_CONTEXT((#10196))
GLOBAL_UNIT_ASSIGNED_CONTEXT((#10206,#10208,#10209))
REPRESENTATION_CONTEXT('','3D')
);
#10204=(
GEOMETRIC_REPRESENTATION_CONTEXT(3)
GLOBAL_UNCERTAINTY_ASSIGNED_CONTEXT((#10197))
GLOBAL_UNIT_ASSIGNED_CONTEXT((#10206,#10208,#10209))
REPRESENTATION_CONTEXT('','3D')
);
#10205=(
GEOMETRIC_REPRESENTATION_CONTEXT(3)
GLOBAL_UNCERTAINTY_ASSIGNED_CONTEXT((#10198))
GLOBAL_UNIT_ASSIGNED_CONTEXT((#10206,#10208,#10209))
REPRESENTATION_CONTEXT('','3D')
);
#10206=(
LENGTH_UNIT()
NAMED_UNIT(*)
SI_UNIT(.MILLI.,.METRE.)
);
#10207=(
LENGTH_UNIT()
NAMED_UNIT(*)
SI_UNIT(.CENTI.,.METRE.)
);
#10208=(
NAMED_UNIT(*)
PLANE_ANGLE_UNIT()
SI_UNIT($,.RADIAN.)
);
#10209=(
NAMED_UNIT(*)
SI_UNIT($,.STERADIAN.)
SOLID_ANGLE_UNIT()
);
#10210=SHAPE_DEFINITION_REPRESENTATION(#10216,#10231);
#10211=SHAPE_DEFINITION_REPRESENTATION(#10217,#10232);
#10212=SHAPE_DEFINITION_REPRESENTATION(#10218,#10233);
#10213=SHAPE_DEFINITION_REPRESENTATION(#10219,#10234);
#10214=SHAPE_DEFINITION_REPRESENTATION(#10220,#10235);
#10215=SHAPE_DEFINITION_REPRESENTATION(#10224,#10236);
#10216=PRODUCT_DEFINITION_SHAPE('',$,#10239);
#10217=PRODUCT_DEFINITION_SHAPE('',$,#10240);
#10218=PRODUCT_DEFINITION_SHAPE('',$,#10241);
#10219=PRODUCT_DEFINITION_SHAPE('',$,#10242);
#10220=PRODUCT_DEFINITION_SHAPE('',$,#10243);
#10221=PRODUCT_DEFINITION_SHAPE($,$,#120);
#10222=PRODUCT_DEFINITION_SHAPE($,$,#121);
#10223=PRODUCT_DEFINITION_SHAPE($,$,#122);
#10224=PRODUCT_DEFINITION_SHAPE('',$,#10244);
#10225=PRODUCT_DEFINITION_SHAPE($,$,#123);
#10226=PRODUCT_DEFINITION_SHAPE($,$,#124);
#10227=PRODUCT_DEFINITION_SHAPE($,$,#125);
#10228=PRODUCT_DEFINITION_SHAPE($,$,#126);
#10229=PRODUCT_DEFINITION_SHAPE($,$,#127);
#10230=PRODUCT_DEFINITION_SHAPE($,$,#128);
#10231=SHAPE_REPRESENTATION('',(#3502,#3806,#3807,#3808,#3809,#3810,#3811),
#10199);
#10232=SHAPE_REPRESENTATION('',(#3503,#308),#10200);
#10233=SHAPE_REPRESENTATION('',(#3556,#3774,#3775,#3776),#10201);
#10234=SHAPE_REPRESENTATION('',(#3557,#309),#10202);
#10235=SHAPE_REPRESENTATION('',(#3760,#134,#135,#136,#137,#138),#10203);
#10236=SHAPE_REPRESENTATION('',(#3777,#310),#10204);
#10237=SHAPE_REPRESENTATION('\X2\B4F1AC01D22CC601\X0\',(#134,#135,#136,
#137,#138),#10203);
#10238=PRODUCT_DEFINITION_CONTEXT('part definition',#10258,'design');
#10239=PRODUCT_DEFINITION(
'\X2\CE74BA54B77CBE0CB77CCF13\X0\(\X2\B85CBD07\X0\1.1,1.2 & \X2\ACE0C18DADF8B9ACD37CC6A9\X0\)',
'\X2\CE74BA54B77CBE0CB77CCF13\X0\(\X2\B85CBD07\X0\1.1,1.2 & \X2\ACE0C18DADF8B9ACD37CC6A9\X0\)',
#10245,#10238);
#10240=PRODUCT_DEFINITION('\X2\CE74BA54B77CBE0CB77CCF13\X0\_\X2\ACE0C18DD615\X0\',
'\X2\CE74BA54B77CBE0CB77CCF13\X0\_\X2\ACE0C18DD615\X0\',#10246,#10238);
#10241=PRODUCT_DEFINITION('\X2\CE74BA54B77CBE0CB77CCF13\X0\_ASSY',
'D405',#10247,#10238);
#10242=PRODUCT_DEFINITION('D405_Solid','D405_Solid',#10248,#10238);
#10243=PRODUCT_DEFINITION('D405_FOV','D405_FOV',#10249,#10238);
#10244=PRODUCT_DEFINITION('SPMPBOL0045',
'\X2\B465ADFCBA38B9AC\X0\ \X2\B80CCE58BCFCD2B8\X0\ M3-L6, \X2\D751CC29C0C9\X0\',
#10250,#10238);
#10245=PRODUCT_DEFINITION_FORMATION('',$,#10260);
#10246=PRODUCT_DEFINITION_FORMATION('',$,#10261);
#10247=PRODUCT_DEFINITION_FORMATION('',$,#10262);
#10248=PRODUCT_DEFINITION_FORMATION('X1',$,#10263);
#10249=PRODUCT_DEFINITION_FORMATION('',$,#10264);
#10250=PRODUCT_DEFINITION_FORMATION('00',$,#10265);
#10251=PRODUCT_RELATED_PRODUCT_CATEGORY(
'\X2\CE74BA54B77CBE0CB77CCF13\X0\(\X2\B85CBD07\X0\1.1,1.2 & \X2\ACE0C18DADF8B9ACD37CC6A9\X0\)',
'\X2\CE74BA54B77CBE0CB77CCF13\X0\(\X2\B85CBD07\X0\1.1,1.2 & \X2\ACE0C18DADF8B9ACD37CC6A9\X0\)',
(#10260));
#10252=PRODUCT_RELATED_PRODUCT_CATEGORY('\X2\CE74BA54B77CBE0CB77CCF13\X0\_
\X2\ACE0C18DD615\X0\','\X2\CE74BA54B77CBE0CB77CCF13\X0\_\X2\ACE0C18DD615\X0\',
(#10261));
#10253=PRODUCT_RELATED_PRODUCT_CATEGORY('D405','D405',(#10262));
#10254=PRODUCT_RELATED_PRODUCT_CATEGORY('D405_Solid','D405_Solid',(#10263));
#10255=PRODUCT_RELATED_PRODUCT_CATEGORY('D405_FOV','D405_FOV',(#10264));
#10256=PRODUCT_RELATED_PRODUCT_CATEGORY(
'\X2\B465ADFCBA38B9AC\X0\ \X2\B80CCE58BCFCD2B8\X0\ M3-L6, \X2\D751CC29C0C9\X0\',
'\X2\B465ADFCBA38B9AC\X0\ \X2\B80CCE58BCFCD2B8\X0\ M3-L6, \X2\D751CC29C0C9\X0\',
(#10265));
#10257=APPLICATION_PROTOCOL_DEFINITION('international standard',
'ap242_managed_model_based_3d_engineering',2011,#10258);
#10258=APPLICATION_CONTEXT('Managed model based 3d engineering');
#10259=PRODUCT_CONTEXT('part definition',#10258,'mechanical');
#10260=PRODUCT('\X2\CE74BA54B77CBE0CB77CCF13\X0\(\X2\B85CBD07\X0\1.1,1.
2 & \X2\ACE0C18DADF8B9ACD37CC6A9\X0\)',
'\X2\CE74BA54B77CBE0CB77CCF13\X0\(\X2\B85CBD07\X0\1.1,1.2 & \X2\ACE0C18DADF8B9ACD37CC6A9\X0\)',
$,(#10259));
#10261=PRODUCT('\X2\CE74BA54B77CBE0CB77CCF13\X0\_\X2\ACE0C18DD615\X0\',
'\X2\CE74BA54B77CBE0CB77CCF13\X0\_\X2\ACE0C18DD615\X0\',$,(#10259));
#10262=PRODUCT('\X2\CE74BA54B77CBE0CB77CCF13\X0\_ASSY','D405',$,(#10259));
#10263=PRODUCT('D405_Solid','D405_Solid','Generic Part',(#10259));
#10264=PRODUCT('D405_FOV','D405_FOV',$,(#10259));
#10265=PRODUCT('SPMPBOL0045',
'\X2\B465ADFCBA38B9AC\X0\ \X2\B80CCE58BCFCD2B8\X0\ M3-L6, \X2\D751CC29C0C9\X0\',
'\X2\B465ADFCBA38B9AC\X0\ \X2\B80CCE58BCFCD2B8\X0\ M3-L5, \X2\B2C8CF08B3C4AE08\X0\',
(#10259));
ENDSEC;
END-ISO-10303-21;
